day,time,high,low,open,volumefrom,volumeto,close,conversionType,conversionSymbol,timestamp,daily return,zero_balance_addresses_all_time,unique_addresses_all_time,new_addresses,active_addresses,transaction_count,transaction_count_all_time,large_transaction_count,average_transaction_value,current_supply,daily excess return,volume,exclude_testing,exclude_training_and_testing,bm,size,illiq,capm beta,capm alpha,ivol,turnover,rvol,S Corwin Schultz,S Abdi Ranaldo,bid-ask,detrended turnover,standard deviation turnover,standard deviation volume,rel to high,max,volume shock 30,volume shock 60,r2_1,r7_2,r13_2,r22_2,r31_2,r30_14,r180_60,var_5
2018-02-03,1517616000,0.0,0.0,0.0,0.0,0.0,0.0,multiply,BTC,2018-02-03 01:00:00,,0,11,11,11,11,11,0,610255353.454545,6500000000.0,0.0,0.0,False,False,inf,0.0,,,,,,,,,,,,0.0,,0.0,,,,,,,,,,
2018-02-04,1517702400,0.0,0.0,0.0,0.0,0.0,0.0,multiply,BTC,2018-02-04 01:00:00,,0,14,3,5,6,17,0,6870833.33333333,6500000000.0,0.0,0.0,False,False,inf,0.0,,,,,0.0,,,,,1.1564067277568881,0.0,0.0,,0.0,,,,,,,,,,
2018-02-05,1517788800,0.0,0.0,0.0,0.0,0.0,0.0,multiply,BTC,2018-02-05 01:00:00,,0,17,3,5,3,20,0,675000.0,6500000000.0,0.0,0.0,False,False,inf,0.0,,,,,0.0,,,,,0.0,0.0,0.0,,0.0,,,,,,,,,,
2018-02-06,1517875200,0.0,0.0,0.0,0.0,0.0,0.0,multiply,BTC,2018-02-06 01:00:00,,0,18,1,2,1,21,0,1.0,6500000000.0,0.0,0.0,False,False,inf,0.0,,,,,0.0,,,,,-12.851665386906177,0.0,0.0,,0.0,,,,,,,,,,
2018-02-07,1517961600,0.0,0.0,0.0,0.0,0.0,0.0,multiply,BTC,2018-02-07 01:00:00,,0,19,1,3,2,23,0,87500.0,6500000000.0,0.0,0.0,False,False,inf,0.0,,,,,0.0,,,,,-48.02378209187071,0.0,0.0,,0.0,,,,,,,,,,
2018-02-08,1518048000,0.0,0.0,0.0,0.0,0.0,0.0,multiply,BTC,2018-02-08 01:00:00,,1,23,4,8,5,28,0,4769897.67701,6500000000.0,0.0,0.0,False,False,inf,0.0,,,,,0.0,,,,,-4.320928096439026,0.0,0.0,,0.0,,,,,,,,,,
2018-02-09,1518134400,0.0,0.0,0.0,0.0,0.0,0.0,multiply,BTC,2018-02-09 01:00:00,,1,26,3,4,4,32,0,115000.0,6500000000.0,0.0,0.0,False,False,inf,0.0,,,,,0.0,,,,,0.0,0.0,0.0,,0.0,,,,,,,,,,
2018-02-10,1518220800,0.0,0.0,0.0,0.0,0.0,0.0,multiply,BTC,2018-02-10 01:00:00,,1,38,12,14,17,49,0,7079264.70588235,6500000000.0,0.0,0.0,False,False,inf,0.0,,,,,0.0,,,,,2.5929473564882457,0.0,0.0,,0.0,,,,,,,,,,
2018-02-11,1518307200,0.0,0.0,0.0,0.0,0.0,0.0,multiply,BTC,2018-02-11 01:00:00,,1,66,28,33,41,90,0,818198.511240244,6500000000.0,0.0,0.0,False,False,inf,0.0,,,,,0.0,,,,,2.912115028014796,0.0,0.0,,0.0,,,,,,,,,,
2018-02-12,1518393600,0.0,0.0,0.0,0.0,0.0,0.0,multiply,BTC,2018-02-12 01:00:00,,2,71,5,11,9,99,0,728010.618633333,6500000000.0,0.0,0.0,False,False,inf,0.0,,,,,0.0,,,,,10.124568280782722,0.0,0.0,,0.0,,,,,,,,,,
2018-02-13,1518480000,0.0,0.0,0.0,0.0,0.0,0.0,multiply,BTC,2018-02-13 01:00:00,,1,73,2,8,7,106,0,845714.285714286,6500000000.0,0.0,0.0,False,False,inf,0.0,,,,,0.0,,,,,6.423104516438482,0.0,0.0,,0.0,,,,,,,,,,
2018-02-14,1518566400,0.0,0.0,0.0,0.0,0.0,0.0,multiply,BTC,2018-02-14 01:00:00,,1,75,2,5,3,109,0,487869.889439167,6500000000.0,0.0,0.0,False,False,inf,0.0,,,,,0.0,,,,,12.9647060425804,0.0,0.0,,0.0,,,,,,,,,,
2018-02-15,1518652800,0.0,0.0,0.0,0.0,0.0,0.0,multiply,BTC,2018-02-15 01:00:00,,13,12568,12493,12506,12516,12625,0,29.4216043464364,6499999999.99997,0.0,0.0,False,False,inf,0.0,,,,,0.0,,,,,1.0128660366335396,0.0,0.0,,0.0,,,,,,,,,,
2018-02-16,1518739200,0.0,0.0,0.0,0.0,0.0,0.0,multiply,BTC,2018-02-16 01:00:00,,21,12573,5,19,10,12635,0,12500.56,6499999999.99997,0.0,0.0,False,False,inf,0.0,,,,,0.0,,,,,-9.550776730594961,0.0,0.0,,0.0,,,,,,,,,,
2018-02-17,1518825600,0.0,0.0,0.0,0.0,0.0,0.0,multiply,BTC,2018-02-17 01:00:00,,26,12595,22,36,34,12669,0,31403.9287588235,6499999999.99997,0.0,0.0,False,False,inf,0.0,,,,,0.0,,,,,5.865343774201257,0.0,0.0,,0.0,,,,,,,,,,
2018-02-18,1518912000,0.0,0.0,0.0,0.0,0.0,0.0,multiply,BTC,2018-02-18 01:00:00,,29,18263,5668,6553,6558,19227,0,81.6505044411294,6499999999.99995,0.0,0.0,False,False,inf,0.0,,,,,0.0,,,,,-1.0788917659545518,0.0,0.0,,0.0,,,,,,,,,,
2018-02-19,1518998400,0.0,0.0,0.0,0.0,0.0,0.0,multiply,BTC,2018-02-19 01:00:00,,35,18279,16,31,24,19251,0,32834.1297708333,6499999999.99995,0.0,0.0,False,False,inf,0.0,,,,,0.0,,,,,-9.733993608046475,0.0,0.0,,0.0,,,,,,,,,,
2018-02-20,1519084800,0.0,0.0,0.0,0.0,0.0,0.0,multiply,BTC,2018-02-20 01:00:00,,39,18303,24,42,43,19294,0,60323.9395348837,6499999999.99995,0.0,0.0,False,False,inf,0.0,,,,,0.0,,,,,1.5191062851154555,0.0,0.0,,0.0,,,,,,,,,,
2018-02-21,1519171200,0.0,0.0,0.0,0.0,0.0,0.0,multiply,BTC,2018-02-21 01:00:00,,43,18320,17,32,26,19320,0,29006.4695307692,6499999999.99995,0.0,0.0,False,False,inf,0.0,,,,,0.0,,,,,-8.878126119998086,0.0,0.0,,0.0,,,,,,,,,,
2018-02-22,1519257600,0.0,0.0,0.0,0.0,0.0,0.0,multiply,BTC,2018-02-22 01:00:00,,45,18330,10,19,15,19335,0,79451.1333333333,6499999999.99995,0.0,0.0,False,False,inf,0.0,,,,,0.0,,,,,-16.702755925504363,0.0,0.0,,0.0,,,,,,,,,,
2018-02-23,1519344000,0.0,0.0,0.0,0.0,0.0,0.0,multiply,BTC,2018-02-23 01:00:00,,50,18337,7,18,10,19345,0,26227.78,6499999999.99995,0.0,0.0,False,False,inf,0.0,,,,,0.0,,,,,-10.258583555494113,0.0,0.0,,0.0,,,,,,,,,,
2018-02-24,1519430400,0.0,0.0,0.0,0.0,0.0,0.0,multiply,BTC,2018-02-24 01:00:00,,53,18355,18,28,25,19370,0,10113904.351224,6499999999.99994,0.0,0.0,False,False,inf,0.0,,,,,0.0,,,,,-2.0180744735274985,0.0,0.0,,0.0,,,,,,,,,,
2018-02-25,1519516800,0.0,0.0,0.0,0.0,0.0,0.0,multiply,BTC,2018-02-25 01:00:00,,55,18399,44,49,51,19421,0,116994.733333333,6499999999.99995,0.0,0.0,False,False,inf,0.0,,,,,0.0,,,,,4.096677901487055,0.0,0.0,,0.0,,,,,,,,,,
2018-02-26,1519603200,0.0,0.0,0.0,0.0,0.0,0.0,multiply,BTC,2018-02-26 01:00:00,,61,18462,63,75,82,19503,0,1099088.99728951,6499999999.99995,0.0,0.0,False,False,inf,0.0,,,,,0.0,,,,,13.95833143978657,0.0,0.0,,0.0,,,,,,,,,,
2018-02-27,1519689600,0.0,0.0,0.0,0.0,0.0,0.0,multiply,BTC,2018-02-27 01:00:00,,576,19244,782,813,1260,20763,0,498157.561032073,6499999999.99993,0.0,0.0,False,False,inf,0.0,,,,,0.0,,,,,0.8481736162907865,0.0,0.0,,0.0,,,,,,,,,,
2018-02-28,1519776000,0.0,0.0,0.0,0.0,0.0,0.0,multiply,BTC,2018-02-28 01:00:00,,585,19252,8,26,18,20781,0,187489.441666667,6499999999.99994,0.0,0.0,False,False,inf,0.0,,,,,0.0,,,,,4.303596700273868,0.0,0.0,,0.0,,,,,,,,,,
2018-03-01,1519862400,0.0,0.0,0.0,0.0,0.0,0.0,multiply,BTC,2018-03-01 01:00:00,,589,19264,12,27,19,20800,0,335407.115789484,6499999999.99993,0.0,0.0,False,False,inf,0.0,,,,,0.0,,,,,2.9305167019181653,0.0,0.0,,0.0,,,,,,,,,,
2018-03-02,1519948800,0.0,0.0,0.0,0.0,0.0,0.0,multiply,BTC,2018-03-02 01:00:00,,594,19270,6,21,13,20813,0,1041698.69230769,6499999999.99993,0.0,0.0,False,False,inf,0.0,,,,,0.0,,,,,6.007216089383139,0.0,0.0,,0.0,,,,,,,,,,
2018-03-03,1520035200,0.0,0.0,0.0,0.0,0.0,0.0,multiply,BTC,2018-03-03 01:00:00,,589,40327,21057,26599,26610,47423,0,74.0317173994738,6499999999.99987,0.0,0.0,False,False,inf,0.0,,,,,0.0,,,,,8.658292372747841,0.0,0.0,,0.0,,,,,,,,,,
2018-03-04,1520121600,0.0,0.0,0.0,0.0,0.0,0.0,multiply,BTC,2018-03-04 01:00:00,,627,46850,6523,6595,6581,54004,0,767.907065795473,6499999999.99984,0.0,0.0,False,False,inf,0.0,,,,,0.0,,,,,9.831745643726293,0.0,0.0,,0.0,,,,,,,,,,
2018-03-05,1520208000,0.0,0.0,0.0,0.0,0.0,0.0,multiply,BTC,2018-03-05 01:00:00,,641,46862,12,40,27,54031,0,1097410.37037037,6499999999.99985,0.0,0.0,False,False,inf,0.0,,0.0,0.0,0.0,0.0,0.0,,,,13.050508859858656,0.0,0.0,,0.0,,,,,,,,,,
2018-03-06,1520294400,0.0,0.0,0.0,0.0,0.0,0.0,multiply,BTC,2018-03-06 01:00:00,,658,46868,6,34,24,54055,0,3298.89166666667,6499999999.99985,0.0,0.0,False,False,inf,0.0,,0.0,0.0,0.0,0.0,0.0,,,,11.16782350088996,0.0,0.0,,0.0,,,,,,,,,,
2018-03-07,1520380800,0.0,0.0,0.0,0.0,0.0,0.0,multiply,BTC,2018-03-07 01:00:00,,706,46900,32,84,87,54142,0,1138384.08068966,6499999999.99984,0.0,0.0,False,False,inf,0.0,,0.0,0.0,0.0,0.0,0.0,,,,-0.5818328904012944,0.0,0.0,,0.0,,,,,,,,,,
2018-03-08,1520467200,0.0,0.0,0.0,0.0,0.0,0.0,multiply,BTC,2018-03-08 01:00:00,,800,46962,62,158,185,54327,0,170792.116191384,6499999999.99984,0.0,0.0,False,False,inf,0.0,,0.0,0.0,0.0,0.0,0.0,,,,-19.008583119952732,0.0,0.0,,0.0,,,,,,,,,,
2018-03-09,1520553600,0.0,0.0,0.0,0.0,0.0,0.0,multiply,BTC,2018-03-09 01:00:00,,853,47617,655,853,871,55198,0,41885.0226219162,6499999999.99984,0.0,0.0,False,False,inf,0.0,,0.0,0.0,0.0,0.0,0.0,,,,-6.983645780545338,0.0,0.0,,0.0,,,,,,,,,,
2018-03-10,1520640000,0.0,0.0,0.0,0.0,0.0,0.0,multiply,BTC,2018-03-10 01:00:00,,914,47661,44,133,115,55313,0,71820.3774979797,6499999999.99984,0.0,0.0,False,False,inf,0.0,,0.0,0.0,0.0,0.0,0.0,,,,-27.966210781166616,0.0,0.0,,0.0,,,,,,,,,,
2018-03-11,1520726400,0.0,0.0,0.0,0.0,0.0,0.0,multiply,BTC,2018-03-11 01:00:00,,952,47690,29,82,71,55384,0,118080.698918854,6499999999.99984,0.0,0.0,False,False,inf,0.0,,0.0,0.0,0.0,0.0,0.0,,,,4.540429190922389,0.0,0.0,,0.0,,,,,,,,,,
2018-03-12,1520812800,0.0,0.0,0.0,0.0,0.0,0.0,multiply,BTC,2018-03-12 01:00:00,,998,47728,38,96,96,55480,0,315487.976098776,6499999999.99984,0.0,0.0,False,False,inf,0.0,,0.0,0.0,0.0,0.0,0.0,,,,-6.6086238812888425,0.0,0.0,,0.0,,,,,,,,,,
2018-03-13,1520899200,0.0,0.0,0.0,0.0,0.0,0.0,multiply,BTC,2018-03-13 01:00:00,,1031,47742,14,69,60,55540,0,351812.95593528,6499999999.99984,0.0,0.0,False,False,inf,0.0,,0.0,0.0,0.0,0.0,0.0,,,,-5.589598073040129,0.0,0.0,,0.0,,,,,,,,,,
2018-03-14,1520985600,0.0,0.0,0.0,0.0,0.0,0.0,multiply,BTC,2018-03-14 01:00:00,,1081,47762,20,91,86,55626,0,226324.024276374,6499999999.99984,0.0,0.0,False,False,inf,0.0,,0.0,0.0,0.0,0.0,0.0,,,,-0.47341055386399233,0.0,0.0,,0.0,,,,,,,,,,
2018-03-15,1521072000,0.0,0.0,0.0,0.0,0.0,0.0,multiply,BTC,2018-03-15 01:00:00,,1164,47781,19,118,109,55735,0,12889.98447803,6499999999.99984,0.0,0.0,False,False,inf,0.0,,0.0,0.0,0.0,0.0,0.0,,,,-4.00703088652444,0.0,0.0,,0.0,,,,,,,,,,
2018-03-16,1521158400,0.0,0.0,0.0,0.0,0.0,0.0,multiply,BTC,2018-03-16 01:00:00,,1188,47791,10,40,33,55768,0,619195.107647304,6499999999.99984,0.0,0.0,False,False,inf,0.0,,0.0,0.0,0.0,0.0,0.0,,,,-10.83803926298421,0.0,0.0,,0.0,,,,,,,,,,
2018-03-17,1521244800,0.0,0.0,0.0,0.0,0.0,0.0,multiply,BTC,2018-03-17 01:00:00,,1210,47801,10,39,28,55796,0,173093.767857143,6499999999.99984,0.0,0.0,False,False,inf,0.0,,0.0,0.0,0.0,0.0,0.0,,,,2.797345526561358,0.0,0.0,,0.0,,,,,,,,,,
2018-03-18,1521331200,0.0,0.0,0.0,0.0,0.0,0.0,multiply,BTC,2018-03-18 01:00:00,,1225,47808,7,27,21,55817,0,229932.228571429,6499999999.99985,0.0,0.0,False,False,inf,0.0,,0.0,0.0,0.0,0.0,0.0,,,,8.099751838493251,0.0,0.0,,0.0,,,,,,,,,,
2018-03-19,1521417600,0.0,0.0,0.0,0.0,0.0,0.0,multiply,BTC,2018-03-19 01:00:00,,1242,47823,15,45,34,55851,0,34684.5338845562,6499999999.99984,0.0,0.0,False,False,inf,0.0,,0.0,0.0,0.0,0.0,0.0,,,,-15.45488907305316,0.0,0.0,,0.0,,,,,,,,,,
2018-03-20,1521504000,0.0,0.0,0.0,0.0,0.0,0.0,multiply,BTC,2018-03-20 01:00:00,,1327,47838,15,126,125,55976,0,588258.801200056,6499999999.99984,0.0,0.0,False,False,inf,0.0,,0.0,0.0,0.0,0.0,0.0,,,,-9.940901238738213,0.0,0.0,,0.0,,,,,,,,,,
2018-03-21,1521590400,0.0,0.0,0.0,0.0,0.0,0.0,multiply,BTC,2018-03-21 01:00:00,,1353,47849,11,59,54,56030,0,160743.298326964,6499999999.99984,0.0,0.0,False,False,inf,0.0,,0.0,0.0,0.0,0.0,0.0,,,,-0.9163940325892383,0.0,0.0,,0.0,,,,,,,,,,
2018-03-22,1521676800,0.0,0.0,0.0,0.0,0.0,0.0,multiply,BTC,2018-03-22 01:00:00,,1387,47864,15,55,45,56075,0,93604.2064383187,6499999999.99984,0.0,0.0,False,False,inf,0.0,,0.0,0.0,0.0,0.0,0.0,,,,4.936856764516701,0.0,0.0,,0.0,,,,,,,,,,
2018-03-23,1521763200,0.0,0.0,0.0,0.0,0.0,0.0,multiply,BTC,2018-03-23 01:00:00,,1396,47870,6,28,26,56101,0,224963.056871643,6499999999.99985,0.0,0.0,False,False,inf,0.0,,0.0,0.0,0.0,0.0,0.0,,,,4.10623605371574,0.0,0.0,,0.0,,,,,,,,,,
2018-03-24,1521849600,0.0,0.0,0.0,0.0,0.0,0.0,multiply,BTC,2018-03-24 01:00:00,,1441,47884,14,83,69,56170,0,21672.9420197211,6499999999.99984,0.0,0.0,False,False,inf,0.0,,0.0,0.0,0.0,0.0,0.0,,,,5.044860997557663,0.0,0.0,,0.0,,,,,,,,,,
2018-03-25,1521936000,0.0,0.0,0.0,0.0,0.0,0.0,multiply,BTC,2018-03-25 01:00:00,,1478,47898,14,69,53,56223,0,119597.869966826,6499999999.99984,0.0,0.0,False,False,inf,0.0,,0.0,0.0,0.0,0.0,0.0,,,,10.739591100612344,0.0,0.0,,0.0,,,,,,,,,,
2018-03-26,1522022400,0.0,0.0,0.0,0.0,0.0,0.0,multiply,BTC,2018-03-26 02:00:00,,1495,47909,11,34,23,56246,0,2376880.09565217,6499999999.99984,0.0,0.0,False,False,inf,0.0,,0.0,0.0,0.0,0.0,0.0,,,,14.74035432988607,0.0,0.0,,0.0,,,,,,,,,,
2018-03-27,1522108800,0.0,0.0,0.0,0.0,0.0,0.0,multiply,BTC,2018-03-27 02:00:00,,1516,47922,13,41,32,56278,0,20883.0772626327,6499999999.99984,0.0,0.0,False,False,inf,0.0,,0.0,0.0,0.0,0.0,0.0,,,,1.0580025881339026,0.0,0.0,,0.0,,,,,,,,,,
2018-03-28,1522195200,0.0,0.0,0.0,0.0,0.0,0.0,multiply,BTC,2018-03-28 02:00:00,,1526,47927,5,16,12,56290,0,11836.5158835192,6499999999.99985,0.0,0.0,False,False,inf,0.0,,0.0,0.0,0.0,0.0,0.0,,,,5.759590246248031,0.0,0.0,,0.0,,,,,,,,,,
2018-03-29,1522281600,0.0,0.0,0.0,0.0,0.0,0.0,multiply,BTC,2018-03-29 02:00:00,,1543,47939,12,41,32,56322,0,76532.9344946642,6499999999.99984,0.0,0.0,False,False,inf,0.0,,0.0,0.0,0.0,0.0,0.0,,,,13.616130826703206,0.0,0.0,,0.0,,,,,,,,,,
2018-03-30,1522368000,0.0,0.0,0.0,0.0,0.0,0.0,multiply,BTC,2018-03-30 02:00:00,,1566,47952,13,41,33,56355,0,135297.071273931,6499999999.99984,0.0,0.0,False,False,inf,0.0,,0.0,0.0,0.0,0.0,0.0,,,,-6.428537187939028,0.0,0.0,,0.0,,,,,,,,,,
2018-03-31,1522454400,0.0,0.0,0.0,0.0,0.0,0.0,multiply,BTC,2018-03-31 02:00:00,,1576,47961,9,26,17,56372,0,1258976.94870667,6499999999.99984,0.0,0.0,False,False,inf,0.0,,0.0,0.0,0.0,0.0,0.0,,,,-14.447125204384726,0.0,0.0,,0.0,,,,,,,,,,
2018-04-01,1522540800,0.0,0.0,0.0,0.0,0.0,0.0,multiply,BTC,2018-04-01 02:00:00,,1593,47970,9,28,21,56393,0,278089.085714286,6499999999.99984,0.0,0.0,False,False,inf,0.0,,0.0,0.0,0.0,0.0,0.0,,,,6.07934026106377,0.0,0.0,,0.0,,,,,,,,,,
2018-04-02,1522627200,0.0,0.0,0.0,0.0,0.0,0.0,multiply,BTC,2018-04-02 02:00:00,,1616,47985,15,39,40,56433,0,380090.653238635,6499999999.99985,0.0,0.0,False,False,inf,0.0,,0.0,0.0,0.0,0.0,0.0,,,,6.061441241776482,0.0,0.0,,0.0,,,,,,,,,,
2018-04-03,1522713600,0.0,0.0,0.0,0.0,0.0,0.0,multiply,BTC,2018-04-03 02:00:00,,1636,47993,8,35,31,56464,0,270161.641935484,6499999999.99984,0.0,0.0,False,False,inf,0.0,,0.0,0.0,0.0,0.0,0.0,,,,10.804216527844737,0.0,0.0,,0.0,,,,,,,,,,
2018-04-04,1522800000,0.0,0.0,0.0,0.0,0.0,0.0,multiply,BTC,2018-04-04 02:00:00,,1652,48001,8,29,22,56486,0,88110.3179737256,6499999999.99984,0.0,0.0,False,False,inf,0.0,,0.0,0.0,0.0,0.0,0.0,,,,5.612503179372503,0.0,0.0,,0.0,,,,,,,,,,
2018-04-05,1522886400,0.0,0.0,0.0,0.0,0.0,0.0,multiply,BTC,2018-04-05 02:00:00,,1664,48008,7,31,22,56508,0,7372.45760773999,6499999999.99985,0.0,0.0,False,False,inf,0.0,,0.0,0.0,0.0,0.0,0.0,,,,7.484809493519638,0.0,0.0,,0.0,,,,,,,,,,
2018-04-06,1522972800,0.0,0.0,0.0,0.0,0.0,0.0,multiply,BTC,2018-04-06 02:00:00,,1682,48011,3,29,19,56527,0,666.821052631579,6499999999.99984,0.0,0.0,False,False,inf,0.0,,0.0,0.0,0.0,0.0,0.0,,,,9.23961255957397,0.0,0.0,,0.0,,,,,,,,,,
2018-04-07,1523059200,0.0,0.0,0.0,0.0,0.0,0.0,multiply,BTC,2018-04-07 02:00:00,,1697,48020,9,34,25,56552,0,219303.2,6499999999.99984,0.0,0.0,False,False,inf,0.0,,0.0,0.0,0.0,0.0,0.0,,,,14.51615935058732,0.0,0.0,,0.0,,,,,,,,,,
2018-04-08,1523145600,0.0,0.0,0.0,0.0,0.0,0.0,multiply,BTC,2018-04-08 02:00:00,,1708,48027,7,28,19,56571,0,2295733.03210163,6499999999.99984,0.0,0.0,False,False,inf,0.0,,0.0,0.0,0.0,0.0,0.0,,,,15.79151737938983,0.0,0.0,,0.0,,,,,,,,,,
2018-04-09,1523232000,0.0,0.0,0.0,0.0,0.0,0.0,multiply,BTC,2018-04-09 02:00:00,,1752,48035,8,60,48,56619,0,11820.925,6499999999.99985,0.0,0.0,False,False,inf,0.0,,0.0,0.0,0.0,0.0,0.0,,,,19.95026062466377,0.0,0.0,,0.0,,,,,,,,,,
2018-04-10,1523318400,0.0,0.0,0.0,0.0,0.0,0.0,multiply,BTC,2018-04-10 02:00:00,,1778,48044,9,49,33,56652,0,13619.5965464386,6499999999.99985,0.0,0.0,False,False,inf,0.0,,0.0,0.0,0.0,0.0,0.0,,,,5.765179033067138,0.0,0.0,,0.0,,,,,,,,,,
2018-04-11,1523404800,0.0,0.0,0.0,0.0,0.0,0.0,multiply,BTC,2018-04-11 02:00:00,,1789,48053,9,29,20,56672,0,350014870.693026,9999998119.99976,0.0,0.0,False,False,inf,0.0,,0.0,0.0,0.0,0.0,0.0,,,,19.68732134821392,0.0,0.0,,0.0,,,,,,,,,,
2018-04-12,1523491200,0.0,0.0,0.0,0.0,0.0,0.0,multiply,BTC,2018-04-12 02:00:00,,1806,48062,9,40,27,56699,0,258335.164536649,9999998119.99976,0.0,0.0,False,False,inf,0.0,,0.0,0.0,0.0,0.0,0.0,,,,19.13263027487726,0.0,0.0,,0.0,,,,,,,,,,
2018-04-13,1523577600,0.0,0.0,0.0,0.0,0.0,0.0,multiply,BTC,2018-04-13 02:00:00,,1833,48089,27,80,83,56782,0,85767.400056252,9999998119.99975,0.0,0.0,False,False,inf,0.0,,0.0,0.0,0.0,0.0,0.0,,,,-14.723288419735468,0.0,0.0,,0.0,,,,,,,,,,
2018-04-14,1523664000,0.0,0.0,0.0,0.0,0.0,0.0,multiply,BTC,2018-04-14 02:00:00,,1848,48109,20,50,36,56818,0,1998371.91809727,9999998119.99976,0.0,0.0,False,False,inf,0.0,,0.0,0.0,0.0,0.0,0.0,,,,-2.5686547520380074,0.0,0.0,,0.0,,,,,,,,,,
2018-04-15,1523750400,0.0,0.0,0.0,0.0,0.0,0.0,multiply,BTC,2018-04-15 02:00:00,,1855,48114,5,20,14,56832,0,51162.3571428571,9999998119.99976,0.0,0.0,False,False,inf,0.0,,0.0,0.0,0.0,0.0,0.0,,,,16.575747063339726,0.0,0.0,,0.0,,,,,,,,,,
2018-04-16,1523836800,0.0,0.0,0.0,0.0,0.0,0.0,multiply,BTC,2018-04-16 02:00:00,,1868,48122,8,36,24,56856,0,26880.2931410165,9999998119.99976,0.0,0.0,False,False,inf,0.0,,0.0,0.0,0.0,0.0,0.0,,,,15.035518198549333,0.0,0.0,,0.0,,,,,,,,,,
2018-04-17,1523923200,0.0,0.0,0.0,0.0,0.0,0.0,multiply,BTC,2018-04-17 02:00:00,,1923,48216,94,182,164,57020,0,813896.682104496,9999998119.99975,0.0,0.0,False,False,inf,0.0,,0.0,0.0,0.0,0.0,0.0,,,,10.991997207259441,0.0,0.0,,0.0,,,,,,,,,,
2018-04-18,1524009600,0.0,0.0,0.0,0.0,0.0,0.0,multiply,BTC,2018-04-18 02:00:00,,1987,48275,59,160,148,57168,0,519626.271951545,9999998119.99975,0.0,0.0,False,False,inf,0.0,,0.0,0.0,0.0,0.0,0.0,,,,15.071319724693403,0.0,0.0,,0.0,,,,,,,,,,
2018-04-19,1524096000,0.0,0.0,0.0,0.0,0.0,0.0,multiply,BTC,2018-04-19 02:00:00,,1991,48288,13,38,23,57191,0,138601.196377102,9999998119.99976,0.0,0.0,False,False,inf,0.0,,0.0,0.0,0.0,0.0,0.0,,,,14.002419382307135,0.0,0.0,,0.0,,,,,,,,,,
2018-04-20,1524182400,0.0,0.0,0.0,0.0,0.0,0.0,multiply,BTC,2018-04-20 02:00:00,,2005,48301,13,45,31,57222,0,5677738.30175586,9999998119.99975,0.0,0.0,False,False,inf,0.0,,0.0,0.0,0.0,0.0,0.0,,,,13.401173204713348,0.0,0.0,,0.0,,,,,,,,,,
2018-04-21,1524268800,0.0,0.0,0.0,0.0,0.0,0.0,multiply,BTC,2018-04-21 02:00:00,,2024,48315,14,61,46,57268,0,559217.763137445,9999998119.99976,0.0,0.0,False,False,inf,0.0,,0.0,0.0,0.0,0.0,0.0,,,,1.4456595688794032,0.0,0.0,,0.0,,,,,,,,,,
2018-04-22,1524355200,0.0,0.0,0.0,0.0,0.0,0.0,multiply,BTC,2018-04-22 02:00:00,,2055,48357,42,103,89,57357,0,2813684.00505102,9999998119.99977,0.0,0.0,False,False,inf,0.0,,0.0,0.0,0.0,0.0,0.0,,,,7.15839891885954,0.0,0.0,,0.0,,,,,,,,,,
2018-04-23,1524441600,0.0,0.0,0.0,0.0,0.0,0.0,multiply,BTC,2018-04-23 02:00:00,,2077,48372,15,71,54,57411,0,659643.769243285,9999998119.99977,0.0,0.0,False,False,inf,0.0,,0.0,0.0,0.0,0.0,0.0,,,,13.524491284707668,0.0,0.0,,0.0,,,,,,,,,,
2018-04-24,1524528000,0.0,0.0,0.0,0.0,0.0,0.0,multiply,BTC,2018-04-24 02:00:00,,2107,48396,24,81,59,57470,0,5789140.32170092,9999998119.99975,0.0,0.0,False,False,inf,0.0,,0.0,0.0,0.0,0.0,0.0,,,,14.260155847521066,0.0,0.0,,0.0,,,,,,,,,,
2018-04-25,1524614400,0.0,0.0,0.0,0.0,0.0,0.0,multiply,BTC,2018-04-25 02:00:00,,2155,48409,13,86,67,57537,0,300133.075780316,9999998119.99975,0.0,0.0,False,False,inf,0.0,,0.0,0.0,0.0,0.0,0.0,,,,-7.6865110503562235,0.0,0.0,,0.0,,,,,,,,,,
2018-04-26,1524700800,0.0,0.0,0.0,0.0,0.0,0.0,multiply,BTC,2018-04-26 02:00:00,,2183,48421,12,63,42,57579,0,488904.092566349,9999998119.99975,0.0,0.0,False,False,inf,0.0,,0.0,0.0,0.0,0.0,0.0,,,,-18.74850476332347,0.0,0.0,,0.0,,,,,,,,,,
2018-04-27,1524787200,0.0,0.0,0.0,0.0,0.0,0.0,multiply,BTC,2018-04-27 02:00:00,,2203,48448,27,73,89,57668,0,223391.395409456,9999998119.99976,0.0,0.0,False,False,inf,0.0,,0.0,0.0,0.0,0.0,0.0,,,,1.2891556239241275,0.0,0.0,,0.0,,,,,,,,,,
2018-04-28,1524873600,0.0,0.0,0.0,0.0,0.0,0.0,multiply,BTC,2018-04-28 02:00:00,,2232,48476,28,86,115,57783,0,208387.974633221,9999998119.99975,0.0,0.0,False,False,inf,0.0,,0.0,0.0,0.0,0.0,0.0,,,,9.889109162634362,0.0,0.0,,0.0,,,,,,,,,,
2018-04-29,1524960000,0.0,0.0,0.0,0.0,0.0,0.0,multiply,BTC,2018-04-29 02:00:00,,2260,48494,18,65,49,57832,0,1157773.36111908,9999998119.99975,0.0,0.0,False,False,inf,0.0,,0.0,0.0,0.0,0.0,0.0,,,,8.590866002588907,0.0,0.0,,0.0,,,,,,,,,,
2018-04-30,1525046400,0.0,0.0,0.0,0.0,0.0,0.0,multiply,BTC,2018-04-30 02:00:00,,2268,48501,7,39,25,57857,0,222803.98469551,9999998119.99975,0.0,0.0,False,False,inf,0.0,,0.0,0.0,0.0,0.0,0.0,,,,11.899979813594062,0.0,0.0,,0.0,,,,,,,,,,
2018-05-01,1525132800,0.0,0.0,0.0,0.0,0.0,0.0,multiply,BTC,2018-05-01 02:00:00,,2284,48510,9,36,24,57881,0,35262.7381908061,9999998119.99982,0.0,0.0,False,False,inf,0.0,,0.0,0.0,0.0,0.0,0.0,,,,13.942539287416029,0.0,0.0,,0.0,,,,,,,,,,
2018-05-02,1525219200,0.0,0.0,0.0,0.0,0.0,0.0,multiply,BTC,2018-05-02 02:00:00,,2306,48521,11,52,35,57916,0,112030.856359853,9999998119.99982,0.0,0.0,False,False,inf,0.0,,0.0,0.0,0.0,0.0,0.0,,,,11.051099784612248,0.0,0.0,,0.0,,,,,,,,,,
2018-05-03,1525305600,0.0,0.0,0.0,0.0,0.0,0.0,multiply,BTC,2018-05-03 02:00:00,,2334,48541,20,68,58,57974,0,75175.4679342121,9999998119.99976,0.0,0.0,False,False,inf,0.0,,0.0,0.0,0.0,0.0,0.0,,,,14.382855936208713,0.0,0.0,,0.0,,,,,,,,,,0.0
2018-05-04,1525392000,0.0,0.0,0.0,0.0,0.0,0.0,multiply,BTC,2018-05-04 02:00:00,,2341,48548,7,24,20,57994,0,37630.4486475446,9999998119.99976,0.0,0.0,False,False,inf,0.0,,0.0,0.0,0.0,0.0,0.0,,,,4.266390064119399,0.0,0.0,,0.0,,,,,,,,,,0.0
2018-05-05,1525478400,0.0,0.0,0.0,0.0,0.0,0.0,multiply,BTC,2018-05-05 02:00:00,,2355,48558,10,32,23,58017,0,104232.923057799,9999998119.99976,0.0,0.0,False,False,inf,0.0,,0.0,0.0,0.0,0.0,0.0,,,,10.529274982050236,0.0,0.0,,0.0,,,,,,,,,,0.0
2018-05-06,1525564800,0.0,0.0,0.0,0.0,0.0,0.0,multiply,BTC,2018-05-06 02:00:00,,2364,48569,11,32,18,58035,0,74764.2183334956,9999998119.99975,0.0,0.0,False,False,inf,0.0,,0.0,0.0,0.0,0.0,0.0,,,,9.396707413047643,0.0,0.0,,0.0,,,,,,,,,,0.0
2018-05-07,1525651200,0.0,0.0,0.0,0.0,0.0,0.0,multiply,BTC,2018-05-07 02:00:00,,2376,48580,11,43,29,58064,0,195100.618718351,9999998119.99975,0.0,0.0,False,False,inf,0.0,,0.0,0.0,0.0,0.0,0.0,,,,11.696699342489445,0.0,0.0,,0.0,,,,,,,,,,0.0
2018-05-08,1525737600,0.0,0.0,0.0,0.0,0.0,0.0,multiply,BTC,2018-05-08 02:00:00,,2385,48594,14,41,29,58093,0,349424.306364266,9999998119.99976,0.0,0.0,False,False,inf,0.0,,0.0,0.0,0.0,0.0,0.0,,,,8.756809131693899,0.0,0.0,,0.0,,,,,,,,,,0.0
2018-05-09,1525824000,0.0,0.0,0.0,0.0,0.0,0.0,multiply,BTC,2018-05-09 02:00:00,,2432,48608,14,80,73,58166,0,305520.310167123,9999998119.99975,0.0,0.0,False,False,inf,0.0,,0.0,0.0,0.0,0.0,0.0,,,,10.556476344957556,0.0,0.0,,0.0,,,,,,,,,,0.0
2018-05-10,1525910400,0.0,0.0,0.0,0.0,0.0,0.0,multiply,BTC,2018-05-10 02:00:00,,2444,48615,7,31,21,58187,0,230294.901683576,9999998119.99975,0.0,0.0,False,False,inf,0.0,,0.0,0.0,0.0,0.0,0.0,,,,11.561737951102788,0.0,0.0,,0.0,,,,,,,,,,0.0
2018-05-11,1525996800,0.0,0.0,0.0,0.0,0.0,0.0,multiply,BTC,2018-05-11 02:00:00,,2453,48623,8,30,21,58208,0,679015.147068859,9999998119.99976,0.0,0.0,False,False,inf,0.0,,0.0,0.0,0.0,0.0,0.0,,,,11.842895630492794,0.0,0.0,,0.0,,,,,,,,,,0.0
2018-05-12,1526083200,0.0,0.0,0.0,0.0,0.0,0.0,multiply,BTC,2018-05-12 02:00:00,,2459,48628,5,16,9,58217,0,67882.0666666667,9999998119.99975,0.0,0.0,False,False,inf,0.0,,0.0,0.0,0.0,0.0,0.0,,,,-2.318249149276429,0.0,0.0,,0.0,,,,,,,,,,0.0
2018-05-13,1526169600,0.0,0.0,0.0,0.0,0.0,0.0,multiply,BTC,2018-05-13 02:00:00,,2463,48633,5,22,14,58231,0,164054.005386619,9999998119.99975,0.0,0.0,False,False,inf,0.0,,0.0,0.0,0.0,0.0,0.0,,,,7.784656550711347,0.0,0.0,,0.0,,,,,,,,,,0.0
2018-05-14,1526256000,0.0,0.0,0.0,0.0,0.0,0.0,multiply,BTC,2018-05-14 02:00:00,,2487,48676,43,100,79,58310,0,467810.465824527,9999998119.99976,0.0,0.0,False,False,inf,0.0,,0.0,0.0,0.0,0.0,0.0,,,,14.045992759119653,0.0,0.0,,0.0,,,,,,,,,,0.0
2018-05-15,1526342400,0.0,0.0,0.0,0.0,0.0,0.0,multiply,BTC,2018-05-15 02:00:00,,2497,48692,16,43,31,58341,0,220852.190920082,9999998119.99976,0.0,0.0,False,False,inf,0.0,,0.0,0.0,0.0,0.0,0.0,,,,5.0384694290924585,0.0,0.0,,0.0,,,,,,,,,,0.0
2018-05-16,1526428800,0.0,0.0,0.0,0.0,0.0,0.0,multiply,BTC,2018-05-16 02:00:00,,2513,48704,12,38,24,58365,0,890074.066666667,9999998119.99976,0.0,0.0,False,False,inf,0.0,,0.0,0.0,0.0,0.0,0.0,,,,9.46911384999207,0.0,0.0,,0.0,,,,,,,,,,0.0
2018-05-17,1526515200,0.0,0.0,0.0,0.0,0.0,0.0,multiply,BTC,2018-05-17 02:00:00,,2526,48720,16,41,25,58390,0,85914.7382713262,9999998119.99976,0.0,0.0,False,False,inf,0.0,,0.0,0.0,0.0,0.0,0.0,,,,7.377741792861389,0.0,0.0,,0.0,,,,,,,,,,0.0
2018-05-18,1526601600,0.0,0.0,0.0,0.0,0.0,0.0,multiply,BTC,2018-05-18 02:00:00,,2533,48731,11,32,19,58409,0,113717.654352623,9999998119.99975,0.0,0.0,False,False,inf,0.0,,0.0,0.0,0.0,0.0,0.0,,,,12.505818531734032,0.0,0.0,,0.0,,,,,,,,,,0.0
2018-05-19,1526688000,0.0,0.0,0.0,0.0,0.0,0.0,multiply,BTC,2018-05-19 02:00:00,,2547,48748,17,46,32,58441,0,1285496.13283217,9999998119.99976,0.0,0.0,False,False,inf,0.0,,0.0,0.0,0.0,0.0,0.0,,,,13.216076357067942,0.0,0.0,,0.0,,,,,,,,,,0.0
2018-05-20,1526774400,0.0,0.0,0.0,0.0,0.0,0.0,multiply,BTC,2018-05-20 02:00:00,,2553,48757,9,25,16,58457,0,46826.0291572863,9999998119.99976,0.0,0.0,False,False,inf,0.0,,0.0,0.0,0.0,0.0,0.0,,,,17.850927932006584,0.0,0.0,,0.0,,,,,,,,,,0.0
2018-05-21,1526860800,0.0,0.0,0.0,0.0,0.0,0.0,multiply,BTC,2018-05-21 02:00:00,,2559,48762,5,14,8,58465,0,64391.7910459491,9999998119.99976,0.0,0.0,False,False,inf,0.0,,0.0,0.0,0.0,0.0,0.0,,,,16.40139779499557,0.0,0.0,,0.0,,,,,,,,,,0.0
2018-05-22,1526947200,0.0,0.0,0.0,0.0,0.0,0.0,multiply,BTC,2018-05-22 02:00:00,,2567,48774,12,33,20,58485,0,256167.088539878,9999998119.99976,0.0,0.0,False,False,inf,0.0,,0.0,0.0,0.0,0.0,0.0,,,,15.134526900271771,0.0,0.0,,0.0,,,,,,,,,,0.0
2018-05-23,1527033600,0.0,0.0,0.0,0.0,0.0,0.0,multiply,BTC,2018-05-23 02:00:00,,2590,48868,94,134,141,58626,0,25034692.2665772,9999998119.99979,0.0,0.0,False,False,inf,0.0,,0.0,0.0,0.0,0.0,0.0,,,,12.956075045946587,0.0,0.0,,0.0,,,,,,,,,,0.0
2018-05-24,1527120000,0.0,0.0,0.0,0.0,0.0,0.0,multiply,BTC,2018-05-24 02:00:00,,2595,48889,21,51,66,58692,0,99123.0947532324,9999998119.9998,0.0,0.0,False,False,inf,0.0,,0.0,0.0,0.0,0.0,0.0,,,,1.5619239485807057,0.0,0.0,,0.0,,,,,,,,,,0.0
2018-05-25,1527206400,0.0,0.0,0.0,0.0,0.0,0.0,multiply,BTC,2018-05-25 02:00:00,,2605,48908,19,51,44,58736,0,58645.1311164269,9999998119.9998,0.0,0.0,False,False,inf,0.0,,0.0,0.0,0.0,0.0,0.0,,,,3.7117495762297352,0.0,0.0,,0.0,,,,,,,,,,0.0
2018-05-26,1527292800,0.0,0.0,0.0,0.0,0.0,0.0,multiply,BTC,2018-05-26 02:00:00,,2650,48918,10,80,70,58806,0,91091.7775259446,9999998119.9998,0.0,0.0,False,False,inf,0.0,,0.0,0.0,0.0,0.0,0.0,,,,9.609738898688182,0.0,0.0,,0.0,,,,,,,,,,0.0
2018-05-27,1527379200,0.0,0.0,0.0,0.0,0.0,0.0,multiply,BTC,2018-05-27 02:00:00,,2651,48930,12,34,44,58850,0,75209.0129486844,9999998119.99979,0.0,0.0,False,False,inf,0.0,,0.0,0.0,0.0,0.0,0.0,,,,16.578364301843017,0.0,0.0,,0.0,,,,,,,,,,0.0
2018-05-28,1527465600,0.0,0.0,0.0,0.0,0.0,0.0,multiply,BTC,2018-05-28 02:00:00,,2659,48939,9,29,20,58870,0,50929.5433658556,9999998119.99979,0.0,0.0,False,False,inf,0.0,,0.0,0.0,0.0,0.0,0.0,,,,16.207182431799207,0.0,0.0,,0.0,,,,,,,,,,0.0
2018-05-29,1527552000,0.0,0.0,0.0,0.0,0.0,0.0,multiply,BTC,2018-05-29 02:00:00,,2663,48951,12,36,31,58901,0,90886.3056894193,9999998119.99979,0.0,0.0,False,False,inf,0.0,,0.0,0.0,0.0,0.0,0.0,,,,11.446526765023949,0.0,0.0,,0.0,,,,,,,,,,0.0
2018-05-30,1527638400,0.0,0.0,0.0,0.0,0.0,0.0,multiply,BTC,2018-05-30 02:00:00,,2723,48962,11,92,88,58989,0,81035.5939985699,9999998119.9998,0.0,0.0,False,False,inf,0.0,,0.0,0.0,0.0,0.0,0.0,,,,8.099911360510244,0.0,0.0,,0.0,,,,,,,,,,0.0
2018-05-31,1527724800,0.0,0.0,0.0,0.0,0.0,0.0,multiply,BTC,2018-05-31 02:00:00,,2725,48966,4,16,15,59004,0,85749.57434,9999998119.9998,0.0,0.0,False,False,inf,0.0,,0.0,0.0,0.0,0.0,0.0,,,,11.99589060310656,0.0,0.0,,0.0,,,,,,,,,,0.0
2018-06-01,1527811200,0.0,0.0,0.0,0.0,0.0,0.0,multiply,BTC,2018-06-01 02:00:00,,2730,48971,5,19,11,59015,0,42370.5953818182,9999998119.9998,0.0,0.0,False,False,inf,0.0,,0.0,0.0,0.0,0.0,0.0,,,,-2793386852.398073,0.0,0.0,,0.0,,,,,,,,,,0.0
2018-06-02,1527897600,0.0,0.0,0.0,0.0,0.0,0.0,multiply,BTC,2018-06-02 02:00:00,,2738,48978,7,38,26,59041,0,23328.2994071647,9999998119.9998,0.0,0.0,False,False,inf,0.0,,0.0,0.0,0.0,0.0,0.0,,,,13.170738116775956,0.0,0.0,,0.0,,,,,,,,,,0.0
2018-06-03,1527984000,0.0,0.0,0.0,0.0,0.0,0.0,multiply,BTC,2018-06-03 02:00:00,,2744,48987,9,29,15,59056,0,60546.5393028484,9999998119.9998,0.0,0.0,False,False,inf,0.0,,0.0,0.0,0.0,0.0,0.0,,,,15.631309886792382,0.0,0.0,,0.0,,,,,,,,,,0.0
2018-06-04,1528070400,0.0,0.0,0.0,0.0,0.0,0.0,multiply,BTC,2018-06-04 02:00:00,,2757,48995,8,34,24,59080,0,29362.872085,9999998119.9998,0.0,0.0,False,False,inf,0.0,,0.0,0.0,0.0,0.0,0.0,,,,16.43068449975375,0.0,0.0,,0.0,,,,,,,,,,0.0
2018-06-05,1528156800,0.0,0.0,0.0,0.0,0.0,0.0,multiply,BTC,2018-06-05 02:00:00,,2764,49003,8,27,33,59113,0,77745.169300609,9999998119.9998,0.0,0.0,False,False,inf,0.0,,0.0,0.0,0.0,0.0,0.0,,,,13.8044265975033,0.0,0.0,,0.0,,,,,,,,,,0.0
2018-06-06,1528243200,0.0,0.0,0.0,0.0,0.0,0.0,multiply,BTC,2018-06-06 02:00:00,,2779,49012,9,37,53,59166,0,2021087.02608515,9999998119.99979,0.0,0.0,False,False,inf,0.0,,0.0,0.0,0.0,0.0,0.0,,,,13.06538871982939,0.0,0.0,,0.0,,,,,,,,,,0.0
2018-06-07,1528329600,0.0,0.0,0.0,0.0,0.0,0.0,multiply,BTC,2018-06-07 02:00:00,,2786,49020,8,28,30,59196,0,70759.5037483333,9999998119.99979,0.0,0.0,False,False,inf,0.0,,0.0,0.0,0.0,0.0,0.0,,,,14.057550153836653,0.0,0.0,,0.0,,,,,,,,,,0.0
2018-06-08,1528416000,0.0,0.0,0.0,0.0,0.0,0.0,multiply,BTC,2018-06-08 02:00:00,,2790,49035,15,27,22,59218,0,147972.6567,9999998119.99979,0.0,0.0,False,False,inf,0.0,,0.0,0.0,0.0,0.0,0.0,,,,15.207646956311823,0.0,0.0,,0.0,,,,,,,,,,0.0
2018-06-09,1528502400,0.0,0.0,0.0,0.0,0.0,0.0,multiply,BTC,2018-06-09 02:00:00,,2797,49047,12,28,17,59235,0,93265.2546027794,9999998119.99979,0.0,0.0,False,False,inf,0.0,,0.0,0.0,0.0,0.0,0.0,,,,15.523893164534243,0.0,0.0,,0.0,,,,,,,,,,0.0
2018-06-10,1528588800,0.0,0.0,0.0,0.0,0.0,0.0,multiply,BTC,2018-06-10 02:00:00,,2821,49055,8,40,31,59266,0,1290102.46964258,9999998119.99979,0.0,0.0,False,False,inf,0.0,,0.0,0.0,0.0,0.0,0.0,,,,17.931704718449797,0.0,0.0,,0.0,,,,,,,,,,0.0
2018-06-11,1528675200,0.0,0.0,0.0,0.0,0.0,0.0,multiply,BTC,2018-06-11 02:00:00,,2839,49064,9,46,32,59298,0,109789.664843091,9999998119.9998,0.0,0.0,False,False,inf,0.0,,0.0,0.0,0.0,0.0,0.0,,,,0.14155425450937287,0.0,0.0,,0.0,,,,,,,,,,0.0
2018-06-12,1528761600,0.0,0.0,0.0,0.0,0.0,0.0,multiply,BTC,2018-06-12 02:00:00,,2880,49070,6,62,49,59347,0,473116.341047498,9999998119.9998,0.0,0.0,False,False,inf,0.0,,0.0,0.0,0.0,0.0,0.0,,,,10.438115840481585,0.0,0.0,,0.0,,,,,,,,,,0.0
2018-06-13,1528848000,0.0,0.0,0.0,0.0,0.0,0.0,multiply,BTC,2018-06-13 02:00:00,,2888,49082,12,41,31,59378,0,32439095.6642258,9999998119.9998,0.0,0.0,False,False,inf,0.0,,0.0,0.0,0.0,0.0,0.0,,,,10.154081742874304,0.0,0.0,,0.0,,,,,,,,,,0.0
2018-06-14,1528934400,0.0,0.0,0.0,0.0,0.0,0.0,multiply,BTC,2018-06-14 02:00:00,,2895,49091,9,30,22,59400,0,685995.275963636,9999998119.99981,0.0,0.0,False,False,inf,0.0,,0.0,0.0,0.0,0.0,0.0,,,,2.3943812042076544,0.0,0.0,,0.0,,,,,,,,,,0.0
2018-06-15,1529020800,0.0,0.0,0.0,0.0,0.0,0.0,multiply,BTC,2018-06-15 02:00:00,,2900,49095,4,11,6,59406,0,20002.6666666667,9999998119.99981,0.0,0.0,False,False,inf,0.0,,0.0,0.0,0.0,0.0,0.0,,,,5.93037006121229,0.0,0.0,,0.0,,,,,,,,,,0.0
2018-06-16,1529107200,0.0,0.0,0.0,0.0,0.0,0.0,multiply,BTC,2018-06-16 02:00:00,,2942,49108,13,85,95,59501,0,341283.507437823,9999998119.99981,0.0,0.0,False,False,inf,0.0,,0.0,0.0,0.0,0.0,0.0,,,,13.108829069245552,0.0,0.0,,0.0,,,,,,,,,,0.0
2018-06-17,1529193600,0.0,0.0,0.0,0.0,0.0,0.0,multiply,BTC,2018-06-17 02:00:00,,2968,49117,9,56,43,59544,0,38886.183067556,9999998119.9998,0.0,0.0,False,False,inf,0.0,,0.0,0.0,0.0,0.0,0.0,,,,16.87960445569663,0.0,0.0,,0.0,,,,,,,,,,0.0
2018-06-18,1529280000,0.0,0.0,0.0,0.0,0.0,0.0,multiply,BTC,2018-06-18 02:00:00,,2999,49120,3,45,36,59580,0,63889.2213527778,9999998119.9998,0.0,0.0,False,False,inf,0.0,,0.0,0.0,0.0,0.0,0.0,,,,16.870565230807895,0.0,0.0,,0.0,,,,,,,,,,0.0
2018-06-19,1529366400,0.0,0.0,0.0,0.0,0.0,0.0,multiply,BTC,2018-06-19 02:00:00,,3007,49127,7,28,18,59598,0,25694.371145228,9999998119.9998,0.0,0.0,False,False,inf,0.0,,0.0,0.0,0.0,0.0,0.0,,,,11.114461860463798,0.0,0.0,,0.0,,,,,,,,,,0.0
2018-06-20,1529452800,0.0,0.0,0.0,0.0,0.0,0.0,multiply,BTC,2018-06-20 02:00:00,,3029,49142,15,58,49,59647,0,61813.8350221633,9999998119.9998,0.0,0.0,False,False,inf,0.0,,0.0,0.0,0.0,0.0,0.0,,,,12.820770892363406,0.0,0.0,,0.0,,,,,,,,,,0.0
2018-06-21,1529539200,0.0,0.0,0.0,0.0,0.0,0.0,multiply,BTC,2018-06-21 02:00:00,,3043,49144,2,30,25,59672,0,14984.9249532,9999998119.9998,0.0,0.0,False,False,inf,0.0,,0.0,0.0,0.0,0.0,0.0,,,,11.92560943046867,0.0,0.0,,0.0,,,,,,,,,,0.0
2018-06-22,1529625600,0.0,0.0,0.0,0.0,0.0,0.0,multiply,BTC,2018-06-22 02:00:00,,3047,49156,12,35,21,59693,0,113035.956538095,9999998119.99981,0.0,0.0,False,False,inf,0.0,,0.0,0.0,0.0,0.0,0.0,,,,14.592868433380838,0.0,0.0,,0.0,,,,,,,,,,0.0
2018-06-23,1529712000,0.0,0.0,0.0,0.0,0.0,0.0,multiply,BTC,2018-06-23 02:00:00,,3089,49163,7,55,43,59736,0,5601.77906976745,9999998119.99981,0.0,0.0,False,False,inf,0.0,,0.0,0.0,0.0,0.0,0.0,,,,-0.11347797087190159,0.0,0.0,,0.0,,,,,,,,,,0.0
2018-06-24,1529798400,0.0,0.0,0.0,0.0,0.0,0.0,multiply,BTC,2018-06-24 02:00:00,,3108,49166,3,32,23,59759,0,7370.20281739131,9999998119.9998,0.0,0.0,False,False,inf,0.0,,0.0,0.0,0.0,0.0,0.0,,,,13.062981630775884,0.0,0.0,,0.0,,,,,,,,,,0.0
2018-06-25,1529884800,0.0,0.0,0.0,0.0,0.0,0.0,multiply,BTC,2018-06-25 02:00:00,,3112,49168,2,10,5,59764,0,22.56,9999998119.9998,0.0,0.0,False,False,inf,0.0,,0.0,0.0,0.0,0.0,0.0,,,,3.7029960944961964,0.0,0.0,,0.0,,,,,,,,,,0.0
2018-06-26,1529971200,0.0,0.0,0.0,0.0,0.0,0.0,multiply,BTC,2018-06-26 02:00:00,,3112,49168,0,0,0,0,0,0.0,9999998119.9998,0.0,0.0,False,False,inf,0.0,,0.0,0.0,0.0,0.0,0.0,,,,8.668374629139597,0.0,0.0,,0.0,,,,,,,,,,0.0
2018-06-27,1530057600,0.0,0.0,0.0,0.0,0.0,0.0,multiply,BTC,2018-06-27 02:00:00,,3115,49171,3,10,5,59769,0,5638.30684,9999998119.9998,0.0,0.0,False,False,inf,0.0,,0.0,0.0,0.0,0.0,0.0,,,,11.945758091873897,0.0,0.0,,0.0,,,,,,,,,,0.0
2018-06-28,1530144000,0.0,0.0,0.0,0.0,0.0,0.0,multiply,BTC,2018-06-28 02:00:00,,3119,49180,9,28,19,59788,0,86908.3524913458,9999998119.9998,0.0,0.0,False,False,inf,0.0,,0.0,0.0,0.0,0.0,0.0,,,,11.443194189303632,0.0,0.0,,0.0,,,,,,,,,,0.0
2018-06-29,1530230400,0.0,0.0,0.0,0.0,0.0,0.0,multiply,BTC,2018-06-29 02:00:00,,3124,49192,12,29,16,59804,0,91706.22631125,9999998119.99981,0.0,0.0,False,False,inf,0.0,,0.0,0.0,0.0,0.0,0.0,,,,11.322113568871258,0.0,0.0,,0.0,,,,,,,,,,0.0
2018-06-30,1530316800,0.0,0.0,0.0,0.0,0.0,0.0,multiply,BTC,2018-06-30 02:00:00,,3123,62061,12869,12896,1257,61061,0,660.69847284895,9999998119.99981,0.0,0.0,False,False,inf,0.0,,0.0,0.0,0.0,0.0,0.0,,,,5.330223543463539,0.0,0.0,,0.0,,,,,,,,,,0.0
2018-07-01,1530403200,0.0,0.0,0.0,0.0,0.0,0.0,multiply,BTC,2018-07-01 02:00:00,,3123,62071,10,17,19,61080,0,185574.117579369,9999998119.9998,0.0,0.0,False,False,inf,0.0,,0.0,0.0,0.0,0.0,0.0,,,,9.897300202138732,0.0,0.0,,0.0,,,,,,,,,,0.0
2018-07-02,1530489600,0.0,0.0,0.0,0.0,0.0,0.0,multiply,BTC,2018-07-02 02:00:00,,3125,62094,23,44,31,61111,0,104107.858414125,9999998119.99981,0.0,0.0,False,False,inf,0.0,,0.0,0.0,0.0,0.0,0.0,,,,14.117496303918866,0.0,0.0,,0.0,,,,,,,,,,0.0
2018-07-03,1530576000,0.0,0.0,0.0,0.0,0.0,0.0,multiply,BTC,2018-07-03 02:00:00,,3126,62106,12,29,18,61129,0,169075.311449646,9999998119.99981,0.0,0.0,False,False,inf,0.0,,0.0,0.0,0.0,0.0,0.0,,,,7.89903640793645,0.0,0.0,,0.0,,,,,,,,,,0.0
2018-07-04,1530662400,0.0,0.0,0.0,0.0,0.0,0.0,multiply,BTC,2018-07-04 02:00:00,,3127,62108,2,5,3,61132,0,204850.433911334,9999998119.99981,0.0,0.0,False,False,inf,0.0,,0.0,0.0,0.0,0.0,0.0,,,,11.353315659261519,0.0,0.0,,0.0,,,,,,,,,,0.0
2018-07-05,1530748800,0.0,0.0,0.0,0.0,0.0,0.0,multiply,BTC,2018-07-05 02:00:00,,3143,62113,5,23,37,61169,0,62249.9799778992,9999998119.99981,0.0,0.0,False,False,inf,0.0,,0.0,0.0,0.0,0.0,0.0,,,,9.642399227790458,0.0,0.0,,0.0,,,,,,,,,,0.0
2018-07-06,1530835200,0.0,0.0,0.0,0.0,0.0,0.0,multiply,BTC,2018-07-06 02:00:00,,3143,62117,4,12,6,61175,0,203898.822836667,9999998119.99981,0.0,0.0,False,False,inf,0.0,,0.0,0.0,0.0,0.0,0.0,,,,9.188296126629329,0.0,0.0,,0.0,,,,,,,,,,0.0
2018-07-07,1530921600,0.0,0.0,0.0,0.0,0.0,0.0,multiply,BTC,2018-07-07 02:00:00,,3146,62120,3,7,4,61179,0,26097.05,9999998119.99981,0.0,0.0,False,False,inf,0.0,,0.0,0.0,0.0,0.0,0.0,,,,12.062456040365504,0.0,0.0,,0.0,,,,,,,,,,0.0
2018-07-08,1531008000,0.0,0.0,0.0,0.0,0.0,0.0,multiply,BTC,2018-07-08 02:00:00,,3147,62123,3,10,5,61184,0,52035.788044,9999998119.99981,0.0,0.0,False,False,inf,0.0,,0.0,0.0,0.0,0.0,0.0,,,,12.762954369362653,0.0,0.0,,0.0,,,,,,,,,,0.0
2018-07-09,1531094400,0.0,0.0,0.0,0.0,0.0,0.0,multiply,BTC,2018-07-09 02:00:00,,3148,62125,2,6,3,61187,0,12432.8439666667,9999998119.99981,0.0,0.0,False,False,inf,0.0,,0.0,0.0,0.0,0.0,0.0,,,,13.282643249144895,0.0,0.0,,0.0,,,,,,,,,,0.0
2018-07-10,1531180800,0.0,0.0,0.0,0.0,0.0,0.0,multiply,BTC,2018-07-10 02:00:00,,3149,62128,3,6,3,61190,0,9307.25096666666,9999998119.99981,0.0,0.0,False,False,inf,0.0,,0.0,0.0,0.0,0.0,0.0,,,,11.446962373464693,0.0,0.0,,0.0,,,,,,,,,,0.0
2018-07-11,1531267200,0.0,0.0,0.0,0.0,0.0,0.0,multiply,BTC,2018-07-11 02:00:00,,3151,62129,1,12,7,61197,0,54803.7199914286,9999998119.99981,0.0,0.0,False,False,inf,0.0,,0.0,0.0,0.0,0.0,0.0,,,,7.462074960194103,0.0,0.0,,0.0,,,,,,,,,,0.0
2018-07-12,1531353600,0.01176,0.01073,0.01216,13133.38,140.92,0.01073,multiply,ETH,2018-07-12 02:00:00,inf,3154,62134,5,14,9,61206,0,194091.5818537,9999998119.99981,0.0,140.9211674,False,False,0.000579068142415614,107299979.82759795,-0.015189183227460297,0.0,0.0,0.0,0.0,-8.777127230964893e-05,,0.05092868970013435,0.05092868970013435,11.264427260440947,0.0,25.296123708759662,,0.0,,,,,,,,,,0.0
2018-07-13,1531440000,0.0112,0.01003,0.01073,80955.1,833.23,0.01029,multiply,ETH,2018-07-13 02:00:00,-0.041006523765144354,3156,62137,3,12,6,61212,0,46768.5731916667,9999998119.99981,-0.059706523765144355,833.0279790000001,False,False,0.0006038582281997995,102899980.65479805,-0.0038342338903750548,0.11866192751093271,7.132651548203313e-05,0.010514765121348186,1.4092119389318714e-08,inf,0.0,0.05092868970013435,0.025464344850067176,8.66073818178139,2.529612846443231e-09,150.7951323145,1.0,0.0,2.6555826988878404,3.4451601624948482,1.0,,,,,,,0.0
2018-07-14,1531526400,0.01041,0.005205,0.01029,231240.22,2346.98,0.01015,multiply,ETH,2018-07-14 02:00:00,-0.013605442176870874,3157,62139,2,5,12,61224,0,22556.5270786083,9999998119.99981,-0.032305442176870876,2347.088233,False,False,0.000612207011646654,101499980.91799806,-0.0018309006648318798,0.12204653957388523,-0.0009564857780050329,0.011779712635266299,8.330281356093055e-08,inf,0.0,0.0,0.0,10.86304342681633,1.5079516066399308e-08,441.77575710079924,0.9589934762348556,0.0,1.5315162779094857,1.9373297445495825,-0.042759961127307955,1.0,1.0,1.0,1.0,,,0.0
2018-07-15,1531612800,0.01066,0.009937,0.01015,11124.75,112.04,0.01007,multiply,ETH,2018-07-15 02:00:00,-0.007881773399014635,3160,62145,6,18,14,61238,0,44748.7046885714,9999998119.99981,-0.026581773399014637,112.0262325,False,False,0.0006171302053948696,100699981.06839809,-0.04323275220199938,0.0968736737130005,-0.0022368874583422447,0.012569968584972434,2.3470886742527156e-07,inf,0.025333548254821217,0.052932558420101014,0.039133053337461116,15.088651965053543,4.417758401546655e-08,441.29745249516515,0.9459459459459458,0.0,0.5603687520614069,0.833272901952683,-0.01379310344827589,1.0,1.0,1.0,1.0,,,0.0
2018-07-16,1531699200,0.01087,0.009767,0.01007,34092.83,332.97,0.009767,multiply,ETH,2018-07-16 02:00:00,-0.03008937437934467,3190,62153,8,50,47,61285,0,166506.783322664,9999998119.9998,-0.04908937437934467,332.98467061,False,False,0.0006363572405525488,97669981.63803804,-0.010521755172047306,-0.05445570445420867,-0.006365141563651575,0.014752916712768403,1.1202625356093792e-08,inf,0.025333548254821217,0.08701225458207575,0.05617290141844848,13.526651418015788,4.412975354591103e-08,442.4656512014906,0.9384902143522834,0.0,0.7339062426164232,1.0166497007695745,-0.007944389275074348,1.0,1.0,1.0,1.0,,,0.0
2018-07-17,1531785600,0.01168,0.01018,0.009768,226146.3,2505.5,0.01108,multiply,ETH,2018-07-17 02:00:00,0.1344322719361113,3195,62158,5,23,24,61309,0,28251.7691541667,9999998119.9998,0.1151322719361113,2505.7010039999996,False,False,0.0005609928852500672,110799979.16959777,-0.0008011965685777042,0.5368618411548333,0.005683971710999675,0.023417077565617415,3.329847332111365e-08,inf,0.03213058812078825,0.14458695192630944,0.08835877002354885,5.532270234967799,4.424657343850572e-08,614.0961501268885,0.9102516309412861,0.1151322719361113,1.0496645096333819,1.3496151698571552,-0.03102283198525657,1.0,1.0,1.0,1.0,,,0.0
2018-07-18,1531872000,0.01193,0.008479,0.01108,6626193.78,78082.35,0.01178,multiply,ETH,2018-07-18 02:00:00,0.06317689530685922,3198,62165,7,29,25,61334,0,97402.11288615,9999998119.99981,0.04417689530685921,78056.56272840001,False,False,0.0005277165678015567,117799977.85359776,-3.53822475487127e-05,0.5815837766294272,0.0068606766518202675,0.023551942510736345,2.505701475071925e-07,inf,0.06940285515121189,0.1397062512257971,0.1045545531885045,-4.154127705433201,6.14096265576998e-08,13986.194894110911,1.0,0.1151322719361113,1.4522668450894725,1.755247204293666,0.11850180505415164,1.0,1.0,1.0,1.0,,,0.0
2018-07-19,1531958400,0.01158,0.009982,0.01178,19079987.15,207450.59,0.01087,multiply,ETH,2018-07-19 02:00:00,-0.0772495755517828,3202,62172,7,24,13,61347,0,19770.7151243323,9999998119.99981,-0.0961495755517828,207399.4603205,False,False,0.0005719596291475565,108699979.56439792,-1.2346772039510325e-05,0.5158179607121209,0.0029736606578835327,0.029829456864620237,7.805657740303805e-06,inf,0.03727226703042365,0.029198995461462384,0.03323563124594302,-3.4137329331082675,1.398619752351632e-06,39278.13270831765,1.0,0.1151322719361113,0.806878709631987,0.9869010074638822,0.059422750424448334,0.03158844765342961,1.0,1.0,1.0,,,-0.014619975369458046
2018-07-20,1532044800,0.0105,0.009246,0.01078,18395674.74,187427.42,0.01019,multiply,ETH,2018-07-20 02:00:00,-0.062557497700092,3220,62177,5,48,34,61381,0,988207.523786585,9999998119.9998,-0.08115749770009201,187451.92560059996,False,False,0.0006101767584816433,101899980.84279795,-1.5499042211780426e-05,0.4981006628747605,-0.00014713538986027962,0.03319608758467601,2.0739949931161e-05,inf,0.0,0.0,0.0,3.8336411847948284,3.927814009260877e-06,50531.98305942168,0.9227504244482172,0.1151322719361113,0.6012329024726351,0.7559708900265062,-0.08371665133394668,0.12648556876061123,1.0,1.0,1.0,,,-0.029729791226835566
2018-07-21,1532131200,0.01093,0.01005,0.01019,15758224.36,164919.4,0.01047,multiply,ETH,2018-07-21 02:00:00,0.027477919528950068,3241,62180,3,47,34,61415,0,192410.974327701,9999998119.99981,0.008877919528950066,164988.6090492,False,False,0.0005938874086900036,104699980.31639801,-2.178557988797679e-05,0.49333132162876575,0.0001613055452482574,0.03333571545521759,1.8745196084157216e-05,inf,0.028492738088806195,0.01063615971736522,0.01956444890308571,1.7275862103260735,5.0531992559437265e-06,57051.933353115106,0.8650254668930389,0.1151322719361113,0.5296402517038509,0.6778054565703054,-0.0667320902845927,0.06623735050597979,1.0,1.0,1.0,,,-0.029729791226835566
2018-07-22,1532217600,0.01089,0.009702,0.01028,14966940.42,157541.27,0.01053,multiply,ETH,2018-07-22 02:00:00,0.005730659025787954,3269,62182,2,57,46,61461,0,56656.3991539732,9999998119.99981,-0.012869340974212048,157601.88262259998,False,False,0.0005905224282072117,105299980.203598,-2.3581536967084244e-05,0.6197222909740927,0.00019854180861182788,0.0327431074992811,1.6498864006706746e-05,inf,0.046667475141354706,0.020587063465832854,0.033627269303593776,10.68915117185159,5.7051944078881705e-06,61884.28953710968,0.8887945670628183,0.1151322719361113,0.4925717792121597,0.637331786809563,0.026743075453677267,0.01177625122669268,1.0,1.0,1.0,,,-0.029729791226835566
2018-07-23,1532304000,0.01066,0.009038,0.01053,14368125.77,147941.79,0.0103,multiply,ETH,2018-07-23 02:00:00,-0.021842355175688444,3293,62189,7,58,51,61512,0,48755.6920692553,9999998119.99981,-0.04064235517568844,147991.695431,False,False,0.0006037768125391785,102999980.63599804,-2.5838641047177508e-05,0.6456747949998193,-0.0021312717027663765,0.032992739154118884,1.576019122517625e-05,inf,0.03837666717937424,0.05952554931179707,0.048951108245585656,8.803620246943689,6.1884301171359486e-06,65358.267508395315,0.8938879456706281,0.1151322719361113,0.4634024185122648,0.6056291844967284,0.005698005698005604,0.06714422158548239,1.0,1.0,1.0,,,-0.03689074432622053
2018-07-24,1532390400,0.01146,0.009446,0.0103,8937582.15,85277.52,0.009541,multiply,ETH,2018-07-24 02:00:00,-0.07368932038834963,3324,62204,15,62,48,61560,2,4228817.2814337,9999998119.99979,-0.09288932038834963,85273.47129315,False,False,0.0006519653253784247,95409982.06291799,-3.0582751672636406e-05,0.1556056137074308,-0.00932162574816962,0.03832770474647569,1.4799172325344707e-05,inf,0.05039746117414304,0.0873344119537775,0.06886593656396027,-3.3312885518522357,6.53582797957532e-06,65772.58137903686,0.8743633276740237,0.1151322719361113,0.39612101104514075,0.5352035454178617,-0.022330097087378542,-0.052231718898385626,1.0,1.0,1.0,,,-0.04528821573769937
2018-07-25,1532476800,0.01098,0.008624,0.009635,6670858.87,63820.0,0.009567,multiply,ETH,2018-07-25 02:00:00,0.0027250812283829973,3334,62209,5,31,46,61606,0,52985.1727547826,9999998119.99979,-0.016274918771617002,63820.10680929001,False,False,0.0006502457582867723,95669982.014038,-7.761895307500963e-05,0.11356585585311016,-0.010871035127595553,0.03860868283036193,8.52734873245674e-06,inf,0.08871861863123709,0.07525506555525832,0.0819868420932477,-17.599916043256535,6.577259374428578e-06,65654.26495507572,0.8099320882852291,0.1151322719361113,0.36202337082927954,0.49969005110568165,-0.07955140970548169,-0.14368932038834958,-0.04174757281553387,1.0,1.0,,,-0.04528821573769937
2018-07-26,1532563200,0.01058,0.00901,0.009615,6005218.42,60763.54,0.01012,multiply,ETH,2018-07-26 02:00:00,0.05780286401170698,3343,62220,11,38,61,61667,0,268789.04147417,9999998119.99979,0.03890286401170698,60772.8104104,False,False,0.0006148222499739477,101199980.97439788,-4.8484202209007695e-05,0.004560722214098645,-0.010060492253861701,0.03973833738512625,6.3820118807473685e-06,inf,0.0761462196188068,0.03749529916481026,0.05682075939180853,-2.998144559523304,6.5654277298081134e-06,65430.02952028219,0.8121392190152802,0.1151322719361113,0.3522770665052654,0.4893560233966729,0.0027176753423227007,-0.13929357509694995,-0.07850330154071905,1.0,1.0,1.0,,-0.04528821573769937
2018-07-27,1532649600,0.01066,0.00977,0.01012,2920634.78,29754.19,0.01019,multiply,ETH,2018-07-27 02:00:00,0.006916996047430679,3348,62228,8,30,29,61696,2,855918.351275172,9999998119.9998,-0.01208300395256932,29761.268408199998,False,False,0.00061067724925287,101899980.84279795,-0.0001671223696709686,0.011310744263253014,-0.010237983905632618,0.03969160671316528,6.077282183569172e-06,inf,0.03488076193824335,0.1080857849220337,0.07148327343013852,0.6593159217497444,6.543004182113134e-06,65061.015208267425,0.8590831918505942,0.1151322719361113,0.2831474791264784,0.41820335689943544,0.05464426877470352,-0.0651196822410367,-0.06093864325284826,1.0,1.0,1.0,,-0.04528821573769937
2018-07-28,1532736000,0.01068,0.008246,0.01019,4325046.75,37692.91,0.008715,multiply,ETH,2018-07-28 02:00:00,-0.1447497546614327,3360,62235,7,36,41,61737,1,447605.454512317,9999998119.99981,-0.16374975466143268,37692.78242625,False,False,0.0007141137314995225,87149983.61579834,-5.127636467868836e-05,-0.03910033546982702,-0.016026112090506965,0.04843975327713214,2.9761274003320077e-06,inf,0.017257629903356334,0.19540408699601797,0.10633085844968715,-0.42140658741881154,6.506102743974188e-06,64645.881170256325,0.8650254668930389,0.1151322719361113,0.3023227915203979,0.4377297346262685,0.006869479882237406,-0.03458498023715406,0.004940711462450564,1.0,1.0,1.0,,-0.054928806541534494
2018-07-29,1532822400,0.009324,0.007599,0.008715,4647037.94,37262.92,0.008019,multiply,ETH,2018-07-29 02:00:00,-0.07986230636833047,3391,62243,8,56,83,61820,0,43377.2169946458,9999998119.99979,-0.09886230636833047,37264.59724086001,False,False,0.0007761941850815252,80189984.92427832,-6.782446302273176e-05,0.008458273375858041,-0.019226024290856958,0.05054729499063852,3.769278951249522e-06,inf,0.03563221931725517,0.08731830207398426,0.06147526069561972,10.387134515328096,6.464589332368553e-06,64204.52005436256,0.7398132427843803,0.1151322719361113,0.29864942066865274,0.4338039295489744,-0.1692484222604702,-0.03336604514229635,0.04151128557409223,1.0,1.0,1.0,,-0.07150455942936557
2018-07-30,1532908800,0.008538,0.007579,0.008019,2823737.56,22947.86,0.008127,multiply,ETH,2018-07-30 02:00:00,0.013468013468013629,3403,62246,3,33,61,61881,0,64631.0501420797,9999998119.9998,-0.00563198653198637,22948.51515012,False,False,0.0007659162261874178,81269984.72123837,-0.00018770006466672302,-0.024966651789464372,-0.01954070213139975,0.05050205947256438,3.726460424660635e-06,inf,0.03563221931725517,0.0,0.017816109658627587,11.124886373506586,6.420453212481587e-06,63833.472436561024,0.680730050933786,0.1151322719361113,0.25233786583585444,0.38625868043239425,-0.0867938645716424,-0.18187033849684453,-0.27137119908204244,1.0,1.0,1.0,,-0.07150455942936557
2018-07-31,1532995200,0.007862,0.006912,0.008081,1362124.76,10062.06,0.007387,multiply,ETH,2018-07-31 02:00:00,-0.09105450965916084,3408,62250,4,24,43,61924,0,54325.9052001998,9999998119.9998,-0.11045450965916084,10062.01560212,False,False,0.000842696787640496,73869986.11243853,-0.00024396691903453568,0.12559230702790736,-0.022045865007342704,0.052777119044335914,2.2948519464442122e-06,inf,0.023176281378200627,0.020713389986156776,0.021944835682178702,-1.5779713137774039,6.3833484437257345e-06,63633.250305697875,0.6898981324278438,0.1151322719361113,0.17632481157594546,0.3084445553466983,0.013289036544850585,-0.18979922683626382,-0.4690110986407283,1.0,1.0,1.0,,-0.0876100001786337
2018-08-01,1533081600,0.0076,0.006676,0.007387,1365137.62,9629.43,0.007054,multiply,ETH,2018-08-01 02:00:00,-0.045079193177203214,3415,62254,4,22,18,61942,0,76148.1378322767,9999998119.9998,-0.06437919317720321,9629.680771480002,False,False,0.0008825348979834909,70539986.73847859,-0.00032185225669448145,0.19253603559241686,-0.023443700138916602,0.05299869804394633,1.006201749377949e-06,inf,0.03468627512235367,0.043375328879626904,0.03903080200099029,-3.7440678149726594,6.363326226875243e-06,63438.28501952003,0.6270797962648557,0.1151322719361113,0.17170045541722573,0.303696891859469,-0.10017598483822931,-0.1771871539313401,-0.33751691891226754,1.0,1.0,1.0,,-0.0876100001786337
2018-08-02,1533168000,0.007395,0.005998,0.007054,1336814.03,8842.17,0.006614,multiply,ETH,2018-08-02 02:00:00,-0.06237595690388431,3418,62256,2,15,21,61963,0,180604.034415002,9999998119.9998,-0.08127595690388431,8841.68799442,False,False,0.000941276258000173,66139987.56567868,-0.00031380607250953985,0.23033209953343625,-0.025715657877211057,0.05359031924673127,9.62968258186052e-07,inf,0.054486664481484835,0.1623710753655678,0.10842886992352632,0.8396819569287004,6.343829694592111e-06,63255.474498779105,0.598811544991511,0.1151322719361113,0.1633588031996397,0.29515147630401234,-0.047207258293167076,-0.36997427913902814,-0.37945038581291435,1.0,1.0,1.0,,-0.08766330682034024
2018-08-03,1533254400,0.01002,0.005513,0.006573,1436592.99,8699.27,0.006055,multiply,ETH,2018-08-03 02:00:00,-0.0845176897490173,3429,62265,9,31,34,61997,0,56429.66128914,9999998119.9998,-0.1035176897490173,8698.57055445,False,False,0.0010283238927468778,60549988.616598785,-0.00029208826554890684,0.29939350046736757,-0.028330411377375447,0.054712600739672934,8.841689656657834e-07,inf,0.04297667073733179,0.18342995551092744,0.11320331312412962,6.181183014969363,6.325548639081179e-06,63073.43319711235,0.5614601018675721,0.1151322719361113,0.16131538788147654,0.29304757352931665,-0.06652555185969167,-0.4445704564785935,-0.4842642472356109,-0.5211227672242698,1.0,1.0,,-0.09468246072823787
2018-08-04,1533340800,0.00647,0.005331,0.006055,989819.74,5767.63,0.005827,multiply,ETH,2018-08-04 02:00:00,-0.03765483071841447,3434,62273,8,27,28,62025,0,47452.2436292393,9999998119.9998,-0.05665483071841447,5767.67962498,False,False,0.0010686976438532255,58269989.04523883,-0.0005685638316022321,0.3167245691627047,-0.029473426463728532,0.05436255362065207,8.698572189781746e-07,inf,0.06422675853446015,0.06797392971557696,0.06610034412501856,1.2405973027415307,6.307344505492126e-06,62947.22653993852,0.5140067911714771,0.1151322719361113,0.12358368079565889,0.2544739759088393,-0.09232039636663925,-0.31765951013002725,-0.5920774115512548,-0.5557907469005141,1.0,1.0,,-0.09468246072823787
2018-08-05,1533427200,0.006704,0.005458,0.005827,1395707.4,8558.69,0.006132,multiply,ETH,2018-08-05 02:00:00,0.05234254333276134,3438,62277,4,22,27,62052,0,37046.3719962963,9999998119.9998,0.033342543332761335,8558.4777768,False,False,0.0010156068445544594,61319988.47183877,-0.00034468112992385905,0.21429591662116473,-0.029324336348043968,0.05557036927748346,5.767680709304089e-07,inf,0.10447127333410877,0.07609754514098176,0.09028440923754527,3.0874754272816247,6.294723837402058e-06,62764.74216617774,0.4946519524617996,0.1151322719361113,0.1589278544775201,0.2905833523471293,-0.039128196327441245,-0.3243600330305534,-0.7010734929810076,-0.676300578034682,1.0,1.0,,-0.09468246072823787
2018-08-06,1533513600,0.006358,0.005629,0.006132,511404.35,2920.01,0.00571,multiply,ETH,2018-08-06 02:00:00,-0.06881930854533602,3441,62282,5,31,30,62082,0,102786.198492081,9999998119.9998,-0.08801930854533602,2920.1188384999996,False,False,0.0010907532698602356,57099989.26519886,-0.0009164938394529289,0.22410495538304281,-0.03180864999388315,0.05603492571960805,8.558479385794296e-07,inf,0.04024451479964863,0.051844434464234555,0.04604447463194159,7.824398668502893,6.276475396595272e-06,62697.684132789545,0.5205432937181664,0.1151322719361113,0.06105196235783074,0.1905756494027005,0.04973907371167652,-0.39471426119787223,-0.6373777243864767,-0.7281620044619874,1.0,1.0,,-0.09468246072823787
2018-08-07,1533600000,0.005405,0.004951,0.005669,234850.86,1216.01,0.005178,multiply,ETH,2018-08-07 02:00:00,-0.09316987740805593,3442,62284,2,19,12,62094,0,18815.1516656342,9999998119.99979,-0.11276987740805594,1216.05775308,False,False,0.00120285847256461,51779990.26535892,-0.0020116839684084045,0.28469568574333076,-0.03451274974698516,0.05688395350492516,2.9201193874825056e-07,inf,0.0,0.0,0.0,6.403384203730768,6.26976959199576e-06,62669.14155225836,0.4847198641765704,0.1151322719361113,-0.018444426830615774,0.10936577501093005,-0.07390542907180397,-0.20466405740378346,-0.5601761252446185,-0.5927919112850619,1.0,1.0,,-0.09764157750088402
2018-08-08,1533686400,0.005085,0.004459,0.005178,234025.09,1181.61,0.005049,multiply,ETH,2018-08-08 02:00:00,-0.02491309385863283,3443,62287,3,13,10,62104,0,37000.627866,9999998119.99979,-0.044213093858632826,1181.5926794099998,False,False,0.0012336504596941872,50489990.50787894,-0.0031249023629644503,0.27049146347559705,-0.03560211126145878,0.05650240839164444,1.2160579816989262e-07,inf,0.0,0.048429147613163165,0.024214573806581582,1.5193679808054092,6.266915333406043e-06,62641.359496626465,0.43955857385398983,0.1151322719361113,-0.02113013413905412,0.10662479228169337,-0.10274237157203547,-0.23537653239929957,-0.7723292469352017,-0.9404553415061296,1.0,1.0,,-0.09764157750088402
2018-08-09,1533772800,0.005416,0.00498,0.005049,125034.69,663.59,0.005307,multiply,ETH,2018-08-09 02:00:00,0.051099227569815886,3444,62288,1,6,7,62111,0,30253.2621527971,9999998119.99979,0.03199922756981589,663.55909983,False,False,0.0011736953403080367,53069990.02283889,-0.004481870414706414,0.29395493805810674,-0.03545072312965673,0.05633089085118775,1.1815929015494901e-07,inf,0.00589038011106771,0.16618066868950387,0.08603552440028579,-6.545089449701038,6.264137127320549e-06,62625.64989608804,0.4286078098471986,0.1151322719361113,-0.0734506363017752,0.05318094244829499,-0.025549613784908054,-0.2773271533410582,-0.9679412900733873,-1.2750096562379296,1.0,1.0,,-0.09764157750088402
2018-08-10,1533859200,0.006432,0.003133,0.005307,356081.18,1497.07,0.004204,multiply,ETH,2018-08-10 02:00:00,-0.20783870359902012,3445,62291,3,11,7,62118,0,26082.2396109829,9999998119.99979,-0.22703870359902012,1496.96528072,False,False,0.0014817081758018913,42039992.09647912,-0.0010494518368647718,0.3531872714897409,-0.04040153958500826,0.06203770920345522,6.635592245791482e-08,inf,0.018927093564835244,0.1177515210763407,0.06833930732058797,0.39282886812957685,6.262566166971367e-06,62590.49862597532,0.45050933786078096,0.1151322719361113,0.0001637094182598361,0.12838063492864038,0.0486150367439232,-0.19924737571796403,-0.726084373143197,-1.1529015646662706,1.0,1.0,,-0.10142276722770822
2018-08-11,1533945600,0.004328,0.003819,0.004204,305147.36,1271.22,0.004166,multiply,ETH,2018-08-11 02:00:00,-0.009039010466222575,3444,62304,13,30,28,62146,0,14937.8105935714,9999998119.9998,-0.028239010466222573,1271.24390176,False,False,0.0014955355668064198,41659992.16791917,-0.003702047707568044,0.37850146458496653,-0.04277282893004965,0.06097275450705287,1.4969655621495557e-07,0.03841576011918104,0.07159915998622544,0.034129748510060565,0.052864454248143004,-1.6159253052752796,6.259051039299249e-06,62563.8917505996,0.3568760611205433,0.1151322719361113,-0.01473587024706023,0.11316368741835808,-0.2623691722169361,-0.097983794987752,-0.5110231769361222,-0.9201055210099867,1.0,-0.23121055651176126,,-0.10142276722770822
2018-08-12,1534032000,0.004378,0.003818,0.004166,129666.12,547.1,0.004219,multiply,ETH,2018-08-12 02:00:00,0.01272203552568385,3447,62313,9,30,27,62173,0,20659.2672155556,9999998119.9998,-0.006477964474316148,547.0613602799999,False,False,0.0014769616429212479,42189992.068279155,-0.007977934515490172,0.40237534717536283,-0.040682273266808594,0.06144882671723477,1.2712441407539238e-07,0.03857225392205154,0.058562446532457915,0.08536030161032003,0.07196137407138897,0.6358926593565855,6.256390351261467e-06,62570.6288278378,0.3536502546689304,0.1151322719361113,-0.09116107492804361,0.03509178167942641,-0.009121459433509393,-0.45861084681255937,-0.9331588962892483,-1.490485252140818,-1.5523311132254993,-0.2832023943135056,,-0.10142276722770822
2018-08-13,1534118400,0.003863,0.003579,0.004219,91292.76,331.9,0.003636,multiply,ETH,2018-08-13 02:00:00,-0.138184403887177,3448,62317,4,32,24,62197,0,35040.0304097283,9999998119.9998,-0.157484403887177,331.94047536,False,False,0.001713889211100095,36359993.16431927,-0.0059624130610386634,0.3614570437293054,-0.04536584355428813,0.06493399977612126,5.470614631275659e-08,0.025520355434032964,0.0,0.08316291484226188,0.04158145742113094,6.179542061141177,6.2570640591119455e-06,62617.345226837184,0.3581494057724957,0.1151322719361113,-0.1363784715236207,-0.011154290144493829,0.012562218535197678,-0.37061929908785385,-0.7731637061929908,-1.5276044167066725,-1.4699951992318772,-0.2489233419465975,,-0.10733294069959624
2018-08-14,1534204800,0.003646,0.003423,0.003636,70585.4,245.56,0.003479,multiply,ETH,2018-08-14 02:00:00,-0.04317931793179319,3451,62323,6,25,15,62212,0,48120.7998689867,9999998119.9998,-0.0627793179317932,245.56660659999997,False,False,0.0017914059130993806,34789993.4594793,-0.012796502315429484,0.3572325064231097,-0.0463402639746815,0.06480885041976038,3.319405377648277e-08,0.0254613614317727,0.00612877925146169,0.0319323617420024,0.019030570496732048,3.674742568341223,6.2617356998901526e-06,62614.17020194792,0.3086587436332767,0.1151322719361113,-0.16352145021416914,-0.03905274952940789,-0.16034103410341038,-0.22730504858971345,-0.6719601801374735,-1.4413368096705383,-1.4057833609860158,-0.3632056315148233,,-0.10733294069959624
2018-08-15,1534291200,0.003572,0.003347,0.003479,68026.51,235.32,0.003459,multiply,ETH,2018-08-15 02:00:00,-0.005748778384593312,3498,62327,4,72,68,62280,0,122722.986366358,9999998119.9998,-0.02534877838459331,235.30369808999998,False,False,0.0018018794945787642,34589993.497079305,-0.021923870910115474,0.3977589082956239,-0.04397125049054686,0.06456288018216862,2.4556665276653562e-08,0.025291738858953396,0.011777896180350295,0.08197313513547606,0.04687551565791318,-7.678433889198665,6.261418197341536e-06,62616.48721088922,0.2953310696095076,0.1151322719361113,-0.1673964842045352,-0.04301829328604685,-0.04512791031905716,-0.3886138613861385,-0.819031903190319,-1.624037403740374,-1.7695269526952697,-0.38460447972781386,,-0.10733294069959624
2018-08-16,1534377600,0.003843,0.003384,0.003459,36000.54,138.35,0.003843,multiply,ETH,2018-08-16 02:00:00,0.111014744145707,3498,62343,16,27,22,62302,0,11388.2674810909,9999998119.9998,0.091414744145707,138.35007522,False,False,0.0016222485485424785,38429992.77515923,-0.0158879006957828,0.02879384727713019,-0.04969434192738744,0.0652295120904269,2.3530374232710824e-08,0.025171638560653523,0.005649116928888605,0.13112090316047342,0.06838501004468102,-9.682937439579426,6.261649898279226e-06,62671.25642434614,0.29363327674023765,0.091414744145707,-0.2154744693282949,-0.09215594452622783,-0.005782017924255589,-0.5254383443518253,-0.7404426559356136,-1.749928140270193,-1.8074159241161252,-0.6752343513758692,,-0.10733294069959624
2018-08-17,1534464000,0.004351,0.003754,0.003843,12279.29,50.54,0.004116,multiply,ETH,2018-08-17 02:00:00,0.07103825136612008,3499,62347,4,14,8,62310,0,41169.9788472037,9999998119.9998,0.05153825136612007,50.54155764,False,False,0.001514747612275011,41159992.26191918,-0.05232400659703701,-0.25675785098003856,-0.055771703143370197,0.06297217033276625,1.383501012298218e-08,0.02289252159003367,0.019811543977849334,0.13153056531824103,0.07567105464804519,3.8114535860501793,6.267126820654579e-06,62853.84858258388,0.3262308998302207,0.091414744145707,-0.30646420646602496,-0.18530409095781764,0.09992193598750987,-0.21538016767851986,-0.6845909222318589,-1.9257010696733161,-2.203237930037583,-0.9454995871180845,,-0.10733294069959624
2018-08-18,1534550400,0.006189,0.003214,0.004116,75459.45,291.02,0.003857,multiply,ETH,2018-08-18 02:00:00,-0.06292517006802711,3518,62352,5,59,52,62362,0,16113.8146737506,9999998119.9998,-0.08242517006802712,291.04709865,False,False,0.001616593511075433,38569992.74883923,-0.00950296033900836,-0.21309603354622753,-0.054060267748203876,0.06251165236422908,5.054156714181564e-09,0.029327197065080142,0.04528288163183427,0.13067212245955018,0.08797750204569223,2.34964666596694,6.285386039911086e-06,55238.1652257741,0.3494057724957555,0.091414744145707,-0.14251289266905753,-0.023383106905053894,0.0663265306122448,-0.08404892011449405,-0.5956284153005464,-1.651574290918553,-2.065313557116836,-0.8654539214003776,,-0.10733294069959624
2018-08-19,1534636800,0.004464,0.003775,0.003857,185119.99,743.24,0.004015,multiply,ETH,2018-08-19 02:00:00,0.04096448016593213,3518,62361,9,58,49,62411,0,24491.1935691247,9999998119.9998,0.021464480165932127,743.25675985,False,False,0.0015532007901337846,40149992.4517992,-0.004298716268421248,-0.20996474028998907,-0.05151542112064737,0.06335303427311721,2.9104715336687067e-08,0.029424535298987604,0.025471337653984936,0.04828932516630654,0.03688033141014574,7.4215971937222704,5.523817561055219e-06,47750.60543409183,0.32741935483870965,0.091414744145707,-0.04196062815091738,0.06331358428575909,-0.06715063520871145,-0.025024295432458654,-0.38726919339164234,-1.1173469387755106,-1.640913508260447,-0.6617742987605999,,-0.10733294069959624
2018-08-20,1534723200,0.0039,0.00325,0.004015,27150.51,100.73,0.00371,multiply,ETH,2018-08-20 02:00:00,-0.07596513075965139,3520,62366,5,22,17,62428,0,10480.2565952941,9999998119.9998,-0.09526513075965139,100.7283921,False,False,0.0016810245747927615,37099993.02519926,-0.02558842443563089,-0.21569431283119112,-0.054718800511579874,0.0629381689552401,7.43256899582312e-08,0.03007525154225399,0.0,0.0,0.0,9.362819587430073,4.775061441120828e-06,40763.8205924156,0.3408319185059423,0.091414744145707,-0.2100088476586126,-0.12159495764198056,0.039352428393524264,0.05729841845994299,-0.34249416645060937,-1.0790770028519576,-1.6419497018408085,-0.8336252189141857,,-0.10733294069959624
2018-08-21,1534809600,0.004133,0.003655,0.003709,59654.86,223.05,0.003739,multiply,ETH,2018-08-21 02:00:00,0.00781671159029651,3520,62372,6,35,37,62465,0,57755.3319925965,9999998119.9998,-0.01158328840970349,223.04952154,False,False,0.0016681468768638527,37389992.97067925,-0.021597536558550897,-0.20961673355366078,-0.05523725065315844,0.06263429853463269,1.0072841103694328e-08,0.03018529856880754,0.0,0.034372843797905714,0.017186421898952857,4.760784908279396,4.076382825601613e-06,32452.68676683246,0.3149405772495755,0.091414744145707,-0.11848183571340795,-0.048072937148748156,-0.08221024258760101,0.13349937733499384,-0.2575342465753423,-1.0241594022415939,-1.6077210460772102,-1.0336037079953648,,-0.10733294069959624
2018-08-22,1534896000,0.003707,0.003596,0.003739,23611.0,84.9,0.003596,multiply,ETH,2018-08-22 02:00:00,-0.038245520192565,3529,62380,8,33,23,62488,0,84429.5128641317,9999998119.99979,-0.057745520192565,84.90515599999999,False,False,0.0017347055541558263,35959993.239519246,-0.0384397014089133,-0.1589492400764156,-0.052830725427695256,0.06260872876543534,2.2304956347332262e-08,0.029593341759554005,0.0033256535640469706,0.08664071699465065,0.04498318527934881,4.261862318244999,3.2452692867939395e-06,21890.16518781016,0.317402376910017,0.091414744145707,-0.18978990670487053,-0.13742419635846714,0.0077560845145761,0.06765498652291113,-0.4304582210242587,-0.9911051212938005,-1.838274932614555,-1.0400079223608638,,-0.10733294069959624
2018-08-23,1534982400,0.004137,0.003503,0.003596,50811.26,200.42,0.003944,multiply,ETH,2018-08-23 02:00:00,0.09677419354838701,3537,62384,4,30,29,62517,0,96895.5319482759,9999998119.9998,0.07737419354838701,200.39960943999998,False,False,0.0015817447192747328,39439992.585279204,-0.011653590155904238,0.3843511601564116,-0.034869745143390106,0.06375146790310501,8.490517196217402e-09,0.02935507718194445,0.03332262049021466,0.07632523655810754,0.0548239285241611,-7.213628756875536,2.1890169303162443e-06,17450.832829819843,0.3052631578947368,0.091414744145707,-0.07990878729806605,-0.05799850679734264,-0.03976640711902113,-0.027814923776410705,-0.1243648034233753,-0.8866006953730945,-1.7547472586253008,-0.797814207650273,,-0.10733294069959624
2018-08-24,1535068800,0.004164,0.003742,0.003944,29031.55,115.99,0.003995,multiply,ETH,2018-08-24 02:00:00,0.012931034482758896,3537,62385,1,12,12,62529,0,146552.768588275,9999998119.9998,-0.006568965517241104,115.98104225,False,False,0.0015615772647905744,39949992.4893992,-0.037489963865177965,0.03924358470807243,-0.046270696432757746,0.05918728658742262,2.0039964711513765e-08,0.02867591643443445,0.06212720667414049,0.07192894360876259,0.06702807514145154,5.964895977526021,1.7450836110577386e-06,14455.327008055967,0.3348047538200339,0.091414744145707,-0.11333056753883425,-0.10859614470345709,0.08823529411764697,-0.1446051167964406,-0.15850945494994462,-0.8392658509454951,-1.653225806451613,-1.2756898192197905,,-0.10733294069959624
2018-08-25,1535155200,0.004108,0.003636,0.003995,23016.29,85.6,0.003719,multiply,ETH,2018-08-25 02:00:00,-0.06908635794743434,3542,62392,7,40,36,62565,0,107378.874653268,9999998119.9998,-0.08858635794743434,85.59758251000001,False,False,0.0016776555990776943,37189993.00827926,-0.03122048443565587,0.23618418365159588,-0.045767528081025306,0.056976507953221525,1.1598106405444236e-08,0.028452799347559374,0.03213023974797281,0.10200317981053156,0.06706670977925218,4.1776729812907885,1.4455329725658245e-06,10758.52121969713,0.33913412563667233,0.091414744145707,-0.12374739272476787,-0.13670119329914798,0.01276595744680864,0.022058823529411575,-0.0697261663286004,-0.5352434077079109,-1.4257099391480734,-1.4291886701872296,,-0.10733294069959624
2018-08-26,1535241600,0.00373,0.003456,0.003719,16302.17,56.88,0.003489,multiply,ETH,2018-08-26 02:00:00,-0.061844581876848714,3546,62397,5,36,29,62594,0,38441.3697091864,9999998119.99979,-0.08134458187684872,56.87827113,False,False,0.0017883924256417174,34889993.44067927,-0.04893135339224353,0.2548160867507179,-0.044606634396543034,0.056674002692283565,8.559759860235034e-09,0.028365143406248024,0.0,0.21640597500729997,0.10820298750364998,8.805867314508431,1.0758523242299716e-06,9893.091077409263,0.315704584040747,0.091414744145707,-0.14204285608501865,-0.17451367299172635,-0.07421349825221846,-0.005006257822277815,0.08986232790988746,-0.45857321652065064,-1.5331664580725906,-1.4152642806352218,,-0.10733294069959624
2018-08-27,1535328000,0.00496,0.003603,0.003489,158764.23,741.7,0.004672,multiply,ETH,2018-08-27 02:00:00,0.33906563485239327,3550,62411,14,44,40,62634,0,92332.3204320484,9999998119.9998,0.31946563485239327,741.74648256,False,False,0.0013358521347018718,46719991.216639064,-0.0014581283533365453,0.7892592982134082,-0.01863243379023643,0.0799593035416954,5.687828182311812e-09,0.02853620570404389,0.0,0.2559509811528074,0.1279754905764037,8.052000141268914,9.893092937310938e-07,7892.471300183417,0.2961799660441426,0.31946563485239327,0.15415096306616888,0.06301652971335761,-0.06592146746918903,0.0024200053777897468,0.06453347674105947,-0.6488303307340684,-1.7399838666308147,-1.3968646864686471,,-0.10733294069959624
2018-08-28,1535414400,0.005545,0.004673,0.004672,115948.72,613.75,0.005293,multiply,ETH,2018-08-28 02:00:00,0.1329195205479452,3563,62418,7,42,44,62678,0,133622.147360436,9999998119.9998,0.1133195205479452,613.71657496,False,False,0.0011792558423311442,52929990.04915894,-0.0032881814259393457,1.1210955909650029,-0.005421928577392177,0.08207594811169514,7.417466220083798e-08,0.028336777067760957,0.03400753055352079,0.15953534085524423,0.09677143570438251,2.80269059544964,7.892472783968458e-07,4967.918200750934,0.3966044142614601,0.31946563485239327,0.1658360038336688,0.04544092607115815,0.2532106164383562,-0.07165376898824882,0.008598452278589908,-0.6365720836916022,-1.4978503869303528,-1.3049726933026733,,-0.10733294069959624
2018-08-29,1535500800,0.005179,0.004676,0.005293,15785.93,73.82,0.004676,multiply,ETH,2018-08-29 02:00:00,-0.1165690534668431,3569,62422,4,22,18,62696,0,34349.2733024733,9999998119.9998,-0.1362690534668431,73.81500867999999,False,False,0.0013349446478900654,46759991.20911906,-0.02911699783535945,0.9991842123896757,-0.011515907185469708,0.08361119666474436,6.137166903387501e-08,0.028124917431531813,0.03400753055352079,0.15827942513967475,0.09614347784659777,0.0499723815467803,4.967919134719831e-07,3319.783410243463,0.449320882852292,0.31946563485239327,-0.033116002101574324,-0.15050475978723893,0.11732476856225205,0.2303082191780822,0.17744006849315064,-0.10830479452054798,-0.7163955479452055,-1.3495229835212492,,-0.11172796192105315
2018-08-30,1535587200,0.005038,0.003552,0.004676,43816.63,177.42,0.004049,multiply,ETH,2018-08-30 02:00:00,-0.13408896492728828,3569,62427,5,14,12,62708,0,299022.695138333,9999998119.9998,-0.15378896492728827,177.41353486999998,False,False,0.0015417883856823774,40489992.387879185,-0.011325245187360257,1.0147434443192758,-0.015633056065081627,0.08647001730706949,7.381502255722571e-09,0.029424807467320728,0.12406663110280258,0.11550757273957654,0.11978710192118956,4.7312206551247264,3.319784034362928e-07,2995.0858939217005,0.396943972835314,0.31946563485239327,0.11049490817965321,-0.06939807321930361,-0.13195038494439704,0.2548649159266957,0.22236916682410734,0.046098620819950975,-0.5354241450972985,-0.9221962008847255,,-0.12569442424038887
2018-08-31,1535673600,0.00476,0.003521,0.004049,725558.24,3106.28,0.004281,multiply,ETH,2018-08-31 02:00:00,0.05729809829587573,3571,62430,3,20,12,62720,0,188707.035768287,9999998119.99979,0.03779809829587573,3106.11482544,False,False,0.001458304408709262,42809991.951719105,-0.0009205995286928209,0.8616283126753602,-0.014723910985275592,0.08730356278024431,1.7741356822375452e-08,0.030500063237550074,0.13607430811921759,0.023086882746507043,0.07958059543286232,2.2392322553274173,2.9950864569980144e-07,2637.336458651797,0.3437181663837011,0.31946563485239327,0.4900780409946065,0.19537404848410259,-0.15485305013583606,0.14563729683490145,0.1751497005988023,-0.1349443969204449,-0.5797690333618479,-0.7137998056365404,,-0.12569442424038887
2018-09-01,1535760000,0.004726,0.004371,0.004281,1064901.52,4655.03,0.004371,multiply,ETH,2018-09-01 02:00:00,0.021023125437981793,3569,62434,4,40,30,62750,0,14141.7237677813,9999998119.99979,0.0015231254379817934,4654.68454392,False,False,0.001428369062859655,43709991.78251908,-0.000829730178140523,0.8076069282514311,-0.013364848662371169,0.08644097687537122,3.1061154093897623e-07,0.030110577596252738,0.02772522983191447,0.0,0.013862614915957234,5.057026797239756,2.637336954471197e-07,2346.547403229042,0.36341256366723257,0.31946563485239327,0.5652741966450369,0.23258636382072942,0.05419294557346421,0.08150160533465045,0.008397135095084995,-0.038281057051123835,-0.7421585576685603,-0.7148042520093336,,-0.12569442424038887
2018-09-02,1535846400,0.004927,0.003924,0.004371,1056910.14,4795.63,0.004537,multiply,ETH,2018-09-02 02:00:00,0.03797757950125846,3571,62437,3,19,11,62761,0,29217.5806354545,9999998119.9998,0.018477579501258463,4795.2013051799995,False,False,0.0013761739417712025,45369991.47043909,-0.0006820900934802342,0.8081094139658495,-0.01121624080645136,0.08632487472235054,4.6546854190009517e-07,0.024275668974354393,0.07013231101958406,0.03959902486004199,0.054865667939813026,6.445367988587913,2.346547844380084e-07,2029.8893376710669,0.37105263157894736,0.31946563485239327,0.5891797941077141,0.2350343893202645,0.020590253946465298,0.1850035038542397,0.1333800513898622,0.02686288250408775,-0.5449661294090167,-0.5080946450809463,,-0.12569442424038887
2018-09-03,1535932800,0.004745,0.004083,0.004537,1105358.14,5059.54,0.004577,multiply,ETH,2018-09-03 02:00:00,0.008816398501212186,3578,62440,3,26,16,62777,0,21924.81365625,9999998119.99981,-0.010683601498787814,5059.22420678,False,False,0.0013642126226507186,45769991.39523913,-0.000935151642263592,1.2716421099381214,-0.00480613878729358,0.08548091987723856,4.795202206678106e-07,0.024140823965264634,0.10599073552566612,0.09026535733995551,0.09812804643281081,1.3738826364067727,2.0298897192903748e-07,1981.986954344979,0.38514431239388797,0.31946563485239327,0.6194608009022224,0.23968166094825968,0.03658805378003094,-0.0688629604209563,0.14458933882406766,0.034774651109586,-0.3852665293983071,-0.5706199460916441,,-0.12569442424038887
2018-09-04,1536019200,0.004763,0.003737,0.004577,6581731.1,26845.49,0.004079,multiply,ETH,2018-09-04 02:00:00,-0.1088048940353944,3579,62440,0,2,1,62778,0,6.4,9999998119.99981,-0.12880489403539438,26846.8811569,False,False,0.0015307676327218289,40789992.33147922,-8.262408399192703e-05,1.2980558942848206,-0.009023090522938171,0.0882765312741211,5.059225157914426e-07,0.024284701674521313,0.05157597732158152,0.05066633247991352,0.05112115490074752,6.059932683039031,1.9819873269586355e-07,4849.266094565349,0.38853989813242784,0.31946563485239327,0.843555560041029,0.3937605374352624,0.008739348918505585,-0.16662993167291162,0.2074057747410184,0.1985893762398061,-0.28432885166409516,-0.6400106980476064,,-0.13291018172269117
2018-09-05,1536105600,0.004107,0.003134,0.004079,6667761.35,25996.61,0.003899,multiply,ETH,2018-09-05 02:00:00,-0.04412846285854377,3582,62446,6,21,16,62794,0,484834.56411375,9999998119.9998,-0.06412846285854377,25997.60150365,False,False,0.0016015904524198886,38989992.66987922,-0.0001200360844052947,0.9517712347957452,-0.011035513780983882,0.08916726211880503,2.684688620411514e-06,0.02578481932293325,0.10535591774678514,0.0,0.05267795887339257,4.4540102646282484,4.849267006227642e-07,6494.64035145123,0.3462648556876061,0.31946563485239327,0.706448055978366,0.3890550150281884,-0.12208874724197116,-0.02162988857330106,0.13830019663535087,0.23989512781297806,-0.33974218920690413,-0.5878754171301446,,-0.13291018172269117
2018-09-06,1536192000,0.004106,0.00283,0.003899,10356395.66,35559.92,0.003434,multiply,ETH,2018-09-06 02:00:00,-0.11926134906386254,3587,62452,6,36,29,62823,0,110830.740016165,9999998119.9998,-0.13906134906386253,35563.86269644,False,False,0.0018186374997373168,34339993.54407931,-5.979209855649624e-05,1.2948031136206588,-0.006425453962144296,0.08966832729310215,2.5997606391200522e-06,0.027741137800674602,0.11908828720319356,0.0,0.05954414360159678,-9.862786650930449,6.494641572443974e-07,8761.892868925233,0.33098471986417655,0.31946563485239327,0.6806230703811513,0.41641390050784705,-0.04616568350859196,0.007354743809757425,0.02059328266732041,0.1519980387349842,-0.39985290512380467,-0.3128803245436107,,-0.13780481604520378
2018-09-07,1536278400,0.003399,0.003098,0.003434,6603415.97,22304.34,0.003378,multiply,ETH,2018-09-07 02:00:00,-0.016307513104251603,3589,62453,1,31,22,62845,0,358019.925154545,9999998119.9998,-0.0361075131042516,22306.339146659997,False,False,0.0018488162149546317,33779993.64935932,-0.00018452733654139718,1.8643898725949954,-0.00035811765017538236,0.0881055105449165,3.556386938244816e-06,0.027465616938458094,0.013732369456408424,0.054092151470220805,0.033912260463314615,-12.771076633280575,8.76189451616158e-07,9347.888095492368,0.2915110356536502,0.31946563485239327,0.5679907373606475,0.37101176532692914,-0.13541059988351778,-0.09797383944601168,0.04616568350859196,0.014362657091561926,-0.328032828930495,-0.2638297872340425,,-0.13780481604520378
2018-09-08,1536364800,0.003148,0.002893,0.003378,8616055.29,25261.18,0.002932,multiply,ETH,2018-09-08 02:00:00,-0.1320307874481942,3591,62459,6,21,14,62859,0,447351.568698582,9999998119.9998,-0.15183078744819417,25262.27411028,False,False,0.002130252787936407,29319994.487839416,-8.01479762474654e-05,2.0062508239734296,0.0012167322503673084,0.08857649226030179,2.2306343340252993e-06,0.027370241297191348,0.01083113578075598,0.09023173811234658,0.05053143694655128,4.288673184251765,9.347889852895849e-07,10024.45550401373,0.28675721561969436,0.31946563485239327,0.5592366744030227,0.38119796024307095,-0.0165778567199526,-0.27285963890506704,-0.016016307513104122,-0.1986022131624927,-0.47029702970297027,-0.4269965044366766,,-0.14608454017524494
2018-09-09,1536451200,0.003097,0.002724,0.002932,2810224.35,7986.25,0.002842,multiply,ETH,2018-09-09 02:00:00,-0.03069577080491137,3595,62462,3,24,17,62876,0,199009.342941176,9999998119.9998,-0.05049577080491137,7986.6576027,False,False,0.0021978188509099036,28419994.65703943,-0.0004361812620461638,1.9492902742625835,0.0008677789888868857,0.08825932583865634,2.5262278859588933e-06,0.020589738282224067,0.05612590777806715,0.05188902380371592,0.05400746579089154,5.312321966545079,1.0024457388611918e-06,10008.323911320835,0.24889643463497454,0.31946563485239327,0.4120548347356083,0.2730777604523569,-0.15211459754433831,-0.343102427471877,-0.3830669034931913,-0.14179988158673784,-0.5710479573712257,-0.20492977930639156,,-0.14608454017524494
2018-09-10,1536537600,0.003115,0.002549,0.002842,279100.91,781.31,0.002799,multiply,ETH,2018-09-10 02:00:00,-0.015130190007037303,3600,62463,1,36,31,62907,0,65410.468048998,9999998119.9998,-0.0349301900070373,781.2034470899998,False,False,0.002231618854699802,27989994.737879436,-0.005364880568020132,1.8265060095830425,0.001022244228058906,0.08684283679833486,7.986659104192072e-07,0.020891116352585767,0.09367956610140035,0.1297691817583817,0.11172437392989103,7.884206720694888,1.0008325792886285e-06,10015.767678866488,0.24125636672325973,0.31946563485239327,0.15547017149983847,0.057333491206012596,-0.03166783954961305,-0.5610504774897682,-0.8052523874488402,-0.3693724420190996,-0.4338335607094135,0.10830479452054786,1.0,-0.14608454017524494
2018-09-11,1536624000,0.003807,0.002353,0.002799,851227.19,2197.01,0.002581,multiply,ETH,2018-09-11 02:00:00,-0.0778849589138978,3610,62470,7,43,38,62945,0,29040.6613390531,9999998119.9998,-0.09808495891389779,2197.0173773899996,False,False,0.002420380152823071,25809995.147719484,-0.0011618125796340746,1.6922566465739157,-0.004272748934691296,0.08801752733556213,7.812035939562911e-08,0.02448884537613739,0.07575542695905017,0.159678899541892,0.11771716325047107,4.7043622726136896,1.0015769561831365e-06,9992.479694090944,0.23760611205432935,0.31946563485239327,0.26802304066471777,0.1530541033824872,-0.015362629510539572,-0.4352568613652359,-0.645320197044335,-0.30541871921182273,-0.4658691062631952,0.2029095031173248,1.0,-0.14608454017524494
2018-09-12,1536710400,0.002874,0.002475,0.002581,334249.47,877.29,0.002625,multiply,ETH,2018-09-12 02:00:00,0.017047655947307394,3614,62472,2,12,7,62952,0,80827.3319428571,9999998119.9998,-0.0030523440526926023,877.40485875,False,False,0.0023798861617043603,26249995.064999476,-0.0046406656233944,2.035459555748059,0.007643654636025904,0.08321306076539865,2.1970177904293884e-07,0.02483257999486752,0.027370632854960993,0.10566558133899583,0.0665181070969784,4.505171448466713,9.992481572677679e-07,9983.304792699835,0.21910016977928692,0.31946563485239327,0.1673594024145477,0.06796790629438434,-0.08446338628438577,-0.3929974991068239,-0.4465880671668452,-0.3358342265094678,-0.5073240443015363,0.2224123182207014,1.0,-0.14608454017524494
2018-09-13,1536796800,0.00303,0.002768,0.002625,195445.27,584.28,0.002989,multiply,ETH,2018-09-13 02:00:00,0.1386666666666665,3617,62475,3,6,3,62955,0,337.6,9999998119.9998,0.1185666666666665,584.1859120299999,False,False,0.002090164327377165,29889994.3806794,-0.003381941034017141,2.005573880360126,0.012985328223113792,0.08752115432133876,8.774050237021621e-08,0.024826217539285395,0.02916203599527037,0.06871030948578492,0.048936172740527646,4.203318150500497,9.98330666956169e-07,9977.373471825185,0.2228353140916808,0.31946563485239327,0.12285605275793522,0.03038777112138847,0.016761904761904867,-0.3304920573421155,-0.6586594343277801,-0.393258426966292,-0.40875629600929875,0.14077550012348727,1.0,-0.14608454017524494
2018-09-14,1536883200,0.003177,0.002715,0.002989,545083.97,1572.29,0.002884,multiply,ETH,2018-09-14 02:00:00,-0.03512880562060894,3621,62476,1,14,15,62970,0,30974.6108773333,9999998119.9998,-0.055328805620608934,1572.0221694799998,False,False,0.0021662972172500506,28839994.57807942,-0.0021302077522444367,2.0400529288917997,0.013497057616980725,0.08754893239173342,5.8418602185698376e-08,0.025105119307492728,0.06096730482343636,0.06055421400885305,0.060760759416144706,0.49000126405503863,9.977375347571951e-07,9955.987517880076,0.25373514431239386,0.31946563485239327,0.2301507220592773,0.12203283406444704,0.12177985948477743,-0.2868571428571427,-0.665142857142857,-0.5024761904761903,-0.32533333333333325,0.192011212333567,1.0,-0.14608454017524494
2018-09-15,1536969600,0.003324,0.002815,0.002884,750098.65,2377.29,0.003169,multiply,ETH,2018-09-15 02:00:00,0.09882108183079064,3623,62477,1,34,25,62995,0,11111.2161264,9999998119.99979,0.07862108183079064,2377.06262185,False,False,0.0019715055773328978,31689994.042279333,-0.0009736572763635997,1.8482938509499718,0.010421150514001451,0.0877634172880327,1.5720224650202563e-07,0.025290145748413977,0.0868263786816052,0.13781181443559595,0.11231909655860058,2.4268752470918358,9.955989389606281e-07,9922.282209008048,0.24482173174872662,0.31946563485239327,0.27427033608435836,0.16025439087023916,-0.03640776699029136,0.0190699230511876,-0.5178989628638342,-0.33656741385078637,-0.15724322515891598,0.12079615648593,1.0,-0.14608454017524494
2018-09-16,1537056000,0.003588,0.002712,0.003169,155832.68,441.47,0.002833,multiply,ETH,2018-09-16 02:00:00,-0.10602713789839069,3625,62478,1,15,9,63004,0,14886.8997546359,9999998119.99979,-0.12622713789839068,441.47398244,False,False,0.0022053657517072897,28329994.673959404,-0.005083108606593148,1.8753594944211962,0.005612779153914638,0.08919922209170564,2.377063068737907e-07,0.026087191776634617,0.055021109853439214,0.2512829559624087,0.15315203290792395,8.473794186838829,9.922284074397653e-07,9914.997552079663,0.26901528013582343,0.31946563485239327,0.09002151538160123,0.004351532473017658,0.08993373303881358,0.014563106796116498,-0.5870319001386965,-0.28952843273231643,-0.3325242718446604,0.0927925942252591,1.0,-0.14608454017524494
2018-09-17,1537142400,0.003137,0.00247,0.002833,280219.41,693.27,0.002474,multiply,ETH,2018-09-17 02:00:00,-0.12672079068125663,3634,62480,2,17,28,63032,0,101911.622035246,9999998119.9998,-0.14692079068125663,693.26282034,False,False,0.002525465309064004,24739995.348879505,-0.002979777727484525,1.9883287942222307,0.0059863859788200635,0.08993858270268067,4.4147406543713316e-08,0.020032275214170316,0.024396129148028998,0.1653214724437763,0.09485880079590264,8.41568958223116,9.914999416099752e-07,9907.812253097705,0.24049235993208828,0.31946563485239327,0.13882780204442088,0.051049462221201394,-0.11860218849276394,0.1167560744714421,-0.28715683180814144,-0.10097822656989597,-0.29883243925528546,0.1573082805331003,1.0,-0.14962128890307227
2018-09-18,1537228800,0.002855,0.002355,0.002474,297486.22,817.69,0.002749,multiply,ETH,2018-09-18 02:00:00,0.11115602263540825,3635,62481,1,18,11,63043,0,30123.3403001,9999998119.9998,0.09065602263540826,817.78961878,False,False,0.002272863286519878,27489994.831879452,-0.0026862904649769663,1.8478446274840516,0.006014551428592711,0.09167037525263488,6.932629506734486e-08,0.019979185703196675,0.05724817828293842,0.0,0.02862408914146921,1.2422555629910654,9.907814115766957e-07,9906.550530409562,0.2100169779286927,0.31946563485239327,0.15654165658285743,0.08177073636983298,-0.1451091350040421,0.0889516413695729,-0.3762795623014472,-0.6491351923755735,-0.36145428873985175,0.015690120127482166,1.0,-0.14962128890307227
2018-09-19,1537315200,0.002845,0.002559,0.002749,180338.4,470.24,0.002608,multiply,ETH,2018-09-19 02:00:00,-0.051291378683157585,3638,62489,8,27,17,63060,0,43408.5903851978,9999998119.9998,-0.07159137868315758,470.3225472,False,False,0.0023960510639545805,26079995.09695948,-0.006315309813382207,1.8149411149642105,0.005087170253394795,0.09185522682413666,8.177897725244936e-08,0.019330250116178952,0.05884581420581756,0.03892750177383152,0.04888665798982454,2.8765787874986373,9.906552392841612e-07,9899.66631374331,0.2333616298811545,0.31946563485239327,0.09637462706715787,0.045915047608100064,0.10003637686431432,-0.06103476151980591,-0.3880355699272433,-1.1394502829426032,-0.6228779304769605,0.04847396768402157,1.0,-0.14962128890307227
2018-09-20,1537401600,0.003203,0.002495,0.002608,292836.61,846.42,0.00289,multiply,ETH,2018-09-20 02:00:00,0.10812883435582821,3638,62491,2,15,9,63069,0,90712.9422191422,9999998119.9998,0.08782883435582821,846.2978029,False,False,0.0021623187456163134,28899994.566799425,-0.002628426830940589,1.9322669455030987,0.013746135844874899,0.09393594606275293,4.703226356206649e-08,0.019861961204241503,0.07635568682066289,0.06520297930527474,0.07077933306296882,-0.7895438559729744,9.899668174881125e-07,9888.53525849452,0.22139219015280134,0.31946563485239327,0.16000356285087525,0.1200040720008469,-0.054064417177914104,-0.08730447435431055,-0.22881047653692232,-0.7009821753364858,-0.34958166606038565,-0.08881770529994171,1.0,-0.14962128890307227
2018-09-21,1537488000,0.003195,0.002749,0.00289,306473.45,856.27,0.002794,multiply,ETH,2018-09-21 02:00:00,-0.03321799307958484,3636,62496,5,16,9,63078,0,43808.0766836833,9999998119.9998,-0.05371799307958484,856.2868193,False,False,0.002236793548648943,27939994.74727944,-0.003976078473824803,1.7251710496957888,0.00595907571455213,0.09569099607704443,8.462979620040337e-08,0.020276494430858046,0.05036192174975475,0.1183429591588199,0.08435244045428733,4.321842646454888,9.888537117539697e-07,9874.513825873932,0.24533106960950765,0.31946563485239327,0.16091171420319228,0.14316904700574903,0.09757785467128033,-0.10582822085889565,-0.12423312883435589,-0.5525306748466257,-0.4336656441717792,-0.0645352279455298,1.0,-0.14962128890307227
2018-09-22,1537574400,0.002769,0.002504,0.002794,229840.07,575.55,0.002504,multiply,ETH,2018-09-22 02:00:00,-0.10379384395132418,3638,62499,3,26,16,63094,0,50371.2376237,9999998119.9998,-0.12429384395132417,575.51953528,False,False,0.002495966922915953,25039995.2924795,-0.003936180230153712,1.562743268429422,-0.0007382586608341684,0.0963057048948547,8.562869802819695e-08,0.0199637375959857,0.0,0.09206748162737668,0.04603374081368834,-5.6973614138290785,9.87451568228308e-07,9867.559128741499,0.23718166383701186,0.31946563485239327,0.11726038094202046,0.13093355604523157,-0.03435934144595576,-0.09653979238754307,0.01660899653979253,-0.4813148788927335,-0.2442906574394461,-0.34515688949522483,1.0,-0.14962128890307227
2018-09-23,1537660800,0.002543,0.002421,0.002504,85692.79,213.75,0.002494,multiply,ETH,2018-09-23 02:00:00,-0.003993610223642197,3639,62502,3,10,5,63099,0,85953.6048546926,9999998119.9998,-0.024493610223642194,213.71781826,False,False,0.0025060950982509806,24939995.3112795,-0.025842766336435355,1.6333994345047778,0.0021222642715536255,0.09630822981469375,5.755196434777045e-08,0.019834901466368918,0.0,0.024395834456431176,0.012197917228215588,5.3107760436023685,9.867560983843162e-07,9865.670011900393,0.21256366723259762,0.31946563485239327,0.009327320782656506,0.04664556106049648,-0.11581469648562304,-0.013958482462419486,-0.0017895490336434783,-0.5644237652111668,-0.4115962777380098,-0.4057002111189305,1.0,-0.14962128890307227
2018-09-24,1537747200,0.002507,0.002234,0.002494,160861.78,403.3,0.002507,multiply,ETH,2018-09-24 02:00:00,0.005212510024057648,3639,62502,0,4,2,63101,0,228990.01075,9999998119.9998,-0.015487489975942351,403.28048246000003,False,False,0.002493099790601494,25069995.2868395,-0.013034833068817942,1.8207559014601489,0.008656792544920902,0.09560230381924505,2.1371785843896168e-08,0.02004397734451125,0.0,0.024395834456431176,0.012197917228215588,8.408656679102224,9.8656718666469e-07,9859.605185157025,0.21171477079796264,0.31946563485239327,0.07831032970604736,0.12937671182471752,-0.00400962309542896,0.01198083067092659,-0.03075079872204456,-0.8119009584664536,-0.595447284345048,-0.32868881743479816,1.0,-0.14962128890307227
2018-09-25,1537833600,0.00274,0.002345,0.002507,234644.46,581.2,0.002477,multiply,ETH,2018-09-25 02:00:00,-0.011966493817311519,3644,62507,5,26,18,63119,0,164201.476041775,9999998119.99981,-0.033166493817311515,581.21432742,False,False,0.002523496639132798,24769995.343239527,-0.007614479732702902,1.69927961312365,0.008792338170206072,0.09585981104736012,4.032805582767527e-08,0.020366910198197884,0.019248669109064302,0.0,0.009624334554532151,3.131556027610518,9.859607038763348e-07,9849.69449801644,0.21281833616298812,0.31946563485239327,0.11786345269542899,0.1879579525108225,0.005185480654168351,-0.10224538893344026,-0.05252606255012027,-0.8352044907778668,-0.49117882919005607,-0.3518016272762494,1.0,-0.14962128890307227
2018-09-26,1537920000,0.002613,0.002228,0.002477,282187.0,695.14,0.002463,multiply,ETH,2018-09-26 02:00:00,-0.005651998385143409,3644,62514,7,13,8,63127,0,27964.1883625,9999998119.9998,-0.026751998385143406,695.026581,False,False,0.00253812471590075,24629995.369559504,-0.0074468318786128345,1.3524561392114176,-0.009301594104688778,0.0771829345305698,5.8121443668832575e-08,0.019936031613248237,0.019248669109064302,0.0,0.009624334554532151,-0.27310250006666514,9.849696349759554e-07,9850.516098828906,0.21027164685908317,0.1185666666666665,0.1370028194542065,0.21727885013547832,-0.012111425111021479,-0.040287195851615554,-0.19226166733147187,-0.627044276027124,-0.3917032309533306,-0.7798095238095237,1.0,-0.14962128890307227
2018-09-27,1538006400,0.002726,0.002474,0.002463,241537.55,597.61,0.002474,multiply,ETH,2018-09-27 02:00:00,0.004466098254161555,3645,62527,13,32,21,63148,0,28819.2677942857,9999998119.9998,-0.016533901745838447,597.5638987,False,False,0.002527365066898927,24739995.348879505,-0.009055500402708944,0.8388841365116199,-0.02429113985631441,0.07376507343527915,6.950267116650356e-08,0.01988737311942125,0.0,0.08468179706134034,0.04234089853067017,5.04136545414417,9.850517950726477e-07,9850.806243718249,0.2090831918505942,0.1185666666666665,0.12059907464431549,0.2156689110526598,-0.00568412505075111,-0.16673395236172794,-0.16431166733952351,-0.5740815502624141,-0.8861526039563987,-0.7708263633322181,1.0,-0.14962128890307227
2018-09-28,1538092800,0.00257,0.002264,0.002474,207378.88,473.25,0.002282,multiply,ETH,2018-09-28 02:00:00,-0.07760711398544862,3646,62564,37,60,49,63197,0,8743.76707959184,9999998119.9998,-0.09880711398544861,473.23860416,False,False,0.002741630664418732,22819995.709839545,-0.005401284169244246,0.9498469741194071,-0.020722261813476636,0.07252016486143785,5.975640110420461e-08,0.020068051748206465,0.009423503765546964,0.1071147250644424,0.05826911441499468,2.403554083813452,9.85080809567037e-07,9843.171173370538,0.2100169779286927,0.1185666666666665,0.09524114140059224,0.2070194464639182,0.004446240905416343,-0.13438895655704441,-0.2866423061307348,-0.3942346731628097,-1.1490052781161184,-0.6213592233009708,1.0,-0.14962128890307227
2018-09-29,1538179200,0.002468,0.002359,0.002282,49942.5,117.84,0.002359,multiply,ETH,2018-09-29 02:00:00,0.033742331288343363,3647,62622,58,80,66,63263,0,19418.1318197121,9999998119.99979,0.012542331288343363,117.8143575,False,False,0.0026545999055930278,23589995.565079506,-0.02876561210774623,0.8999254729115065,-0.015741494497134547,0.07027927743293985,4.732386931288843e-08,0.018612706574791135,0.0180435179353176,0.0395170787705246,0.028780298352921098,-2.7567859063953453,9.843173023887264e-07,9844.337353583316,0.1937181663837012,0.1185666666666665,-0.05622544879861183,0.06234901494266414,-0.08413672217353185,-0.012126111560226471,-0.1451091350040421,-0.3654001616814875,-0.8900565885206142,-0.2776901230672135,1.0,-0.14962128890307227
2018-09-30,1538265600,0.002442,0.002326,0.002359,33217.48,81.13,0.002442,multiply,ETH,2018-09-30 02:00:00,0.03518440016956337,3650,62685,63,81,67,63330,1,1692625.32008955,9999998119.9998,0.013984400169563368,81.11708616000001,False,False,0.0025669537995406826,24419995.409039512,-0.04126322369382156,0.5859873994762781,-0.0227273207597068,0.07028812141835852,1.1781437964910574e-08,0.017346254635971683,0.008620014169770636,0.017084150767422535,0.012852082468596586,6.157394988966134,9.844339204319284e-07,9888.08926889261,0.20025466893039048,0.1185666666666665,-0.09677887446930547,0.025258040149342822,0.03264094955489605,-0.0929009640666083,-0.08413672217353185,-0.28483786152497803,-0.7743207712532862,-0.5111189551711965,1.0,-0.14962128890307227
2018-10-01,1538352000,0.003348,0.002424,0.002442,269231.02,683.79,0.00254,multiply,ETH,2018-10-01 02:00:00,0.040131040131040185,3650,62816,131,152,142,63472,0,5410.0261556338,9999998119.9998,0.018831040131040186,683.8467908000001,False,False,0.002473071331079192,25399995.22479949,-0.004702230410759538,0.34889335072450495,-0.027109686586890037,0.07089256339417355,8.11171014100167e-09,0.019638915521311747,0.10662172658506736,0.033171061069674004,0.06989639382737067,8.466426096980047,9.888091127853941e-07,9929.348823753871,0.2073005093378608,0.1185666666666665,0.13687847980675436,0.26875343430405735,0.033988533988534075,-0.062738448495125,-0.16532428995337023,-0.20474777448071224,-0.8147520135650701,-0.7667744543249797,1.0,-0.14962128890307227
2018-10-02,1538438400,0.003201,0.00248,0.00254,131835.38,386.32,0.00293,multiply,ETH,2018-10-02 02:00:00,0.15354330708661412,3650,62962,146,166,151,63623,0,88892.7338353623,9999998119.9998,0.13214330708661412,386.2776634,False,False,0.0021488741241248973,29299994.49159941,-0.004850843831859243,-0.003770479864694809,-0.03158823645952285,0.07654766908058852,6.838469193632347e-08,0.019717133060593296,0.10662172658506736,0.29896216715853524,0.2027919468718013,5.882245726369199,9.929350690472e-07,9974.059647249931,0.21561969439728354,0.13214330708661412,0.07725182163471025,0.20899942217261958,0.03858267716535435,-0.014332514332514368,-0.06797706797706793,-0.14619164619164615,-0.7899262899262898,-0.6504183339396143,1.0,-0.14962128890307227
2018-10-03,1538524800,0.004102,0.002816,0.00293,302218.98,1239.84,0.004102,multiply,ETH,2018-10-03 02:00:00,0.3999999999999999,3651,62966,4,20,10,63633,0,23694.161542,9999998119.99981,0.3784999999999999,1239.7022559599998,False,False,0.0015350076020870654,41019992.28823922,-0.0007391216136527869,-0.08457105592859393,-0.020986908225004795,0.10552831704197281,3.862777360202217e-08,0.020333187506084163,0.0,0.26579110608886125,0.13289555304443063,5.461225722684235,9.974061522373696e-07,10003.779655236043,0.24872665534804753,0.3784999999999999,0.20669531345447376,0.3441649089635348,0.13310580204778144,0.03031496062992134,-0.13779527559055116,-0.016141732283464494,-0.786220472440945,-0.7549846625766872,1.0,-0.14962128890307227
2018-10-04,1538611200,0.005096,0.003597,0.004102,1185156.61,5059.29,0.004269,multiply,ETH,2018-10-04 02:00:00,0.04071184787908355,3667,62983,17,56,50,63683,0,56404.6264641047,9999998119.99981,0.01911184787908355,5059.43356809,False,False,0.0014753575038839875,42689991.97427919,-0.000632726190221344,0.2247675148717171,-0.008312077111967311,0.10321762398197723,1.2397024890240915e-07,0.02133703651742589,0.012019865303628223,0.03865172630595046,0.02533579580478934,3.8539589887023187,1.0003781535947173e-06,9178.519849885532,0.34821731748726653,0.3784999999999999,0.36184036661092606,0.5042794829888921,0.2857142857142857,0.1556313993174061,0.04641638225255962,0.10409556313993162,-0.5621160409556316,-0.41141868512110724,1.0,-0.14962128890307227
2018-10-05,1538697600,0.004387,0.004034,0.004269,59754.45,243.76,0.004079,multiply,ETH,2018-10-05 02:00:00,-0.04450691028343878,3671,62985,2,11,6,63689,0,7565.42969333333,9999998119.99981,-0.06600691028343877,243.73840155,False,False,0.0015441287531547789,40789992.33147922,-0.012768241667323248,0.1985699284415543,-0.011117231142911162,0.1034843137708724,5.059434519263786e-07,0.01975397162668527,0.020958074652007237,0.07001564385481171,0.04548685925340947,4.725852911466873,9.178521575447771e-07,8308.770650125009,0.3623938879456706,0.3784999999999999,0.048640834531861424,0.1663628746005508,0.0391192316701805,0.4436860068259385,0.3895660653339833,0.27133105802047774,0.005607020965382681,-0.39549033643521825,1.0,-0.14962128890307227
2018-10-06,1538784000,0.0042,0.004021,0.004079,1225.81,4.929,0.004021,multiply,ETH,2018-10-06 02:00:00,-0.014219171365530747,3682,62996,11,46,41,63730,0,13307.4912685176,9999998119.9998,-0.035719171365530746,4.92898201,False,False,0.0015666752510134663,40209992.4405192,-0.862888953569368,-1.248643693728048,-0.04021408011925847,0.09940380274848272,2.43738447372833e-08,0.017669863600028073,0.01177363747579754,0.0850892422680481,0.04843143987192282,5.233458545924144,8.308772212174352e-07,5878.539178812,0.3462648556876061,0.3784999999999999,-0.360665394732536,-0.26948525234116644,-0.04658004412846295,0.4474115717966737,0.41578824080580934,0.3244319512766457,0.08667135160459127,-0.37140575079872207,1.0,-0.14962128890307227
2018-10-07,1538870400,0.004897,0.003274,0.004021,13855.06,59.4,0.004287,multiply,ETH,2018-10-07 02:00:00,0.0661526983337477,3692,63005,9,35,32,63762,0,34225.6536890903,9999998119.99981,0.04465269833374771,59.39664222,False,False,0.001469676040236609,42869991.94043918,-0.04572294824438944,-1.850034385517457,-0.04891004403997397,0.0980884743145005,4.928982936648887e-10,0.01976684474157341,0.003888078741542206,0.05372532471918685,0.028806701730364526,8.42920572144495,5.878540283977691e-07,4620.4219680969745,0.34134125636672324,0.3784999999999999,-0.04562114948086493,0.010263271796470647,-0.014424272569012686,0.4013238538857563,0.38538857563128215,0.22309389556263792,0.15812699190978186,-0.3544506816359261,1.0,-0.14962128890307227
2018-10-08,1538956800,0.004357,0.004243,0.004287,1977.22,8.389,0.004243,multiply,ETH,2018-10-08 02:00:00,-0.010263587590389478,3692,63010,5,25,28,63790,0,50193.9858905684,9999998119.9998,-0.031763587590389476,8.38934446,False,False,0.0014850344531200444,42429992.023159154,-0.5458296359760776,-2.5336558936199474,-0.05909126770251554,0.09382423741493273,5.939665338657202e-09,0.01975321172319957,0.002591139697865009,0.03797302268913271,0.02028208119349886,7.904882192148443,4.6204228367365615e-07,1604.931841475782,0.36392190152801357,0.3784999999999999,-0.23992987761093404,-0.20847814236004866,0.062048052250991304,0.3683163392190997,0.3839840835613032,0.2954488933101219,0.1599104700323304,-0.1695253290785801,1.0,-0.14962128890307227
2018-10-09,1539043200,0.004777,0.003628,0.004243,34827.98,153.55,0.004409,multiply,ETH,2018-10-09 02:00:00,0.039123261843035495,3692,63013,3,23,15,63805,0,17941.2380944293,9999998119.99981,0.017423261843035494,153.55656382,False,False,0.001429190561271205,44089991.71107916,-0.021106476833155436,-2.6005491700488905,-0.05603320017516617,0.09215565910340029,8.389346037197215e-10,0.02066858843566094,0.0015384890837413297,0.03797302268913271,0.01975575588643702,3.4588976434663508,1.6049321432030568e-07,968.458718389652,0.3601867572156197,0.3784999999999999,0.1985293926710001,0.11774515659722856,-0.010370021211407066,0.3165383718217868,0.4254723582925123,0.42290646139491483,0.3160718451131327,-0.14735567218409362,1.0,-0.14962128890307227
2018-10-10,1539129600,0.005782,0.004167,0.004409,482468.57,2155.14,0.004467,multiply,ETH,2018-10-10 02:00:00,0.013154910410523968,3694,63017,4,29,28,63833,0,65801.2788165982,9999998119.9998,-0.008645089589476032,2155.1871021899997,False,False,0.0014107233455831541,44669991.6020391,-0.0020095518251805598,-2.591446086073163,-0.05646419545248777,0.0921940745910677,1.535565926886425e-08,0.022206821343311495,0.0,0.08371906093079534,0.04185953046539767,6.70484086063034,9.684589004599438e-08,998.3684045805473,0.3742784380305602,0.3784999999999999,0.6382455424780816,0.4145512553093998,0.03765026083012013,0.033231204336554465,0.4169219891586142,0.35210935658732034,0.33019090266321005,-0.13641900121802686,1.0,-0.14962128890307227
2018-10-11,1539216000,0.004155,0.003493,0.004467,143853.85,534.41,0.003715,multiply,ETH,2018-10-11 02:00:00,-0.1683456458473248,3697,63018,1,17,12,63845,0,18338.2530816667,9999998119.99981,-0.1897456458473248,534.41705275,False,False,0.0016963125665514786,37149993.01579929,-0.003333980433883673,-1.3467845074907148,-0.03224785026201691,0.0977213890386792,2.1551875073652922e-07,0.01867399276289909,0.0379080740162826,0.13227715825650369,0.08509261613639314,2.772357693662425,9.983685922738622e-08,967.6676342985307,0.3792020373514431,0.3784999999999999,0.4254875069116347,0.2577725671170837,0.012984105663756407,0.03175323202540248,0.4824223179859378,0.4084826491267861,0.3651621682921298,-0.04324979789814054,1.0,-0.15290778506169592
2018-10-12,1539302400,0.003978,0.003567,0.003715,151418.79,602.37,0.003978,multiply,ETH,2018-10-12 02:00:00,0.07079407806191118,3709,63025,7,44,30,63875,0,44330.8953665514,9999998119.99981,0.04939407806191118,602.34394662,False,False,0.001584339161606421,39779992.52135924,-0.004396126066897495,-1.4079443551507682,-0.03492017003785472,0.09759496384494272,5.34417153220435e-08,0.01846616317760428,0.0379080740162826,0.04855809732570835,0.04323308567099547,-8.097524580358488,9.676678162200988e-08,968.131709927172,0.31536502546689305,0.3784999999999999,0.45464539495904904,0.271189478988091,-0.20242261103633896,0.08685918961271533,0.4719050817103201,0.3530333557197223,0.4222072979628385,-0.1503067484662577,1.0,-0.15290778506169592
2018-10-13,1539388800,0.004049,0.003823,0.003978,8007.58,30.63,0.003825,multiply,ETH,2018-10-13 02:00:00,-0.038461538461538436,3715,63026,1,18,11,63886,0,8338.2077,9999998119.99981,-0.05986153846153844,30.6289935,False,False,0.0016477388718664427,38249992.80899927,-0.10637295469802109,-1.642955333692546,-0.04694663724879299,0.09488424050330661,6.023440598606947e-08,0.01849985096389322,0.0,0.0,0.0,3.9652738223598387,9.681318919359865e-08,977.0040739892444,0.3376910016977928,0.3784999999999999,0.023035521744694986,-0.0628234083602257,0.06611362493715434,-0.08236877523553177,0.342664872139973,0.24791386271870797,0.29340511440107664,-0.26706231454005924,1.0,-0.15290778506169592
2018-10-14,1539475200,0.003763,0.003553,0.003825,5538.97,20.74,0.003744,multiply,ETH,2018-10-14 02:00:00,-0.02117647058823524,3717,63029,3,15,8,63894,0,13545.1335625,9999998119.99981,-0.04257647058823524,20.737903680000002,False,False,0.0016834671968337454,37439992.96127929,-0.1858849694294751,-1.6150383728842599,-0.046032542942125394,0.09477041897025032,3.0628999258252444e-09,0.01826769840677508,0.0,0.0,0.0,8.934532034067594,9.770042576660638e-08,974.0141141277696,0.32470288624787774,0.3784999999999999,-0.030183481055968648,-0.10640430306441999,-0.040000000000000036,-0.07767722473604843,0.3614881850175967,0.3705379587732528,0.2486173956762192,-0.1809991809991809,1.0,-0.15290778506169592
2018-10-15,1539561600,0.004444,0.003942,0.003744,11403.2,45.67,0.004005,multiply,ETH,2018-10-15 02:00:00,0.06971153846153855,3716,63033,4,13,13,63907,0,46129.5645816331,9999998119.99981,0.04801153846153855,45.669816000000004,False,False,0.0015738579737879508,40049992.470599234,-0.058318374443960715,-1.6562519281450232,-0.05057783721270602,0.09254507510958447,2.073790757872702e-09,0.018459486893807758,0.026719557342685652,0.03340871762063251,0.03006413748165908,6.393972289059662,9.740142972424761e-08,930.2574652592536,0.31782682512733446,0.3784999999999999,0.0946875243917889,-0.017799621128420217,-0.02163461538461542,-0.109281045751634,0.2339869281045751,0.3479738562091502,0.24601307189542487,-0.24763779527559038,1.0,-0.15290778506169592
2018-10-16,1539648000,0.00431,0.003994,0.004005,28187.08,121.47,0.00431,multiply,ETH,2018-10-16 02:00:00,0.07615480649188511,3717,63036,3,8,4,63911,0,32099.6230584475,9999998119.99981,0.054254806491885105,121.4863148,False,False,0.001462552479136228,43099991.897199176,-0.021195696709824376,-0.466964448140349,-0.012552501259656847,0.09536558171627416,4.56698245859279e-09,0.01737636764026636,0.02895247708199801,0.16076013921334292,0.09485630814767046,-25.892363770207176,9.302576401477077e-08,934.2572682533923,0.33998302207130726,0.3784999999999999,0.255310082167768,0.09190018515254858,0.06516853932584266,-0.1776175213675213,-0.095619658119658,0.3303952991452991,0.15357905982905984,0.033105802047781574,1.0,-0.15290778506169592
2018-10-17,1539734400,0.004256,0.003508,0.00431,253304.14,888.7,0.003508,multiply,ETH,2018-10-17 02:00:00,-0.18607888631090486,3717,63040,4,17,13,63924,0,6246656.45951539,9999998119.99981,-0.20807888631090485,888.59092312,False,False,0.001797035685619254,35079993.40495933,-0.0018924170070598269,-0.5328813773441612,-0.016944274598597542,0.10050863679895428,1.214863376394338e-08,0.016733129049452167,0.005412692550730282,0.12735142159271043,0.06638205707172036,2.4604428628958495,9.342574438938096e-08,935.3851058775141,0.39650413983440663,0.3784999999999999,0.5485432556602656,0.3148630336402954,0.07076566125290018,-0.11535580524344557,-0.06591760299625471,0.3815230961298377,0.2926342072409488,0.39687957094100434,1.0,-0.15582145635522707
2018-10-18,1539820800,0.003807,0.003422,0.003508,10817.63,39.56,0.003657,multiply,ETH,2018-10-18 02:00:00,0.04247434435575825,3719,63040,0,12,7,63931,0,25664.39614,9999998119.99981,0.020574344355758254,39.560072909999995,False,False,0.0017238176606924644,36569993.124839306,-0.07984957597861553,-0.46719637258187424,-0.01688662531543417,0.09977475274826518,8.885910901751418e-08,0.0164619149509804,0.003179772811417926,0.1029240084318733,0.053051890621645614,5.890612522784377,9.353852817299647e-08,940.6563023711858,0.33314339981006647,0.3784999999999999,0.09205314077663089,-0.03423109922538519,-0.2286202964652222,0.13805104408352664,0.053596287703016166,0.42853828306264496,0.4259860788863108,0.35605528226750993,1.0,-0.15582145635522707
2018-10-19,1539907200,0.004177,0.003613,0.003657,7648.93,31.95,0.004177,multiply,ETH,2018-10-19 02:00:00,0.14219305441618824,3719,63043,3,16,12,63943,0,151676.458796333,9999998119.99981,0.12029305441618823,31.94958061,False,False,0.0015092892471172475,41769992.14723921,-0.061051493300772544,-0.5542129606182227,-0.012639138887546267,0.10140568249405899,3.956008034729586e-09,0.016437573979508863,0.05972219727883068,0.1260932474495719,0.09290772236420129,2.3795776387569116,9.406564792146218e-08,946.0447444755556,0.3472934472934473,0.3784999999999999,0.06688968855811046,-0.05776505450302151,0.04074377905386939,-0.13397947548460665,-0.14623717217787924,0.29475484606613445,0.21636259977194972,0.36062760480509926,1.0,-0.15582145635522707
2018-10-20,1539993600,0.004225,0.00365,0.004177,15208.7,58.01,0.003814,multiply,ETH,2018-10-20 02:00:00,-0.08690447689729475,3721,63046,3,31,21,63964,0,21242.8797536186,9999998119.99981,-0.10880447689729475,58.00598180000001,False,False,0.0016530155178985692,38139992.82967927,-0.04211541041845315,-0.6130695675264066,-0.021131124037222667,0.10183594534819677,3.1949586616522897e-09,0.015861815416667677,0.08325098297910943,0.05564327198038703,0.06944712747974824,5.1958590996237515,9.46044922332019e-08,949.5492142626659,0.39667616334283007,0.3784999999999999,0.15742888038698274,0.009111862974250666,0.12449126167105584,-0.045939294503691386,-0.17227235438884336,0.37599124965818975,0.28684714246650256,0.2812733150957474,1.0,-0.15582145635522707
2018-10-21,1540080000,0.004118,0.003809,0.003814,8217.87,33.49,0.004075,multiply,ETH,2018-10-21 02:00:00,0.06843209229155733,3724,63051,5,17,10,63974,0,13561.57776,9999998119.99981,0.04653209229155733,33.48782025,False,False,0.001547264094566661,40749992.33899922,-0.08008623310851867,-0.29880346137843705,-0.009793130241519156,0.10154037866158265,5.8005992705127745e-09,0.015484077769459892,0.04230238054811131,0.059754304834163344,0.051028342691137325,8.726856076278473,9.4954939277797e-08,952.6295982457972,0.37029126213592234,0.3784999999999999,0.08384040339617521,-0.05235782250064235,-0.0951756685894074,0.10366291596839838,-0.015800813981326378,0.43524060330380654,0.30811587263586304,0.34826218801026354,1.0,-0.15582145635522707
2018-10-22,1540166400,0.004052,0.003848,0.004075,19373.74,74.55,0.003848,multiply,ETH,2018-10-22 02:00:00,-0.055705521472392605,3724,63051,0,9,5,63979,0,63237.392404428,9999998119.99981,-0.0775055214723926,74.55015152,False,False,0.0016385398090850163,38479992.76575927,-0.03873467658102435,0.10155711333835526,0.00029189846102890035,0.10085977542169008,3.348782654571203e-09,0.015452292323846461,0.01877359484783255,0.07782856828689863,0.04830108156736559,9.200885882215625,9.526297773402137e-08,956.2095513361041,0.3999018645731109,0.3784999999999999,0.20772336317240606,0.037358119703883676,0.06404907975460117,-0.05007865757734664,-0.15600419507079177,0.3597273203985317,0.26743576297850025,0.4098515201508367,1.0,-0.15582145635522707
2018-10-23,1540252800,0.00385,0.003626,0.003848,38839.28,140.83,0.003626,multiply,ETH,2018-10-23 02:00:00,-0.05769230769230771,3730,63055,4,15,9,63988,0,59921.7976742511,9999998119.99981,-0.0797923076923077,140.83122928,False,False,0.001738968887323316,36259993.183119304,-0.020255673720221024,0.134623243400105,-0.0009880936205038243,0.10182434286876565,7.455016553543254e-09,0.015440242410126617,0.0,0.0922583917335495,0.04612919586677475,5.923958304918947,9.562097311035519e-08,957.0801621273839,0.3776251226692836,0.3784999999999999,0.304888519393175,0.10871446691449864,-0.058991683991683974,-0.05766871165644161,-0.09619631901840497,0.3766871165644171,0.3855214723926379,0.43433885234747105,1.0,-0.15582145635522707
2018-10-24,1540339200,0.003713,0.003511,0.003626,37266.86,130.83,0.003511,multiply,ETH,2018-10-24 02:00:00,-0.031715388858245985,3734,63057,2,11,7,63995,0,11624.8428571429,9999998119.9998,-0.05371538885824599,130.84394546,False,False,0.0017959843877732697,35109993.39931929,-0.02637457354881224,0.10733593609819636,-0.0029629089420736762,0.1022369830101848,1.408312557562789e-08,0.015124067896217048,0.0009336339376734001,0.07485315303142842,0.03789339348455091,5.221611645779796,9.570803420585064e-08,959.4234381854989,0.3558390578999019,0.3784999999999999,0.2948121842165047,0.10045707926620992,-0.061224489795918435,0.08835758835758833,0.03456340956340953,0.23856548856548854,0.3518711018711018,0.43877322587866574,1.0,-0.15582145635522707
2018-10-25,1540425600,0.003642,0.003403,0.003511,54108.34,186.19,0.003441,multiply,ETH,2018-10-25 02:00:00,-0.019937339789233732,3740,63060,3,15,10,64005,0,529258.8,9999998119.9998,-0.041837339789233735,186.18679794,False,False,0.0018326071448789157,34409993.53091931,-0.021028133989289436,0.050420134526840354,-0.005003278878189714,0.10240297416305644,1.3084397005866898e-08,0.01483420963178476,0.0009336339376734001,0.09952486459429098,0.05022924926598219,5.166149767242831,9.594236185571574e-08,961.0621161015847,0.34455348380765455,0.3784999999999999,0.34865187325136915,0.1399618407374739,-0.03275420108231275,-0.008549365692222866,-0.09707666850524,-0.13127413127413123,0.3086045228902371,0.3332436069986541,1.0,-0.15582145635522707
2018-10-26,1540512000,0.003478,0.003185,0.003441,21088.27,67.16,0.003185,multiply,ETH,2018-10-26 02:00:00,-0.07439697762278408,3749,63062,2,29,20,64025,0,118262.002652768,9999998119.99981,-0.09599697762278409,67.16613995,False,False,0.0019799689750599507,31849994.01219939,-0.038685265570601216,-0.07696718391340307,-0.009679390074524882,0.10349300648721582,1.8618683294312815e-08,0.01450229132778346,0.0006465979899586405,0.06638180688098834,0.03351420243547349,4.797544197595375,9.610622967813148e-08,963.3471691674356,0.3948364888123924,0.3784999999999999,0.20392249191684383,0.02562660806995159,-0.02034292356873002,-0.1896895471375677,-0.08943320991170611,-0.21589290800341798,0.2945029906009683,0.3808446455505279,1.0,-0.15290778506169592
2018-10-27,1540598400,0.003255,0.003176,0.003185,19642.18,63.73,0.003245,multiply,ETH,2018-10-27 02:00:00,0.01883830455259039,3753,63063,1,10,7,64032,0,83088.5884780557,9999998119.99981,-0.002761695447409611,63.738874100000004,False,False,0.0019433901958658684,32449993.89939938,-0.06231460881396643,0.01134688456617261,-0.006779860744344758,0.10341487979992783,6.716615257723797e-09,0.014224591721509455,0.007383236255442509,0.011880311022991329,0.009631773639216919,5.279073359989443,9.633473502767558e-08,965.8585594915962,0.3919035314384151,0.3784999999999999,0.2024957044864547,0.020149537419783144,-0.08037676609105193,-0.10839872130194705,-0.08805579773321703,-0.18541121766928215,0.2842197035745423,0.35320261437908496,1.0,-0.15290778506169592
2018-10-28,1540684800,0.00326,0.003097,0.003245,11794.06,38.2,0.003239,multiply,ETH,2018-10-28 02:00:00,-0.001848998459167972,3756,63067,4,26,17,64049,0,156928.696309615,9999998119.99981,-0.023448998459167973,38.20096034,False,False,0.001947113672633511,32389993.910679385,-0.164736988387191,0.3083039897176904,0.00231516026744279,0.10237674753215835,6.37388860829118e-09,0.014096008056058044,0.006736638265483868,0.08733426023965021,0.047035449252567044,8.269836636966051,9.65858741073058e-08,968.780693991828,0.39928632951888765,0.3784999999999999,0.1334814179640428,-0.036894065656051585,0.01848998459167961,-0.2794348508634221,-0.2574568288854002,-0.26248037676609126,0.22323390894819461,0.39049145299145294,1.0,-0.15290778506169592
2018-10-29,1540771200,0.00318,0.002857,0.003239,86634.38,247.5,0.002857,multiply,ETH,2018-10-29 01:00:00,-0.11793763507255328,3763,63071,4,18,12,64061,0,23944.6580773833,9999998119.9998,-0.13963763507255328,247.51442366000003,False,False,0.002207595794797042,28569994.62883943,-0.00863626159217728,0.6534326498869225,0.0053849312754386935,0.10433108081757277,3.820096752178266e-09,0.014023541393793753,0.0,0.11541110839039541,0.057705554195197704,8.607812182458748,9.687808761226511e-08,967.606794447193,0.4384729930959794,0.3784999999999999,0.409859569892163,0.17251211478043527,-0.001852423587527019,-0.18582434514637902,-0.3281972265023112,-0.32110939907550073,0.296764252696456,0.4109862671660425,1.0,-0.15290778506169592
2018-10-30,1540857600,0.002864,0.002727,0.002857,52571.77,144.4,0.002747,multiply,ETH,2018-10-30 01:00:00,-0.03850192509625494,3762,63074,3,15,9,64070,0,3962487.15539111,9999998119.9998,-0.060601925096254936,144.41465219,False,False,0.002296105273313269,27469994.835639447,-0.022553438913893588,1.3214907864930443,0.016848957937330215,0.10410088861064568,2.475144701927254e-08,0.01402196505621102,0.0,0.03995715917373653,0.019978579586868266,0.6856117318043449,9.676069763573231e-08,966.8738392115372,0.4050184292599943,0.3784999999999999,0.33015041233994735,0.11209928002623762,-0.13370668533426677,-0.11948132139549239,-0.08305032417412783,-0.3099722136461871,0.2716887928372955,0.43341067285382817,1.0,-0.15290778506169592
2018-10-31,1540944000,0.002829,0.002374,0.002747,183827.13,487.36,0.002651,multiply,ETH,2018-10-31 01:00:00,-0.034947215143793176,3766,63079,5,18,12,64082,1,7156908.00960251,9999998119.99981,-0.05694721514379318,487.32572163000003,False,False,0.0023794421674407933,26509995.016119495,-0.006882289084617385,1.6967501855807097,0.022194002436150006,0.1041451091845483,1.4441467933996247e-08,0.012033346151352407,0.0255060893467644,0.0,0.0127530446733822,3.0039269801486324,9.668740209838715e-08,965.9313953218551,0.415331115814938,0.3784999999999999,0.5064350611201754,0.2500971903624099,-0.04004368401892977,-0.2289114455722785,-0.2800140007000349,-0.5432271613580677,0.1452572628631431,0.2759407069555302,1.0,-0.15290778506169592
2018-11-01,1541030400,0.002758,0.002029,0.002651,309380.48,761.78,0.002462,multiply,ETH,2018-11-01 01:00:00,-0.07129385137683886,3775,63089,10,26,28,64110,0,96648.9149609411,9999998119.99981,-0.09339385137683885,761.69474176,False,False,0.0025625106360981083,24619995.37143953,-0.003467196301141739,2.262929250377728,0.02634244481932551,0.10075085676846092,4.873258132472622e-08,0.012865519540090613,0.04145231483524495,0.0,0.020726157417622473,3.753000741391464,9.6593157691701e-08,967.5423853055783,0.4323222439660796,0.3784999999999999,0.5736212399774993,0.30262122322374696,-0.036212749905695896,-0.25263924281033856,-0.5205678922460868,-0.6261376046596285,0.075354932653804,0.19879682800109388,1.0,-0.15290778506169592
2018-11-02,1541116800,0.002812,0.002432,0.002462,184849.43,482.32,0.002609,multiply,ETH,2018-11-02 01:00:00,0.05970755483346868,3777,63090,1,13,11,64121,0,142182.084737764,9999998119.9998,0.037807554833468676,482.27216287000005,False,False,0.002418168335029647,26089995.095079478,-0.005843788916187882,2.915784427431448,0.02912396634821958,0.06824652013767177,7.616948849586536e-08,0.012185014188205483,0.030472809709549215,0.0,0.015236404854774607,5.313833337455415,9.675425672035992e-08,956.5773446805922,0.4015003261578604,0.12029305441618823,0.5029522108459707,0.2538932277594687,-0.07676685621445967,-0.20143342135043363,-0.4387023764617126,-0.40135797812146357,-0.10524330441342888,0.01795547043332546,1.0,-0.15290778506169592
2018-11-03,1541203200,0.002733,0.002573,0.002609,53650.19,141.26,0.002633,multiply,ETH,2018-11-03 01:00:00,0.009198926791874174,3786,63093,3,34,29,64150,0,85090.6520976276,9999998119.99981,-0.012701073208125826,141.26095027,False,False,0.002396240480876849,26329995.049959496,-0.03319153981214964,2.7762141157191236,0.026087323924077647,0.068257082970833,4.822722535371929e-08,0.010487551495421719,0.03567360483690423,0.01835886928967342,0.027016237063288824,5.7498991479425055,9.56577524517185e-08,420.3953880465738,0.4254729288975864,0.12029305441618823,0.3331839958681653,0.11921814816734073,0.05634342660022995,-0.318034118602762,-0.6551584077985375,-0.6157595450852962,-0.6661251015434604,-0.11929732564237017,1.0,-0.15290778506169592
2018-11-04,1541289600,0.002789,0.002536,0.002633,48341.17,130.75,0.002705,multiply,ETH,2018-11-04 01:00:00,0.027345233573870198,3788,63094,1,16,10,64160,0,94529.72757571,9999998119.9998,0.005445233573870199,130.76286485,False,False,0.0023324958174371717,27049994.914599456,-0.027524733758387453,3.021663233073304,0.034613892392446444,0.06779405736874067,1.4126097682706646e-08,0.010536436916618167,0.033948497863982866,0.01835886928967342,0.026153683576828145,5.764377214586009,4.2039546708092974e-08,421.08877401837043,0.4611208406304729,0.12029305441618823,0.4450814186107231,0.1304218889546185,0.009115077857956622,-0.24147182828669989,-0.4748945956305095,-0.4660789574549633,-0.6362591031046378,-0.0009815950920246674,1.0,-0.15290778506169592
2018-11-05,1541376000,0.002684,0.002508,0.002705,79240.76,206.05,0.0026,multiply,ETH,2018-11-05 01:00:00,-0.038817005545286554,3796,63096,2,15,9,64169,0,56980.2960854922,9999998119.9998,-0.06081700554528656,206.02597599999999,False,False,0.0024267696870019805,25999995.11199948,-0.015769355419158686,3.0281769051635345,0.03403310704375052,0.0679433276045832,1.3076288943342583e-08,0.010574039826090446,0.012801477248147305,0.0162558979793915,0.014528687613769402,5.054897774570341,4.210888531830829e-08,418.5226294185568,0.509704164311287,0.12029305441618823,0.5225464906277499,0.20608060798632466,0.026617375231053564,-0.0850740600075961,-0.3771363463729587,-0.42195214584124585,-0.5491834409418914,-0.04495841995842009,1.0,-0.15290778506169592
2018-11-06,1541462400,0.003862,0.002569,0.0026,62870.54,162.89,0.002591,multiply,ETH,2018-11-06 01:00:00,-0.003461538461538405,3798,63098,2,15,9,64178,0,35237.30742,9999998119.9998,-0.025761538461538405,162.89756914,False,False,0.0024352764130616553,25909995.128919482,-0.03478285266371146,3.0241661564779934,0.03189753645260995,0.06640956536333675,2.0602601473289487e-08,0.012731332202188153,0.0,0.0162558979793915,0.00812794898969575,6.074921403764784,4.185227081008339e-08,417.2006332736856,0.4899189749387601,0.12029305441618823,0.4799952957335191,0.22716063540346504,-0.04038461538461546,-0.015526802218114533,-0.29796672828096105,-0.48059149722735683,-0.48650646950092424,-0.1822945394373967,1.0,-0.15290778506169592
2018-11-07,1541548800,0.002625,0.00242,0.002591,5336.0,14.0,0.002625,multiply,ETH,2018-11-07 01:00:00,0.013122346584330424,3805,63101,3,12,9,64187,0,62898.7119822222,9999998119.99981,-0.009177653415669576,14.007000000000001,False,False,0.002403848070971102,26249995.064999502,-0.30937664424544475,3.056042322555207,0.033117268666049714,0.06640556755034507,1.6289759976475187e-08,0.012882014778078866,0.01801280156282281,0.07783260576058837,0.04792270366170559,3.0887454252570965,4.1720071170742736e-08,417.08307278420193,0.4882231015639721,0.12029305441618823,0.07148666424156627,-0.03194199737996218,-0.0034735623311461516,-0.019615384615384812,-0.32346153846153847,-0.6576923076923076,-0.6488461538461539,-0.20848761036741692,1.0,-0.15290778506169592
2018-11-08,1541635200,0.002958,0.002388,0.002625,403371.36,1133.54,0.00281,multiply,ETH,2018-11-08 01:00:00,0.07047619047619036,3812,63104,3,20,13,64200,0,954544.789346154,9999998119.9998,0.048376190476190364,1133.4735216,False,False,0.002245694372368523,28099994.717199437,-0.0023401343740285935,3.1243667399030928,0.03558780140870003,0.0672651553210546,1.4007002633316778e-09,0.012372160967397815,0.09707515582812581,0.11082300515000282,0.10394908048906432,-0.8813544950971046,4.1708315119584234e-08,443.9422420800386,0.4959380313621765,0.12029305441618823,0.799584050900168,0.6490954848503643,0.012952380952381048,0.04978772674642984,-0.22925511385565422,-0.3539174064067927,-0.6375916634504053,-0.2813135716361521,1.0,-0.14962128890307227
2018-11-09,1541721600,0.002931,0.00224,0.00281,94047.85,236.31,0.002513,multiply,ETH,2018-11-09 01:00:00,-0.10569395017793592,3816,63109,5,15,12,64212,0,721909.423138775,9999998119.9998,-0.12779395017793593,236.34224705000003,False,False,0.002511301705710127,25129995.275559496,-0.009508277303675114,3.462486967327692,0.03956383755609386,0.0678245272091418,1.1334737346930847e-07,0.011228391137596057,0.13414796869185816,0.07952058391531548,0.10683427630358683,2.2576061368929654,4.439423255412044e-08,281.33957668664584,0.5308898545248442,0.12029305441618823,0.5156775236868137,0.4855524174758385,0.0658362989323843,0.0060952380952380425,-0.23619047619047606,-0.393142857142857,-0.6796190476190473,-0.4025117739403452,1.0,-0.14962128890307227
2018-11-10,1541808000,0.002945,0.002479,0.002513,164589.56,456.88,0.002776,multiply,ETH,2018-11-10 01:00:00,0.10465578989255864,3820,63109,0,23,15,64227,0,575520.016504657,9999998119.9998,0.08255578989255864,456.90061855999994,False,False,0.002273379389931394,27759994.781119443,-0.004939976908937867,2.386965771811651,0.02368965177329059,0.06883912879207998,2.3634229148235555e-08,0.01126179968328066,0.08574680923615703,0.22389474485691815,0.1548207770465376,3.4151922674497417,2.8133962957850175e-08,278.98711487271214,0.4747780086907236,0.12029305441618823,0.7158752526175399,0.586710553925648,-0.11818543573418228,0.06298932384341638,-0.15266903914590757,-0.4864768683274021,-0.5896797153024909,-0.14483821263482288,1.0,-0.14962128890307227
2018-11-11,1541894400,0.002879,0.002166,0.002776,11999.07,25.99,0.002166,multiply,ETH,2018-11-11 01:00:00,-0.2197406340057636,3843,63111,2,32,27,64254,0,16112.0425270126,9999998119.9998,-0.2418406340057636,25.98998562,False,False,0.0029137124591353415,21659995.927919567,-0.05830350915212776,2.878832295768499,0.02337506590851869,0.07590905658965885,4.569007044573415e-08,0.011662367913405518,0.11890544918356723,0.19098143462659595,0.15494344190508158,8.246568068222857,2.7898716732230505e-08,273.1078446769065,0.5244662762138673,0.12029305441618823,0.20976270459916546,0.16648191168722348,0.0947406340057636,-0.07640270592916831,-0.13688818145642667,-0.517707918822125,-0.47831277357739754,-0.22815683853041047,1.0,-0.14962128890307227
2018-11-12,1541980800,0.002698,0.002157,0.002166,15289.89,38.36,0.002509,multiply,ETH,2018-11-12 01:00:00,0.15835641735918737,3845,63115,4,15,8,64262,0,1664.77344842246,9999998119.9998,0.13625641735918737,38.36233401,False,False,0.002515544514373196,25089995.283079498,-0.04803949050426915,2.879824645182638,0.029574794620940942,0.0816209154868721,2.5989990506118733e-09,0.01223640978204743,0.13014516879528865,0.06635206871541488,0.09824861875535176,6.907084465032524,2.731078960211963e-08,272.93249572625405,0.40921972416399016,0.13625641735918737,0.2948848106267391,0.22928158109563673,-0.28162511542012925,0.06340057636887608,0.01044668587896247,-0.46793948126801155,-0.4329971181556196,-0.3388169408470423,1.0,-0.14962128890307227
2018-11-13,1542067200,0.002537,0.002229,0.002509,35764.36,81.21,0.002271,multiply,ETH,2018-11-13 01:00:00,-0.09485850936628137,3849,63120,5,17,13,64275,0,75969.3026234077,9999998119.9998,-0.11725850936628138,81.22086156,False,False,0.002779392860702928,22709995.730519544,-0.02899955537845378,3.0289900595608965,0.03076166803028826,0.08265409782132105,3.836234122212091e-09,0.012261039539361616,0.04190091442132328,0.052735194419836054,0.04731805442057967,4.795297241912206,2.729325470375783e-08,271.6710883982292,0.47402229359531456,0.13625641735918737,0.42843532960479536,0.34484897529113756,0.13670785173375843,-0.19621421975992615,-0.22391505078485707,-0.7765466297322252,-0.7659279778393351,-0.36294139060793595,1.0,-0.14962128890307227
2018-11-14,1542153600,0.002266,0.00201,0.002271,28583.57,64.24,0.002247,multiply,ETH,2018-11-14 01:00:00,-0.010568031704095149,3852,63122,2,22,13,64288,0,133223.165669834,9999998119.9998,-0.03296803170409515,64.22728178999999,False,False,0.0028091683073849356,22469995.77563955,-0.07084095083821561,1.9082447526106772,0.0032825570351964176,0.08200370995419594,8.122087682952648e-09,0.012127899949469625,0.02937611170703299,0.033367993521749115,0.03137205261439105,3.240752870643721,2.7167113947240873e-08,271.28893242140384,0.42905724541847723,0.13625641735918737,0.38528006700544326,0.31800435976645486,-0.10479964773227657,-0.046233559186927176,0.018732562774013473,-0.4451972897568752,-0.49222797927461137,-0.5107506601282534,1.0,-0.14962128890307227
2018-11-15,1542240000,0.002442,0.002033,0.002247,53690.88,121.83,0.002269,multiply,ETH,2018-11-15 01:00:00,0.009790832220738954,3855,63123,1,24,16,64304,0,13195.561660375,9999998119.99979,-0.012209167779261048,121.82460672,False,False,0.0027819749610897998,22689995.734279525,-0.03797515906995733,-0.1517746678965946,-0.043603665816353325,0.08371997484143905,6.422729386473259e-09,0.012573301630302281,0.08298493924636102,0.09533908063391464,0.08916200994013783,-23.62547693216772,2.712889834237381e-08,271.28472064801554,0.42452295484602304,0.13625641735918737,0.4991293590036854,0.43111981184759685,-0.010680907877169687,-0.23734037868780278,-0.14883311316600634,-0.5460149713782474,-0.7635402906208717,-0.7506092607636066,1.0,-0.14962128890307227
2018-11-16,1542326400,0.002343,0.002011,0.002269,4533.45,10.62,0.002343,multiply,ETH,2018-11-16 01:00:00,0.03261348611723225,3857,63123,0,7,4,64308,0,10242.4575,9999998119.99979,0.01051348611723225,10.62187335,False,False,0.0026941106217297293,23429995.59515951,-0.32226230522468735,-0.13694544954465332,-0.03589345275822063,0.07815635321793334,1.2182462962303293e-08,0.013010149622155085,0.053608827539328024,0.31008511542055045,0.18184697147993922,-16.746063054105356,2.712847716495579e-08,243.8742300815052,0.42867938787077275,0.13625641735918737,0.06371328861711592,0.06185302375862634,0.009695901278096164,-0.11838006230529596,-0.17178460169114373,-0.5313751668891857,-0.9181130396083665,-0.3445764660789572,1.0,-0.14962128890307227
2018-11-17,1542412800,0.003117,0.002218,0.002343,74392.16,231.87,0.003117,multiply,ETH,2018-11-17 01:00:00,0.3303457106274008,3864,63125,2,13,9,64317,0,5575.1142,9999998119.99979,0.3082457106274008,231.88036272000002,False,False,0.002025184852983752,31169994.140039347,-0.004776668243595666,0.22042800976835636,-0.016784491505436004,0.0988993713602629,1.0621875346912787e-09,0.013813298692088593,0.0,0.41485795846659546,0.20742897923329773,-2.0028434336341245,2.438742759298739e-08,242.25994637637763,0.4426601171358398,0.3082457106274008,0.6514864356732665,0.5348271643316569,0.03158344003414415,-0.22344645218157755,-0.1921551344204495,-0.40370207139709113,-0.5460555310709563,-0.38890998860615267,1.0,-0.14962128890307227
2018-11-18,1542499200,0.003526,0.002581,0.003117,164668.66,555.44,0.003373,multiply,ETH,2018-11-18 01:00:00,0.08213025344882907,3867,63130,5,20,17,64334,0,41555.7361249898,9999998119.99979,0.06003025344882908,555.4273901800001,False,False,0.0018716279830549526,33729993.658759296,-0.00450004605368447,0.44145060013145,-0.013045474072545747,0.09644492497660356,2.3188040631352126e-08,0.015306367858741315,0.04203912167538545,0.1963390775884899,0.11918909963193768,5.86281946448806,2.4225999192126095e-08,248.29491167719053,0.5888909880974873,0.3082457106274008,0.8054545495884542,0.6715214556352921,0.24831568816169391,0.07554417413572345,-0.10968843363209557,-0.38497652582159625,-0.560819462227913,-0.5441774491682072,1.0,-0.14962128890307227
2018-11-19,1542585600,0.00434,0.002744,0.003373,764147.73,2291.29,0.002998,multiply,ETH,2018-11-19 01:00:00,-0.1111769937740884,3883,63138,8,53,94,64428,0,54164.5051208175,9999998119.99979,-0.1334769937740884,2290.9148945399998,False,False,0.002106004398597317,29979994.36375937,-0.0009588447891829293,0.7399008230943647,-0.0028644504385139623,0.09532094647574305,5.554274946003807e-08,0.01832124493923653,0.04203912167538545,0.029595147430279353,0.0358171345528324,3.5268316910030144,2.4829495835664765e-08,445.5917320139269,0.6372567542036652,0.3082457106274008,1.0436496428431254,0.8864872823180923,0.07589682774977768,0.1950593519409689,0.16875200513314081,-0.039140198909207724,-0.3400705806865576,-0.466923076923077,1.0,-0.14962128890307227
2018-11-20,1542672000,0.002654,0.00206,0.002998,163530.69,382.7,0.00234,multiply,ETH,2018-11-20 01:00:00,-0.21947965310206796,3894,63148,10,40,42,64470,0,139978.532269156,9999998119.99981,-0.24177965310206795,382.6618146,False,False,0.0026986329859755315,23399995.600799553,-0.003963018230398644,1.6241653374971343,0.01684084279981293,0.09620432196273268,2.2909153252321246e-07,0.019462400815361276,0.05335635637080014,0.11561180314186667,0.0844840797563334,-22.910001785393867,4.4559181578519695e-08,443.24102241956,0.5664084640090685,0.3082457106274008,0.6019528638882665,0.6008032863630196,-0.12508338892595083,0.326712125704121,0.2217610435813815,0.15297954343314557,-0.13074414467832796,-0.572751833269008,1.0,-0.15290778506169592
2018-11-21,1542758400,0.003954,0.001957,0.00234,517812.82,1142.92,0.002207,multiply,ETH,2018-11-21 01:00:00,-0.05683760683760675,3898,63152,4,16,39,64509,0,34635.7629640833,9999998119.9998,-0.07933760683760674,1142.8128937400002,False,False,0.0028614414079102626,22069995.85083956,-0.0025092095966344503,1.6697305481641451,0.01958835624765604,0.09567963372763315,3.826618865404423e-08,0.028843276817517933,0.05335635637080014,0.19990741256884367,0.1266318844698219,-36.19922735503819,4.432411057488964e-08,465.7446812352767,0.44209333081428304,0.3082457106274008,0.775595147483763,0.7690535913256373,-0.2811965811965811,0.2505003335557038,0.06270847231487653,0.0837224816544363,-0.3592394929953302,-0.4659047619047618,1.0,-0.15290778506169592
2018-11-22,1542844800,0.002122,0.00176,0.002207,767806.35,1456.85,0.001897,multiply,ETH,2018-11-22 01:00:00,-0.14046216583597648,3901,63153,1,11,8,64517,0,57011.5836,9999998119.9998,-0.16296216583597647,1456.52864595,False,False,0.0033290992025707695,18969996.43363962,-0.0013475993858653736,1.716026620321991,0.019036704779232715,0.0976256756664036,1.1428131085888875e-07,0.0292784013211655,0.01091444915145174,0.18133519501053325,0.09612482208099249,-12.449725015888415,4.6574476879530223e-08,505.2641583549974,0.4169658038919328,0.3082457106274008,0.7907760375248405,0.8014528644255412,-0.06026280018124153,0.030341880341880345,-0.07393162393162389,-0.13290598290598288,-0.6444444444444444,-0.29039145907473296,1.0,-0.1588342254270668
2018-11-23,1542931200,0.003058,0.001801,0.001897,17225161.08,42076.35,0.002443,multiply,ETH,2018-11-23 01:00:00,0.28782287822878216,3909,63156,3,22,17,64534,0,39389.3944264029,9999998119.9998,0.26532287822878214,42081.06851843999,False,False,0.0025851826391048503,24429995.40715951,-2.959549360407445e-05,1.5988444253762109,0.026530465184210983,0.11122291731663868,1.456528919777466e-07,0.03311616569741075,0.0920921316713583,0.20486504308890569,0.14847858738013198,-0.892981067837848,5.0526425334468686e-08,7500.341294236092,0.35839788399773287,0.3082457106274008,1.301221685258641,1.2989237784167775,-0.16341591987348458,-0.06162211146352514,-0.25781603987313084,-0.11554145899410972,-0.6429542365201628,-0.39713489852765615,1.0,-0.1588342254270668
2018-11-24,1543017600,0.002559,0.001635,0.002467,19841410.32,38254.74,0.001928,multiply,ETH,2018-11-24 01:00:00,-0.2108063855914858,3912,63158,2,16,14,64548,0,60794.7031014286,9999998119.9998,-0.23330638559148578,38254.23909696,False,False,0.0032758304913748705,19279996.375359613,-3.976141158539563e-05,1.7652655428855881,0.03099931154273183,0.11196121739216867,4.20810764296832e-06,0.035546780805330955,0.15024807588302636,0.16729333110269923,0.1587707034928628,-6.408027846091942,7.50034270430067e-07,9944.959533300243,0.4615529945210655,0.3082457106274008,0.7248946084782925,0.8849279353634714,0.22349570200573066,-0.6431207169214548,-0.14180284659989462,-0.3753294675803902,-0.8508170795993673,-0.23955331412103753,1.0,-0.17769307984221805
2018-11-25,1543104000,0.002183,0.001728,0.001928,20189277.99,37713.57,0.001868,multiply,ETH,2018-11-25 01:00:00,-0.03112033195020747,3915,63159,1,8,5,64553,0,49096.782784,9999998119.9998,-0.05362033195020747,37713.57128532,False,False,0.0033811034193734204,18679996.488159627,-9.20065057402571e-05,1.9070207363019185,0.03780616580345484,0.11091171884014302,3.825424628875907e-06,0.03630242551606375,0.06907039336311979,0.12193268642127551,0.09550153989219765,-4.289506769847927,9.944961402953186e-07,11708.203947392667,0.36425467598715283,0.3082457106274008,0.6427009280704997,0.8054322981438328,-0.26711618257261405,-0.38067949242734356,-0.02701596397871464,-0.07777322963569389,-0.40851412198117076,-0.4704524469067406,1.0,-0.17769307984221805
2018-11-26,1543190400,0.001927,0.001611,0.00189,17701156.8,30255.86,0.001709,multiply,ETH,2018-11-26 01:00:00,-0.08511777301927204,3918,63160,1,13,8,64561,0,62559.097605,9999998119.99979,-0.10751777301927204,30251.2769712,False,False,0.003695729190993772,17089996.78707964,-7.754499352279107e-05,1.9146964249403304,0.0374862814248983,0.11098766536777983,3.771357837547353e-06,0.03666401857012466,0.04034427797912304,0.06246481282392574,0.05140454540152439,-17.259213069703634,1.170820614853566e-06,12566.210598019703,0.3529189495560174,0.3082457106274008,0.5711859022629892,0.7328015277704365,-0.032119914346895095,-0.554979253112033,-0.17790456431535273,-0.4030082987551866,-0.6519709543568464,-0.29334396173774424,1.0,-0.17769307984221805
2018-11-27,1543276800,0.002171,0.001642,0.00171,16847971.01,31003.18,0.00184,multiply,ETH,2018-11-27 01:00:00,0.07665301345816267,3919,63164,4,21,20,64581,0,95410.4624560295,9999998119.9998,0.05355301345816267,31000.266658400004,False,False,0.003432826732328016,18399996.540799633,-8.311909789146669e-05,1.8949054525657916,0.03963025831680652,0.11161004336720746,3.0251282658441746e-06,0.037907260450451945,0.04034427797912304,0.0,0.02017213898956152,-11.96911056087106,1.2566212960467998e-06,13338.463228527353,0.36548331907613346,0.3082457106274008,0.5472446229498664,0.7084638561733244,-0.09303686366296082,-0.25267665952890783,-0.20289079229122042,-0.39186295503211976,-0.7371520342612419,-0.42624394539850297,1.0,-0.17769307984221805
2018-11-28,1543363200,0.002273,0.002015,0.001841,19828832.31,41421.64,0.002089,multiply,ETH,2018-11-28 01:00:00,0.13532608695652182,3923,63169,5,19,13,64594,0,55572.9553139129,9999998119.9998,0.11222608695652182,41422.43069559,False,False,0.0030238875957767112,20889996.072679583,-4.839492519886131e-05,1.7155849993875427,0.03477914127214926,0.11030780381768684,3.100027248645185e-06,0.03841859290457052,0.0,0.0,0.0,-7.504478874160233,1.3338465736159182e-06,14690.459792053238,0.40201005025125625,0.3082457106274008,0.5556273321622012,0.7169197886558973,0.0711956521739131,-0.29139847864248103,-0.3276770040959627,-0.5160912814511409,-0.8952603861907549,-0.2714730752113932,1.0,-0.17769307984221805
2018-11-29,1543449600,0.002056,0.001844,0.002089,16846853.78,33052.11,0.001962,multiply,ETH,2018-11-29 01:00:00,-0.060794638583054006,3924,63170,1,6,4,64598,0,26341.494571175,9999998119.9998,-0.083894638583054,33053.527116360005,False,False,0.0032196744075414624,19619996.311439607,-8.471875528563415e-05,1.371473361651429,0.020107399892456943,0.11201306119591685,4.142243848300927e-06,0.0386151171216716,0.0,0.06123558684057853,0.030617793420289266,-13.836516074796842,1.4690462553860495e-06,15300.15619433463,0.45641249726895344,0.3082457106274008,0.5061012386474447,0.664576839728914,0.11919578745811399,-0.030978260869565233,-0.2733695652173913,-0.42663043478260865,-0.5527173913043479,-0.21066549140590562,1.0,-0.17769307984221805
2018-11-30,1543536000,0.001964,0.001591,0.001962,18153336.54,31144.3,0.001716,multiply,ETH,2018-11-30 01:00:00,-0.125382262996942,3926,63177,7,11,9,64607,0,183.118113437778,9999998119.9998,-0.148482262996942,31151.12550264,False,False,0.0036816440487925112,17159996.773919657,-6.665531568087241e-05,1.416228191639735,0.021866278096076348,0.11192212928316142,3.3053533330424933e-06,0.0386252571847526,0.021836387482018695,0.10544610022957837,0.06364124385579853,-4.5816599841281676,1.530015907076484e-06,15728.077213447275,0.4286650644526983,0.3082457106274008,0.4840180287047936,0.6410334323901422,-0.06472986748216103,-0.16945907132599314,-0.49210148396361886,-0.3451412158927716,-0.3149832455720438,-0.13145539906103298,1.0,-0.17769307984221805
2018-12-01,1543622400,0.001991,0.001766,0.001716,19051681.31,36573.51,0.00192,multiply,ETH,2018-12-01 01:00:00,0.11888111888111896,3927,63178,1,5,7,64614,0,110.557128571429,9999998119.9998,0.09578111888111897,36579.2281152,False,False,0.0032905214519514323,19199996.390399616,-5.8219689040369635e-05,1.4678088707340862,0.028132175254573254,0.11083929864414148,3.115113135905332e-06,0.03715849400826888,0.044488487193697523,0.05921671256751538,0.05185259988060645,-4.886696248944373,1.5728080170326664e-06,16341.485706727555,0.374918068603889,0.3082457106274008,0.48790360267326166,0.6443355934676281,-0.14335664335664333,0.017329255861366022,-0.719164118246687,-0.28083588175331275,-0.3511722731906217,0.21013795316008976,1.0,-0.17769307984221805
2018-12-02,1543708800,0.001902,0.001774,0.00192,12664492.69,23937.77,0.00189,multiply,ETH,2018-12-02 01:00:00,-0.015625,3927,63179,1,2,1,64615,0,4800.443,9999998119.9998,-0.038724999999999996,23935.891184099997,False,False,0.003342804861251614,18899996.44679962,-0.0001737509187091522,1.4354433955923331,0.02501497697689606,0.1105315760523813,3.657923499209691e-06,0.036967876357661966,0.03374610668309684,0.07040554933479974,0.05207582800894829,2.0710633238314173,1.6341488778927777e-06,16379.192449146783,0.4194887480882674,0.3082457106274008,0.43045456714997987,0.5842371201551847,0.10624999999999996,-0.08857808857808869,-0.7470862470862469,-0.6177156177156176,-0.4347319347319347,0.22650459531574263,1.0,-0.17769307984221805
2018-12-03,1543795200,0.001894,0.001591,0.00189,18086290.48,30340.93,0.001678,multiply,ETH,2018-12-03 01:00:00,-0.11216931216931214,3927,63180,1,6,4,64619,0,122713.46614157,9999998119.9998,-0.13516931216931213,30348.795425440003,False,False,0.003765197370550864,16779996.845359664,-7.208674356636207e-05,1.4625950898167923,0.02504785367596823,0.11066542906915751,2.3935895684048865e-06,0.037230446549783955,0.04793204860112541,0.11511392582293029,0.08152298721202784,2.932958517948279,1.6379195528435872e-06,16558.37694414213,0.4231027535258563,0.3082457106274008,0.4477572475442027,0.6016285010427994,-0.015873015873015817,0.1098958333333333,-0.21875,-0.12812500000000004,-0.3588541666666667,0.12174783188792526,1.0,-0.17769307984221805
2018-12-04,1543881600,0.00179,0.00157,0.001678,14304762.87,22935.86,0.001603,multiply,ETH,2018-12-04 01:00:00,-0.04469606674612636,3928,63182,2,5,3,64622,0,119870.877806667,9999998119.9998,-0.06839606674612636,22930.53488061,False,False,0.00394148545715655,16029996.98635968,-0.00013553411595814308,1.4848128954458846,0.022617866964217633,0.11178293178143406,3.0348801131015225e-06,0.037349062676827055,0.036838041629707406,0.059714575666646084,0.048276308648176745,-2.3292809222717814,1.6558380057117914e-06,16481.680528929694,0.375643608685919,0.3082457106274008,0.4099820628716139,0.563324965292299,-0.1263408820023837,0.026455026455026398,-0.16772486772486794,-0.32751322751322753,-0.3931216931216932,-0.15598290598290587,1.0,-0.17769307984221805
2018-12-05,1543968000,0.001493,0.001341,0.001603,12578619.22,18014.31,0.001432,multiply,ETH,2018-12-05 01:00:00,-0.10667498440424217,3930,63184,2,8,4,64626,0,17955.5,9999998119.9998,-0.13037498440424217,18012.58272304,False,False,0.004412291332304155,14319997.307839712,-0.00012424473661094105,1.5007946183192384,0.022874809915901885,0.11193100861631222,2.2930539191551827e-06,0.03756918217232102,0.03514158414752278,0.0,0.01757079207376139,-0.9708304581659455,1.6481683627486547e-06,16309.166690465529,0.35885381687933743,0.3082457106274008,0.3793851528379835,0.5314061786373347,-0.046787273861509604,-0.24493444576877232,-0.13051251489868898,-0.3533969010727056,-0.6120381406436233,-0.17806977797915713,1.0,-0.17769307984221805
2018-12-06,1544054400,0.001492,0.001248,0.001432,18933197.81,26538.0,0.001402,multiply,ETH,2018-12-06 01:00:00,-0.020949720670390914,3934,63185,1,7,8,64634,0,2551.056625,9999998119.9998,-0.04454972067039091,26544.34332962,False,False,0.004506776881510949,14019997.364239719,-0.00014562914282173663,1.4272469652806385,0.02253685262775958,0.1124801508536343,1.8012586109406549e-06,0.03357469445312257,0.0761480561330085,0.044741125981847554,0.060444591057428027,1.0804650023850222,1.6309169756589772e-06,16241.225508201309,0.3205730915603313,0.3082457106274008,0.41536147679412977,0.5675418346545632,-0.11941340782122922,-0.22395508421709298,-0.5240174672489082,-0.4017467248908295,-0.6219588271990018,-0.3658408012651555,1.0,-0.17769307984221805
2018-12-07,1544140800,0.00146,0.001301,0.001402,12798105.31,16772.43,0.001311,multiply,ETH,2018-12-07 01:00:00,-0.06490727532096996,3934,63185,0,0,0,0,0,0.0,9999998119.99979,-0.08810727532096996,16778.31606141,False,False,0.004819604262302331,13109997.535319725,-0.00016299583051529798,1.4768212946518697,0.023375875476571998,0.11282360200547141,2.654434831995804e-06,0.0335605597896438,0.04100647198548572,0.08297883188045026,0.06199265193296799,-7.3071216955496485,1.6241228561552607e-06,16000.87021373748,0.3138571748376987,0.3082457106274008,0.3620161224790247,0.5122971978616027,-0.021398002853066922,-0.19832402234636892,-0.3463687150837991,-0.5844972067039109,-0.8093575418994414,-0.07449856733524363,1.0,-0.17769307984221805
2018-12-08,1544227200,0.001372,0.00118,0.001311,15223654.21,19071.1,0.001253,multiply,ETH,2018-12-08 01:00:00,-0.0442410373760489,3934,63185,0,0,0,0,0,0.0,9999998119.99979,-0.0674410373760489,19075.238725130002,False,False,0.005042698473965168,12529997.644359738,-0.00016346335257704767,1.3896342377748736,0.014888681018444299,0.11297886995066288,1.6778319215734366e-06,0.033202213159366736,0.0,0.09749775613927975,0.04874887806963987,-12.712318322622083,1.600087322190197e-06,15782.437010841271,0.29348556077904636,0.3082457106274008,0.3720617338796393,0.5219601141597615,-0.06941266209000752,-0.369472182596291,-0.33238231098430826,-0.6711840228245363,-0.8723252496433667,-0.4574688796680497,1.0,-0.17769307984221805
2018-12-09,1544313600,0.001832,0.001246,0.001253,13054288.28,20091.15,0.001539,multiply,ETH,2018-12-09 01:00:00,0.2282521947326417,3935,63186,1,3,4,64638,0,15802.7813444,9999998119.9998,0.2050521947326417,20090.54966292,False,False,0.004105653793305491,15389997.106679691,-7.353229099564125e-05,1.6240303939075924,0.03309161121497527,0.11517878314927059,1.907524231127594e-06,0.03441336218503915,0.16480065862254406,0.12743944435849638,0.1461200514905202,-0.6382373441840414,1.5782439977940307e-06,15512.807515995972,0.2805014551152899,0.3082457106274008,0.37406601148582574,0.5231762304889991,-0.046288906624102344,-0.4416475972540044,-0.30358504958047283,-1.377574370709382,-1.1434019832189168,-0.3452890792291221,1.0,-0.17769307984221805
2018-12-10,1544400000,0.001777,0.001243,0.001539,17705351.87,28423.99,0.001605,multiply,ETH,2018-12-10 01:00:00,0.042884990253411415,3935,63186,0,0,0,0,0,0.0,9999998119.9998,0.019684990253411416,28417.089751350002,False,False,0.003936823170029377,16049996.98259968,-0.000110821812485666,1.6274869352643702,0.03263891891840601,0.11478093373808164,2.009055343994445e-06,0.03603320976330823,0.21662485150742192,0.1224278898133407,0.16952637066038131,1.4554093562918222,1.5512810432404644e-06,15337.682539866042,0.3445265278710544,0.3082457106274008,0.4065203450608167,0.5555926906435498,0.18583495776478232,-0.3391859537110935,-0.46847565841979266,-1.6919393455706304,-1.005586592178771,-0.6243417203042714,1.0,-0.17769307984221805
2018-12-11,1544486400,0.001708,0.001426,0.001605,17335691.58,24880.44,0.001435,multiply,ETH,2018-12-11 01:00:00,-0.10591900311526481,3936,63187,1,6,4,64642,0,120625.51368165,9999998119.99979,-0.1287190031152648,24876.7174173,False,False,0.004403276089140039,14349997.302199699,-9.024826551080889e-05,1.7975005072066041,0.04464977419775462,0.10660275708026881,2.8417095093764476e-06,0.03585139219795299,0.05692225257641464,0.054248495695521357,0.055585374135967994,2.0337768272784214,1.533768542335121e-06,15023.142024634843,0.35930154466084624,0.3082457106274008,0.3876141540681281,0.5353075001777226,0.04112149532710285,-0.04158544509421702,-0.35737491877842764,-0.9480181936322285,-0.8037686809616633,-0.17717391304347818,1.0,-0.17769307984221805
2018-12-12,1544572800,0.001575,0.001358,0.001435,17044114.85,24993.9,0.001466,multiply,ETH,2018-12-12 01:00:00,0.02160278745644595,3936,63189,2,3,2,64644,0,10489.18675,9999998119.9998,-0.0013972125435540508,24986.672370100005,False,False,0.004310300946762312,14659997.243919708,-0.00015347913747400805,1.6975730774658484,0.034608287818630366,0.10378319026380668,2.4876722094124252e-06,0.035565466218786174,0.005098059691536789,0.0,0.0025490298457683945,3.829102843490121,1.5023144848986378e-06,14657.04164351842,0.32124468323259464,0.3082457106274008,0.3841785858001954,0.530769042985715,-0.11846689895470375,0.10778816199376962,-0.22242990654205608,-0.4579439252336448,-0.3495327102803738,-0.20105313547151726,1.0,-0.17769307984221805
2018-12-13,1544659200,0.001417,0.001313,0.001466,18049568.98,24948.84,0.001382,multiply,ETH,2018-12-13 01:00:00,-0.0572987721691679,3937,63192,3,9,7,64651,0,207009.0,9999998119.9998,-0.0808987721691679,24944.50433036,False,False,0.00457250447757594,13819997.401839724,-0.00011463350987988999,1.7444490801281105,0.04002524697201174,0.10172753380294744,2.498667706759579e-06,0.03558003436504938,0.0,0.058737644759313645,0.029368822379656823,2.848311184302947,1.4657044399043063e-06,14234.621845338297,0.3281844638459817,0.3082457106274008,0.3804380075739975,0.5257394331631241,0.02114597544338337,0.022996515679442497,-0.19581881533101053,-0.5379790940766551,-0.7484320557491289,-0.15749235474006107,1.0,-0.17769307984221805
2018-12-14,1544745600,0.001376,0.001183,0.001382,15605815.78,19247.12,0.001233,multiply,ETH,2018-12-14 01:00:00,-0.1078147612156296,3938,63198,6,9,11,64662,0,12759.0909090909,9999998119.9998,-0.13141476121562962,19241.970856739998,False,False,0.005125548408858678,12329997.681959752,-0.00011575429122957908,1.8711337213992174,0.0390211631693492,0.1009482079443639,2.4944509019928197e-06,0.03540520859422692,0.014372049250545074,0.058737644759313645,0.03655484700492936,2.186669840527104,1.4234624521447996e-06,13733.759501436298,0.30937989702261026,0.3082457106274008,0.35009972897085395,0.49399396743628526,-0.06078147612156304,0.10572987721691673,-0.3096862210095497,-0.2939972714870396,-0.5491132332878581,-0.30944055944055937,1.0,-0.17769307984221805
2018-12-15,1544832000,0.001281,0.001205,0.001233,15963472.27,19909.58,0.001247,multiply,ETH,2018-12-15 01:00:00,0.011354420113544261,3940,63199,1,5,3,64665,0,8410588.00572242,9999998119.9998,-0.012245579886455738,19906.44992069,False,False,0.005068084352960345,12469997.65563975,-0.0002249596583715645,1.9124785954019323,0.0392962019701704,0.10065909636554242,1.9241974474231585e-06,0.03496787670865728,0.021291396485126884,0.006947541430253259,0.014119468957690071,1.8456218568030014,1.3733762083383847e-06,13182.725075365252,0.2760241773002015,0.3082457106274008,0.3517235204536521,0.4943953103332068,-0.12084347120843475,0.09334298118668594,-0.36758321273516636,-0.7677279305354558,-0.6259044862518088,-0.18177083333333344,1.0,-0.17769307984221805
2018-12-16,1544918400,0.001272,0.001238,0.001247,2390166.94,2959.4,0.001238,multiply,ETH,2018-12-16 01:00:00,-0.0072173215717723505,3941,63203,4,11,6,64671,0,11030.3700866667,9999998119.99979,-0.03081732157177235,2959.0266717199997,False,False,0.005105251363664585,12379997.67255974,-0.0016665180532074732,1.8938893943758703,0.03688598156171116,0.1007137957538237,1.9906453663103707e-06,0.03444230730264346,0.006919347234581811,0.006947541430253259,0.006933444332417535,5.901652227746626,1.3182727553718296e-06,13031.61219129201,0.2791582717707634,0.3082457106274008,0.1490385159339101,0.29184413048678415,0.011226944667201422,-0.24817518248175197,-0.3609083536090836,-0.5636658556366587,-0.8402270884022711,-0.23968253968253972,1.0,-0.17769307984221805
2018-12-17,1545004800,0.001432,0.001365,0.001238,7703991.62,10587.87,0.001374,multiply,ETH,2018-12-17 01:00:00,0.10985460420032322,3943,63207,4,8,6,64677,0,263286.51213547,9999998119.99979,0.08625460420032323,10585.28448588,False,False,0.004600219205452661,13739997.416879712,-0.00020864791781974277,1.6914251234272137,0.01746336207691836,0.08266282053350613,2.959027228017181e-07,0.03367434404584148,0.0,0.0,0.0,6.829660340163209,1.3031614641235824e-06,12588.402630283019,0.2771434967539736,0.26532287822878214,0.28326149878900764,0.42491561578790227,-0.007269789983844976,-0.28708901363271844,-0.28548516439454685,-0.4979951884522855,-0.8789093825180432,-0.8575685339690107,1.0,-0.17769307984221805
2018-12-18,1545091200,0.001562,0.001455,0.001374,985673.26,1433.81,0.001455,multiply,ETH,2018-12-18 01:00:00,0.058951965065502154,3944,63208,1,2,1,64678,0,22356.3491,9999998119.99979,0.035451965065502154,1434.1545933,False,False,0.004344193256570966,14549997.264599694,-0.0019740077752675397,1.6192647431379128,0.011552200581860659,0.08150652304728077,1.0585286475914079e-06,0.03231221104917097,0.022025044091539103,0.04204127583020026,0.03203315996086968,-2.882815803975822,1.2588404996903414e-06,12539.3224419125,0.3075889858965749,0.26532287822878214,0.07089254580053646,0.21422839732641882,0.0989810771470161,-0.15912762520193868,-0.15670436187399028,-0.38045234248788384,-1.5177705977382878,-1.104179663131628,1.0,-0.17769307984221805
2018-12-19,1545177600,0.00158,0.001389,0.001455,15945317.39,24870.95,0.00156,multiply,ETH,2018-12-19 01:00:00,0.07216494845360821,3948,63209,1,8,4,64682,0,5591.487275,9999998119.99979,0.04866494845360821,24874.6951284,False,False,0.00405185973610869,15599997.067199672,-0.00010568173060528122,1.8152890499138734,0.016335749016892068,0.07996304528390234,1.4341548629211443e-07,0.029306763862710715,0.03695597120411713,0.04204127583020026,0.039498623517158694,-0.010534843450983544,1.2539324799305815e-06,11995.931489146566,0.32572196104768303,0.26532287822878214,0.3731429711486329,0.5127541140474485,0.05567010309278342,-0.06695778748180503,-0.02037845705967989,-0.33915574963609907,-1.4548762736535665,-1.0935754189944134,1.0,-0.17769307984221805
2018-12-20,1545264000,0.001898,0.001409,0.00156,5857799.57,8798.1,0.001502,multiply,ETH,2018-12-20 01:00:00,-0.03717948717948716,3950,63211,2,9,8,64690,0,208047.416278475,9999998119.9998,-0.06137948717948716,8798.41495414,False,False,0.004208456183999434,15019997.1762397,-0.00037415808493416753,1.2978417724752975,-0.0007837273478959313,0.08366024382161788,2.487469980484406e-06,0.029624158075786496,0.014930927112578029,0.0,0.007465463556289014,-9.123314156497235,1.199593374438235e-06,11558.51136217738,0.34922766957689727,0.26532287822878214,0.2606786146089698,0.4000341919204454,0.0673076923076924,0.05017182130584186,0.09896907216494832,-0.4357388316151205,-1.0604810996563572,-0.6690442225392297,1.0,-0.17769307984221805
2018-12-21,1545350400,0.001445,0.001324,0.001502,10735823.88,14921.59,0.00139,multiply,ETH,2018-12-21 01:00:00,-0.07456724367509993,3951,63214,3,10,9,64699,0,6994735.53334,9999998119.9998,-0.09866724367509992,14922.795193200001,False,False,0.004547770639153633,13899997.386799721,-0.0001739656630958757,1.2625892337573088,0.001351261743127864,0.08233736025412805,8.798416608242498e-07,0.02039443905276245,0.0,0.0,0.0,-14.183860676003524,1.1558513535178156e-06,10933.945362866147,0.33624356391314086,0.26532287822878214,0.3168806888500533,0.4542699590538882,-0.038615179760319585,0.20961538461538465,0.19679487179487176,-0.2576923076923079,-0.5,-0.6834477498093059,1.0,-0.17769307984221805
2018-12-22,1545436800,0.001669,0.001468,0.00139,5490112.37,8317.56,0.001515,multiply,ETH,2018-12-22 01:00:00,0.08992805755395694,3953,63215,1,3,2,64701,0,6.4,9999998119.9998,0.06582805755395695,8317.52024055,False,False,0.004172608045176469,15149997.151799697,-0.00028959896930327823,1.2257722081200595,0.004300574448354609,0.0818102584644043,1.4922797998686325e-06,0.02044529859812095,0.0398934586363816,0.0,0.0199467293181908,-5.695466433425635,1.093394741844848e-06,10533.778160027003,0.3111708081486456,0.26532287822878214,0.2538010876289992,0.391086872509954,-0.0805755395683454,0.16977363515312915,-0.02463382157123828,-0.14247669773635163,-0.46937416777629837,-0.5139664804469275,1.0,-0.17769307984221805
2018-12-23,1545523200,0.001697,0.0015,0.001515,6707831.86,10678.04,0.001592,multiply,ETH,2018-12-23 01:00:00,0.050825082508250796,3953,63215,0,6,4,64705,0,18614.537537575,9999998119.9998,0.026725082508250796,10678.86832112,False,False,0.003970792203795446,15919997.007039683,-0.00027899635115805136,1.3584680650687342,0.0014856720549988002,0.06649344214104311,8.317521804244266e-07,0.01682457982775444,0.08361446504129735,0.02467960026447429,0.05414703265288582,3.042367902459482,1.053378014037788e-06,10219.001727454779,0.33915379449294836,0.2050521947326417,0.2807600410243103,0.41632373819920726,0.08250825082508262,0.10935251798561152,-0.1546762589928059,-0.38129496402877705,-0.364748201438849,-0.5873944119558154,1.0,-0.17769307984221805
2018-12-24,1545609600,0.001775,0.001465,0.001592,8156519.68,12754.0,0.001564,multiply,ETH,2018-12-24 01:00:00,-0.017587939698492483,3956,63218,3,9,6,64711,0,87432.4125133333,9999998119.9998,-0.04178793969849248,12756.79677952,False,False,0.004042072371162883,15639997.059679687,-0.0003167363975505109,1.2558332060586046,0.00044238097426148136,0.06544151068089767,1.0678870328747836e-06,0.014864223610570021,0.04372100640491576,0.02467960026447429,0.03420030333469502,3.701278177315851,1.0219003648627672e-06,9949.787815257121,0.3563913140810388,0.2050521947326417,0.30581692220417594,0.4337333901645487,0.0483668341708543,0.09306930693069315,0.05280528052805278,-0.24752475247524752,-0.6125412541254123,-0.20124610591900316,1.0,-0.17769307984221805
2018-12-25,1545696000,0.001506,0.001349,0.001564,10889692.61,15976.14,0.001467,multiply,ETH,2018-12-25 01:00:00,-0.062020460358056306,3962,63222,4,15,11,64722,0,51518.0397259991,9999998119.9998,-0.0862204603580563,15975.179058869999,False,False,0.004309612262149932,14669997.242039707,-0.00017403817086220105,1.1956784724206706,0.0006831266960657044,0.06494429067885434,1.2756799177798501e-06,0.014405019558593364,0.011698572600458632,0.11520194522415059,0.0634502589123046,-3.442011285525103,9.949789685817786e-07,9554.466173156177,0.350123125139915,0.2050521947326417,0.3352819667567941,0.45587089290081023,-0.01790281329923271,0.08605527638190968,0.07914572864321612,-0.05402010050251249,-0.21105527638190957,-0.30174216027874556,1.0,-0.17769307984221805
2018-12-26,1545782400,0.001923,0.001034,0.001467,11899339.71,18935.66,0.001591,multiply,ETH,2018-12-26 01:00:00,0.0845262440354464,3970,63226,4,19,14,64736,0,21491.9166803864,9999998119.9998,0.0604262440354464,18931.849478610002,False,False,0.003973979376900786,15909997.00891968,-0.00013050458780212884,1.1072686756262344,0.0020743009293853146,0.06684829634411069,1.5975182062204546e-06,0.019840037179174614,0.08234186288103951,0.12744703197709126,0.10489444742906538,-0.46385076660546254,9.554467969396347e-07,9410.481726987444,0.3284083277367361,0.2050521947326417,0.3589673765579633,0.4718121183727244,-0.06612133605998638,0.002557544757033292,0.11636828644501285,-0.02493606138107407,-0.19437340153452687,-0.16575716234652105,1.0,-0.17769307984221805
2018-12-27,1545868800,0.001646,0.001249,0.001591,7933820.77,11112.43,0.001401,multiply,ETH,2018-12-27 01:00:00,-0.11942174732872413,3971,63226,0,9,7,64743,0,140552.429542857,9999998119.9998,-0.14372174732872411,11115.282898769998,False,False,0.004512920191755283,14009997.366119718,-0.00019118667293771354,1.206191322113461,-0.00031943090513486175,0.06699802347548992,1.8931853037798752e-06,0.019571208958628475,0.07064329028058088,0.012245086752940679,0.04144418851676078,2.7593692907495697,9.410483496158528e-07,9367.78326655988,0.35616745019028434,0.2050521947326417,0.30332733776443216,0.4135547039681063,0.07793840351979886,-0.02385821404226318,0.1595092024539878,0.02385821404226318,-0.16496250852079064,-0.3314037626628077,1.0,-0.17769307984221805
2018-12-28,1545955200,0.001733,0.001481,0.001401,9075315.12,13822.22,0.001523,multiply,ETH,2018-12-28 01:00:00,0.08708065667380449,3974,63229,3,12,8,64751,0,37041.8134681475,9999998119.9998,0.06318065667380449,13821.70492776,False,False,0.004151609447607059,15229997.136759695,-0.00017660053621180403,1.217981836493314,0.0005764614667226437,0.06706258736710143,1.1115284988443797e-06,0.019849123528147838,0.016205069674062222,0.0,0.008102534837031111,2.065693382572439,9.367785027703652e-07,8550.296041554893,0.31363331094694424,0.2050521947326417,0.3308514782131167,0.4353376112084226,-0.13561741613133482,0.12633563796354497,0.21621621621621612,0.11879321181646763,-0.15650534255185433,-0.6942416869424171,1.0,-0.17769307984221805
2018-12-29,1546041600,0.001634,0.001428,0.001523,9848746.39,15145.01,0.001538,multiply,ETH,2018-12-29 01:00:00,0.009848982271831952,3975,63229,0,5,3,64754,0,25863.1368043634,9999998119.99981,-0.01405101772816805,15147.371947820002,False,False,0.004111119108391121,15379997.108559707,-0.0003050289626285905,1.49312504209946,0.012264099002472672,0.06554738846795481,1.3821707526241278e-06,0.019895613229769685,0.03758236723783613,0.0,0.018791183618918066,-0.33708453747148504,8.550297649011024e-07,8179.438902212776,0.3409447056189837,0.2050521947326417,0.3494735228343929,0.4435622150941241,0.08010505581089966,-0.08137044967880103,0.11634546752319774,0.06423982869378997,-0.4910778015703072,-0.5733761026463513,1.0,-0.17769307984221805
2018-12-30,1546128000,0.001696,0.001484,0.001538,3482703.71,5512.76,0.001583,multiply,ETH,2018-12-30 01:00:00,0.02925877763328999,3976,63230,1,2,1,64755,0,112.0,9999998119.9998,0.0053587776332899885,5513.11997293,False,False,0.003994315343477163,15829997.023959683,-0.0006405766022933798,1.4371169870045721,0.012779298322636,0.06496197490609217,1.5147374795526767e-06,0.019622205759999952,0.021377297563773913,0.03029258634681262,0.025834941955293268,4.77508312377006,8.179440439947745e-07,8163.250083326374,0.3443026639803,0.2050521947326417,0.24251588820515446,0.33550002074547375,0.00975292587776333,-0.045305318450426846,0.097833223900197,0.17728168089297447,-0.28824688115561403,-0.3861066235864299,1.0,-0.17769307984221805
2018-12-31,1546214400,0.001495,0.001388,0.001583,1085934.51,1551.09,0.001428,multiply,ETH,2018-12-31 01:00:00,-0.09791535060012635,3977,63232,2,8,5,64760,0,12509.27262882,9999998119.99981,-0.12231535060012635,1550.71448028,False,False,0.00442801203694814,14279997.315359728,-0.0014984395725396221,1.4671500188658795,0.008468890885302094,0.06440565718079923,5.513121009396854e-07,0.019545383694323525,0.0,0.03029258634681262,0.01514629317340631,5.2711910457862245,8.163251618017843e-07,7886.991193226047,0.354376539064249,0.2050521947326417,0.10697050342304784,0.20129067742958356,0.028427037271004374,-0.016905071521456483,0.053966189856957225,-0.0006501950585175997,-0.11573472041612476,-0.3973799126637554,1.0,-0.17769307984221805
2019-01-01,1546300800,0.001926,0.001469,0.001428,15803635.24,23221.83,0.001469,multiply,ETH,2019-01-01 01:00:00,0.028711484593837655,3980,63233,1,11,8,64768,1,31270734.1675575,9999998119.99979,0.004311484593837657,23215.54016756,False,False,0.004304493661525361,14689997.238279693,-0.00015293454516110782,1.4779091395278605,0.009649291839924358,0.06440893949111963,1.5507147718144098e-07,0.021730192508843334,0.08569511744891903,0.06219542763809815,0.07394527254350859,5.128845569058193,7.88699267598083e-07,7865.634838593672,0.3196776359973137,0.2050521947326417,0.41654842313395724,0.48659042049389123,-0.10854341736694684,0.07327858496525586,0.014529374605180001,-0.013897662665824484,-0.21288692356285543,-0.2989690721649485,1.0,-0.17769307984221805
2019-01-02,1546387200,0.00191,0.00155,0.001469,5020894.36,8018.44,0.001597,multiply,ETH,2019-01-02 01:00:00,0.0871341048332197,3981,63234,1,2,1,64769,0,3.2,9999998119.99979,0.06313410483321971,8018.36829292,False,False,0.003959549899060461,15969996.997639664,-0.0003043395891916047,1.482914831823769,0.012869540462307347,0.06513873750736862,2.321554453208286e-06,0.022734582696276977,0.08569511744891903,0.06219542763809815,0.07394527254350859,5.782879984352762,7.86563631733346e-07,7576.679142755741,0.3288560555182449,0.2050521947326417,0.29832346780687163,0.37181039905726626,0.02791014295439076,-0.11414565826330536,-0.051820728291316565,-0.004901960784313708,-0.32352941176470584,-0.0756410256410256,1.0,-0.17769307984221805
2019-01-03,1546473600,0.001539,0.001479,0.001597,6442440.72,9820.14,0.001524,multiply,ETH,2019-01-03 01:00:00,-0.045710707576706255,3982,63236,2,11,6,64775,0,4369.45766130667,9999998119.99979,-0.06991070757670625,9818.27965728,False,False,0.004149344612097872,15239997.13487968,-0.0003142528849011611,1.4381745407563369,0.012811512812500056,0.0645604466791489,8.018369800373691e-07,0.022546815892622665,0.009016691866920879,0.016687318239398306,0.012852005053159593,4.3224214064279165,7.576680567171843e-07,7531.613387285022,0.35751063353481083,0.2050521947326417,0.3273927851997305,0.3925318814799997,0.08015028177833428,0.04628999319264815,0.05377808032675291,0.002042205582028611,-0.14227365554799176,-0.06724367509986684,1.0,-0.17769307984221805
2019-01-04,1546560000,0.001607,0.001451,0.001524,6569905.86,10149.16,0.001545,multiply,ETH,2019-01-04 01:00:00,0.013779527559055094,3983,63237,1,3,2,64777,0,52962.3,9999998119.99979,-0.010220472440944907,10150.5045537,False,False,0.00409301047822392,15449997.095399676,-0.00042210426839928703,1.39289218498975,0.014388242137122025,0.06351344432932081,9.81828150311713e-07,0.02238267092897225,0.009016691866920879,0.016687318239398306,0.012852005053159593,5.752044553954449,7.53161480322876e-07,7572.021400075141,0.3411685695097381,0.2050521947326417,0.3344790530628067,0.39524294942823834,-0.04790026246719159,0.04633688165309946,0.05134627426424532,0.13462742642454595,-0.0037570444583594487,-0.030215827338129442,1.0,-0.17769307984221805
2019-01-05,1546646400,0.001562,0.001265,0.001545,8488225.86,12730.71,0.0015,multiply,ETH,2019-01-05 01:00:00,-0.029126213592232997,3988,63239,2,14,9,64786,0,45110.7064866667,9999998119.99979,-0.053126213592233,12732.33879,False,False,0.004215934125929037,14999997.179999685,-0.0002777271919860316,1.5927528253887868,0.01573023447371892,0.06258470572189714,1.015050646199543e-06,0.02284177112405269,0.0,0.051037091023561326,0.025518545511780663,6.016909767331414,7.572022823615586e-07,7277.249744148384,0.34586971121558097,0.2050521947326417,0.3615744415415212,0.41841450507307604,0.013592233009708687,-0.009186351706036877,-0.044619422572178546,0.19094488188976377,0.06036745406824151,0.07458745874587458,1.0,-0.17769307984221805
2019-01-06,1546732800,0.001586,0.001519,0.0015,87305.58,138.48,0.001586,multiply,ETH,2019-01-06 01:00:00,0.057333333333333236,3989,63239,0,15,9,64795,0,16090.121,9999998119.99979,0.033333333333333236,138.46664988,False,False,0.003987327357436038,15859997.018319666,-0.02064665457938351,1.489322236541554,0.01362045465038068,0.06256886816153812,1.273234118368041e-06,0.022672968569482387,0.005102882944029149,0.07714776986083527,0.04112532640243221,6.854475298716125,7.277251112271741e-07,7715.193696162084,0.335795836131632,0.2050521947326417,-0.14176838949556472,-0.061539917641512835,-0.030000000000000027,-0.02459546925566336,-0.012297734627831902,0.1928802588996763,0.09255663430420702,0.17650753768844218,1.0,-0.17769307984221805
2019-01-07,1546819200,0.001627,0.001308,0.001586,10625224.22,16644.7,0.001567,multiply,ETH,2019-01-07 01:00:00,-0.011979823455233296,3991,63242,3,7,5,64800,0,7954.342017636,9999998119.99979,-0.036179823455233295,16649.726352740003,False,False,0.00403586546837904,15669997.054039672,-0.0002657419905463022,1.4327739746168857,0.013668911803928489,0.061695131047209494,1.3846667591173799e-08,0.02338665039651815,0.01827215052550405,0.07357810776736662,0.04592512914643533,3.37265482149426,7.715195146618928e-07,7675.236545856472,0.3550481307365122,0.2050521947326417,0.3985530386183942,0.4458005410979526,0.05422446406052961,0.04800000000000004,0.02200000000000002,0.17466666666666675,0.126,0.19884910485933505,1.0,-0.17769307984221805
2019-01-08,1546905600,0.001556,0.001451,0.001567,3129635.38,4870.75,0.001556,multiply,ETH,2019-01-08 01:00:00,-0.00701978302488826,3993,63244,2,14,11,64811,0,29220.8622309091,9999998119.99979,-0.03101978302488826,4869.7126512800005,False,False,0.00406452518572465,15559997.074719675,-0.0010183399565175952,1.1753836701894618,0.00247611812923176,0.051923909370843624,1.6649729482889495e-06,0.021413966341596702,0.013169267581474901,0.04746742893009267,0.030318348255783785,4.4881576798284115,7.67523798880137e-07,7759.727055697812,0.3507947168121782,0.08625460420032323,0.26200348881623975,0.31407997209466787,-0.01212507977026167,0.07377049180327866,-0.0031525851197982124,0.13366960907944514,0.20996216897856246,-0.04907975460122693,-3.2697970553123756,-0.17769307984221805
2019-01-09,1546992000,0.001738,0.001557,0.001556,8237275.28,13074.9,0.001587,multiply,ETH,2019-01-09 01:00:00,0.019922879177377784,3995,63246,2,13,9,64820,0,140503.499855556,9999998119.99979,-0.004077120822622217,13072.555869360001,False,False,0.0039852559477159145,15869997.016439667,-0.0002995501827941247,1.1785281698796948,0.0007548899816208424,0.05025488669063615,4.869713566786253e-07,0.019712644356788107,0.0,0.05088903263946285,0.025444516319731426,2.472845927167839,7.75972851452693e-07,7249.305047981976,0.3610208816705337,0.08625460420032323,0.37604923512258237,0.4185353209851527,-0.007069408740359773,-0.01914486279514982,0.10593490746649659,0.07147415443522664,0.01786853860880666,-0.008799497171590343,-2.7067723342939485,-0.15644620955841096
2019-01-10,1547078400,0.001433,0.001318,0.001587,5066675.9,6872.32,0.001356,multiply,ETH,2019-01-10 01:00:00,-0.14555765595463144,3996,63246,0,2,1,64821,0,10000.0,9999998119.99979,-0.16975765595463144,6870.4125204,False,False,0.004664160168897607,13559997.450719716,-0.0002805047010324808,1.1778310990429939,0.0016499825595884842,0.04907744641598794,1.307255832700124e-06,0.019429886068470525,0.026715064808880466,0.06552381473792207,0.04611943977340127,3.945591344057778,7.249306410851728e-07,6981.609354971155,0.36821345707656616,0.08625460420032323,0.3108972711018245,0.3492530797584364,0.01953371140516702,0.020565552699228884,0.021208226221079762,-0.0025706940874035134,-0.03149100257069404,-0.024268379728765277,-3.6860572483841176,-0.1666996854012367
2019-01-11,1547164800,0.00145,0.001335,0.001356,7544404.64,10265.01,0.001361,multiply,ETH,2019-01-11 01:00:00,0.0036873156342183133,3999,63248,2,8,5,64826,0,6000001.28,9999998119.99979,-0.020412684365781687,10267.934715039999,False,False,0.004647172071317234,13609997.441319715,-0.0005456653856456086,1.1588327338999194,0.0018029856531893988,0.049082989724878096,6.870413812037941e-07,0.01924555896852918,0.05244614281206412,0.027281693573238838,0.039863918192651476,-1.910129583293191,6.981610667514101e-07,6585.803915271223,0.3146171693735499,0.08625460420032323,0.36295546541329293,0.3915439636930933,-0.17035398230088505,0.026465028355387665,0.030875866414618813,0.0535601764335224,0.0957781978575929,0.03742613263296124,-3.013551215623755,-0.1666996854012367
2019-01-12,1547251200,0.001455,0.001253,0.001361,1988737.05,2672.59,0.001344,multiply,ETH,2019-01-12 01:00:00,-0.012490815576781888,4001,63254,6,23,18,64844,0,372938.135067646,9999998119.9998,-0.036590815576781885,2672.8625951999998,False,False,0.004706399694327046,13439997.47327973,-0.0016397257631072862,1.1594698203155174,0.0016100825786307081,0.04909717848716681,1.0267936645412294e-06,0.01941055322859341,0.025731078003183652,0.14126474750503562,0.08349791275410964,3.6081238842844225,6.585805153402725e-07,6324.677140272019,0.3157772621809745,0.08625460420032323,0.2168881483026029,0.24756765648941323,0.0036737692872887973,-0.10619469026548667,-0.16740412979351027,-0.025073746312684442,-0.08112094395280245,0.10143042912873868,-3.300748568912373,-0.1666996854012367
2019-01-13,1547337600,0.001245,0.0009791,0.001344,9816427.71,10183.41,0.001037,multiply,ETH,2019-01-13 01:00:00,-0.22842261904761907,4003,63258,4,11,9,64853,0,212428.465622222,9999998119.9998,-0.2525226190476191,10179.635535270001,False,False,0.006100097578833896,10369998.050439792,-0.0001450501610180422,1.1734010904227148,-0.002234742590565463,0.05940465450309482,2.6728630976983157e-07,0.019619758305942845,0.0,0.128617836030256,0.064308918015128,7.8638300523424425,6.324678329311673e-07,6145.668296486595,0.31183294663573086,0.08625460420032323,0.3780334608999807,0.3898592689360596,-0.012648809523809534,-0.1653196179279941,-0.049228508449669306,-0.1131520940484938,-0.01542983100661277,0.22109917877447882,-3.931019136626613,-0.1908343326505818
2019-01-14,1547424000,0.001349,0.001142,0.001037,10555511.13,12051.35,0.001142,multiply,ETH,2019-01-14 01:00:00,0.1012536162005786,4004,63260,2,17,17,64870,1,9816010.04920588,9999998119.99979,0.0770536162005786,12054.39371046,False,False,0.005539405594823429,11419997.85303976,-0.00018998274928458528,1.186792134085207,-0.00014453650561324768,0.06077152018557344,1.0179637449042056e-06,0.020870483952459808,0.0,0.07458332745140438,0.03729166372570219,5.807663379170677,6.145669451872579e-07,5918.013532577087,0.2406032482598608,0.08625460420032323,0.4017988732251872,0.40729039276560436,-0.2960462873674059,-0.16592261904761907,-0.09300595238095255,-0.18452380952380976,0.0825892857142857,0.12675070028011204,-4.191714411635082,-0.1908343326505818
2019-01-15,1547510400,0.001067,0.0008728,0.001142,10511786.46,9939.06,0.0009455,multiply,ETH,2019-01-15 01:00:00,-0.1720665499124343,4006,63264,4,16,13,64883,0,3250361.67696154,9999998119.99979,-0.19616654991243432,9938.89409793,False,False,0.00669106418758705,9454998.222459802,-0.000177069394398032,1.1487168353739794,-0.005749833459759964,0.0665406338186585,1.2054395976686697e-06,0.021398476271293446,0.02019841908753373,0.3039134476491138,0.16205593336832377,3.99949847739578,5.91801464516396e-07,5747.670972000172,0.27340196313143406,0.08625460420032323,0.3841352524962813,0.3859706230186552,0.09194395796847643,-0.5004821600771459,-0.5400192864030857,-0.5081967213114755,-0.2025072324011572,0.1572498298162015,-3.639351259069569,-0.18428254763142302
2019-01-16,1547596800,0.002206,0.0006661,0.0009455,9413671.0,7881.28,0.0008372,multiply,ETH,2019-01-16 01:00:00,-0.1145425700687468,4015,63268,4,28,24,64907,0,540305.57813235,9999998119.99979,-0.1386425700687468,7881.1253612,False,False,0.00755709649956851,8371998.426063824,-0.00027493646335827887,1.1653967849526758,-0.009425524496986274,0.06923459055610214,9.93889596644265e-07,0.04702814967159462,0.03544645527367238,0.22933012019770946,0.13238828773569092,4.457036720741449,5.747672052562634e-07,5772.045076717724,0.22635863059612163,0.0770536162005786,0.35612507649241754,0.3606282107793601,-0.20782654680063462,-0.38966725043782846,-0.33450087565674247,-0.28458844133099825,-0.08406304728546399,0.13963681903569192,-2.2691690728264353,-0.18428254763142302
2019-01-17,1547683200,0.0009279,0.0007794,0.0008372,8466915.56,7437.44,0.0008784,multiply,ETH,2019-01-17 01:00:00,0.04921165790731008,4016,63269,1,9,6,64913,0,99647.8705078284,9999998119.99979,0.02511165790731008,7437.3386279040005,False,False,0.007202756363225815,8783998.348607816,-0.00040493311988203817,1.064123959836393,-0.010995318998917722,0.06962785219179925,7.881126842852012e-07,0.04716772942991335,0.02657410676887664,0.06587167431966437,0.046222890544270506,4.3937728015615996,5.77204616186252e-07,5545.373286999872,0.2004309312903998,0.0770536162005786,0.35022361705819866,0.35404875975980926,-0.12935977066411852,-0.4341618191433103,-0.6340560549973557,-0.6827075621364356,-0.4531993654151243,0.04527559055118113,-2.1040616661725466,-0.18428254763142302
2019-01-18,1547769600,0.001025,0.0008199,0.0008784,9722843.45,9261.04,0.0009525,multiply,ETH,2019-01-18 01:00:00,0.08435792349726778,4021,63275,6,41,36,64949,0,161691.976963637,9999998119.9998,0.06035792349726778,9261.008386124999,False,False,0.006643045868315329,9524998.209299808,-0.0002669997083857354,0.8996431900610571,-0.014200845994375284,0.07070967984017426,7.437340026124074e-07,0.04761342253632963,0.07299437967918995,0.07416650118431017,0.07358044043175006,5.2950818647396725,5.545374329530359e-07,4909.960786699403,0.21555828220858897,0.0770536162005786,0.37514959954685384,0.3772563754848326,0.0469034608378871,-0.6256569517439083,-0.7916865742952701,-0.6734352603917821,-0.7379359770664118,-0.009708737864077666,-2.512341561040694,-0.18428254763142302
2019-01-19,1547856000,0.0009988,0.0008515,0.0009525,3344999.92,3048.65,0.0009114,multiply,ETH,2019-01-19 01:00:00,-0.043149606299212606,4023,63277,2,10,7,64956,0,11579036.4254286,9999998119.99979,-0.0671496062992126,3048.632927088,False,False,0.0069428365038489755,9113998.286567809,-0.001030980790626336,1.6924086431642924,0.009377042284811924,0.0658523313370182,9.261010127195097e-07,0.04645738759335545,0.11940211825307245,0.09813772562085554,0.108769921936964,7.0075753414485815,4.909961709772304e-07,5079.034690505476,0.23374233128834357,0.0770536162005786,0.2555183653005335,0.25758359459691077,0.07779527559055122,-0.5300546448087431,-0.8055555555555556,-0.7338342440801457,-0.7759562841530054,-0.0013333333333334085,-3.401709401709402,-0.18428254763142302
2019-01-20,1547942400,0.001009,0.0007922,0.0009114,14754862.72,12229.86,0.0008289,multiply,ETH,2019-01-20 01:00:00,-0.09052007899934167,4026,63280,3,18,11,64967,0,157528.185461818,9999998119.9998,-0.11452007899934166,12230.305708608,False,False,0.007634215453811498,8288998.441667834,-0.00019641239088557115,1.675767810850945,0.007722731515247999,0.06586937481853439,3.048633500231159e-07,0.04709077922821157,0.07404135449054298,0.13888366780727968,0.10646251114891134,6.086240449191393,5.079035645364281e-07,5018.813277887559,0.23685031185031186,0.0770536162005786,0.4194874797852705,0.4067323198809049,-0.04509545753785371,-0.08871391076115476,-0.6451443569553805,-0.6146981627296588,-0.5769028871391078,0.12358133669609084,-3.323062981422745,-0.18428254763142302
2019-01-21,1548028800,0.0008742,0.0008054,0.0008289,21002619.65,17159.98,0.000817,multiply,ETH,2019-01-21 01:00:00,-0.014356375919893805,4026,63280,0,10,9,64976,0,18704.4455111111,9999998119.9998,-0.038356375919893805,17159.14025405,False,False,0.007745411492857222,8169998.464039837,-0.00024730616206009563,1.7442618687218614,0.0075624999876111815,0.06514498287936318,1.2230308007906152e-06,0.046694345174888206,0.026904915309467446,0.06231061434677684,0.04460776482812214,4.910007396418597,5.018814221424736e-07,5160.513712069466,0.22859900717043577,0.0770536162005786,0.4608474660077873,0.4426771823024327,-0.09952949692363378,-0.2530173359666448,-0.707263550581523,-0.73688830370858,-0.5251261795040596,0.03318442884492656,-4.04322614654718,-0.18428254763142302
2019-01-22,1548115200,0.0008815,0.0008338,0.000817,14064608.68,11727.63,0.0008338,multiply,ETH,2019-01-22 01:00:00,0.02056303549571603,4028,63280,0,10,7,64983,0,200209.426873886,9999998119.9998,-0.003236964504283967,11727.070717384,False,False,0.007589351390818362,8337998.432455833,-0.00033122169227587517,1.697212421922247,0.0036663106657795633,0.06256785830584294,1.7159143479969315e-06,0.04657502755358594,0.03428996417309211,0.05081470748650164,0.042552335829796874,6.4555612892319445,5.160514682246331e-07,5165.568223855686,0.23269723725434352,0.0770536162005786,0.4114718018419543,0.4007982861387978,-0.01456548347613218,-0.14066835565206892,-0.9145855953673543,-0.7227651103872601,-0.8277234889612739,-0.023136246786632286,-3.142447810069587,-0.18428254763142302
2019-01-23,1548201600,0.0008818,0.000823,0.0008338,15403251.9,12676.72,0.000823,multiply,ETH,2019-01-23 01:00:00,-0.012952746461981302,4029,63283,3,16,16,64999,0,435353.521528125,9999998119.9998,-0.0366527464619813,12676.876313699999,False,False,0.0076893088574978745,8229998.452759835,-0.00034286422962250424,1.700201716906181,0.0053522411321403045,0.062240251529728514,1.1727072922073945e-06,0.04613602665293471,0.03787695328233362,0.03754486219079472,0.03771090773656417,4.110826020809504,5.165569194982799e-07,5164.410482977199,0.24231328102295843,0.0770536162005786,0.42014282220602184,0.4145343285871914,0.020148716718637494,-0.0247246022031824,-0.6597307221542228,-0.7980416156670747,-0.94859241126071,0.01449275362318847,-4.285269709543568,-0.18428254763142302
2019-01-24,1548288000,0.0008592,0.0008239,0.000823,16034707.45,13588.45,0.0008474,multiply,ETH,2019-01-24 01:00:00,0.02964763061968423,4031,63285,2,15,15,65014,0,490092.514726667,9999998119.99978,0.0058476306196842305,13587.81109313,False,False,0.0074681392373830095,8473998.406887814,-0.0002589359716780872,1.8000622399430732,0.007419677165761581,0.0618939378464345,1.2676878696953472e-06,0.045827769998244415,0.014184359084786465,0.03403596425848048,0.024110161671633473,5.909433749896565,5.164411453886657e-07,5096.933809708841,0.24399644233619922,0.0770536162005786,0.42830023072455714,0.42667778900096115,-0.013122721749696309,-0.05349004557447823,-0.6322859198848645,-0.9153274166466778,-0.8757495802350685,-0.08185840707964598,-3.66541755888651,-0.18428254763142302
2019-01-25,1548374400,0.0008346,0.0007187,0.0008474,34241461.33,26197.18,0.0007651,multiply,ETH,2019-01-25 01:00:00,-0.0971206042010857,4034,63287,2,21,16,65030,0,150743.294216114,9999998119.99978,-0.1207206042010857,26198.142063583,False,False,0.008271730740812916,7650998.561611832,-8.900637781298162e-05,2.108587527953353,0.009459620838177004,0.06034266848670032,1.3587813647639263e-06,0.040281742378019125,0.022133417332109225,0.07991787437622777,0.051025645854168494,6.5549661908152235,5.096934767932682e-07,5640.677682576898,0.2512303587310999,0.0770536162005786,0.5067616150724603,0.503208962105984,0.028793957989143304,-0.15735115431348734,-0.6330498177399757,-0.8517618469015797,-0.7825030376670719,-0.1689933872152829,-3.6922176711527213,-0.18428254763142302
2019-01-26,1548460800,0.000791,0.0007329,0.0007651,22790596.14,16702.75,0.0007329,multiply,ETH,2019-01-26 01:00:00,-0.04208600182982625,4035,63287,0,27,20,65050,0,124542.417157891,9999998119.99979,-0.06568600182982624,16703.227911006,False,False,0.008635149665433151,7328998.622147846,-0.000189666339258891,2.027826916451088,0.00745632497072858,0.06032835368626712,2.6198146988835185e-06,0.03935106382055127,0.04901073823343331,0.06915129747847618,0.059081017855954744,6.501395737850056,5.640678743024619e-07,5744.8118182027165,0.22683071449748,0.0770536162005786,0.4460403332770131,0.45494133117035346,-0.10756763821722659,-0.07552513570922836,-0.22374321453858848,-0.8232239792305875,-0.8775076705215954,-0.04241071428571419,-3.416847826086957,-0.18428254763142302
2019-01-27,1548547200,0.0007971,0.0007073,0.0007329,22401443.13,17353.57,0.0007747,multiply,ETH,2019-01-27 01:00:00,0.05703370173284217,4037,63290,3,20,16,65066,0,321319.99253375,9999998119.99979,0.03343370173284217,17354.397992811,False,False,0.00816961558003402,7746998.543563838,-0.00016503672029346926,2.0882896626162655,0.011574360803090253,0.06159295331873342,1.670323105121379e-06,0.03874526638114406,0.026877320901324088,0.061990890924187206,0.04443410591275565,6.863455310869482,5.744812898227662e-07,5840.546805530161,0.21728431663207826,0.0770536162005786,0.4475097621962896,0.46198717840425557,-0.04393505253104113,-0.08338779244543204,-0.492615344399425,-0.9605280355509085,-0.8311331852045483,-0.4686595949855352,-2.536141694590713,-0.18428254763142302
2019-01-28,1548633600,0.0007339,0.0006063,0.0007747,26524872.83,17491.35,0.0006594,multiply,ETH,2019-01-28 01:00:00,-0.14883180586033307,4038,63290,0,19,21,65087,0,364703.448644762,9999998119.99979,-0.17273180586033307,17490.501144102,False,False,0.009598121307025108,6593998.760327862,-0.00010891274153143465,2.049991374690668,0.004906708136774856,0.06051993516877284,1.7354401255438798e-06,0.038993483192448164,0.0011983348512858624,0.038721503563458305,0.019959919207372084,6.815793003439586,5.840547903553289e-07,5911.557215002336,0.22967684553809664,0.0770536162005786,0.4463095677951508,0.46955792937828505,0.0539563702078224,-0.11474962477827821,-0.29008050211488623,-1.1640060035475508,-1.0780461181607315,-0.3467600700525395,-2.5953109072375127,-0.18562091508898876
2019-01-29,1548720000,0.0007018,0.0004818,0.0006594,20623214.72,12529.63,0.0006075,multiply,ETH,2019-01-29 01:00:00,-0.07870791628753415,4040,63292,2,12,9,65096,0,430112.074231111,9999998119.99979,-0.10260791628753416,12528.602942399999,False,False,0.010418438172658364,6074998.857899873,-0.00020289664794651363,2.1345468161986183,0.005949684675462045,0.06085606909173834,1.74905044323172e-06,0.041070654498233786,0.06717113869255284,0.0,0.03358556934627642,2.763955101205833,5.911558326375427e-07,5827.423959009184,0.19549362585235694,0.0770536162005786,0.40645162827853426,0.43646330861181704,-0.17485592963299967,-0.07628759519814121,-0.08067639086097844,-1.0227184716664515,-0.9852846263069577,-0.6742464304600739,-2.8543123543123543,-0.18562091508898876
2019-01-30,1548806400,0.0007197,0.0005561,0.0006075,33338090.66,20502.45,0.000615,multiply,ETH,2019-01-30 01:00:00,0.012345679012345734,4044,63298,6,18,23,65119,0,386559.581663043,9999998119.99979,-0.011654320987654267,20502.9257559,False,False,0.010292359658541068,6149998.84379987,-0.00021433278386660847,2.136330675483055,0.0067696643597578866,0.06082826590293856,1.2528605297778058e-06,0.04203913618195334,0.12471494177076875,0.09947860809789463,0.11209677493433169,4.4736481971901325,5.827425054565216e-07,5768.747045845763,0.1801067299140231,0.0770536162005786,0.46150983430073034,0.49550840764978127,-0.08543209876543223,-0.24810433727631165,-0.3321201091901729,-1.359720958447073,-1.4006672732787382,-0.7056856187290972,-2.153645833333333,-0.18562091508898876
2019-01-31,1548892800,0.0006734,0.0005345,0.000615,18407086.53,10231.17,0.0005558,multiply,ETH,2019-01-31 01:00:00,-0.09626016260162606,4048,63300,2,14,15,65134,0,279330.749834667,9999998119.99979,-0.12046016260162606,10230.658693374,False,False,0.011388990986038787,5557998.9550958825,-0.0002287927684883612,2.069967647466352,0.002610916591629505,0.06215537851559739,2.0502929610451196e-06,0.0403824767932528,0.09900161382873293,0.09947860809789463,0.09924011096331378,4.822623688881191,5.768748130370533e-07,5375.8431603714525,0.18233026978950487,0.0770536162005786,0.37546744266652043,0.4231679399079692,0.012195121951219523,-0.3948971193415638,-0.5679012345679013,-1.6123456790123458,-1.3506172839506174,-0.6723588342440803,-2.083068783068783,-0.18562091508898876
2019-02-01,1548979200,0.0006208,0.0005459,0.0005558,27082840.61,16232.59,0.0005994,multiply,ETH,2019-02-01 01:00:00,0.07844548398704587,4048,63301,1,9,5,65139,0,218666.18854,9999998119.99979,0.054345483987045876,16233.454661634001,False,False,0.010560729379478072,5993998.873127875,-0.00015679665357793944,1.4534406284966648,-0.018407021170186496,0.06138099067732043,1.023066061673841e-06,0.03923368291023737,0.09642938049140484,0.015214649628778712,0.055822015060091774,5.061634802382256,5.375844171030269e-07,5403.310140197777,0.1647791283723688,0.0770536162005786,0.4366200025235867,0.4775799900699348,-0.10651313422094288,-0.24406504065040657,-0.4819512195121951,-1.204878048780488,-1.3886178861788618,-0.6766404199475065,-2.6543504171632897,-0.18562091508898876
2019-02-02,1549065600,0.0006216,0.0005328,0.0005994,29783958.75,17521.9,0.0005883,multiply,ETH,2019-02-02 01:00:00,-0.01851851851851849,4049,63303,2,33,26,65165,0,72086.1717876923,9999998119.99979,-0.042618518518518486,17521.902932625002,False,False,0.01076032838704191,5882998.893995877,-0.00022765701087962116,1.5275275986823393,-0.017385021273112058,0.061098955709090984,1.6233457713524393e-06,0.039569499461911815,0.11078038982752372,0.07109627082731607,0.0909383303274199,4.462756270726039,5.40331115602039e-07,5489.0976185778545,0.17770530684850283,0.0770536162005786,0.4424973839761378,0.49054635711989697,0.07273940607273954,-0.3186397984886651,-0.4913637999280318,-1.448722562072688,-1.873335732277798,-0.672152732060566,-2.562071116656269,-0.18562091508898876
2019-02-03,1549152000,0.000654,0.0005146,0.0005883,13043868.35,7971.07,0.0006111,multiply,ETH,2019-02-03 01:00:00,0.03875573686894418,4049,63305,2,21,17,65182,0,83733.1602932242,9999998119.9998,0.01465573686894418,7971.107948684999,False,False,0.010359190296407054,6110998.851131877,-0.0004077822690189832,1.5375657154448579,-0.015098688898375939,0.06318918384397705,1.7521906226743723e-06,0.04029932646011666,0.07506635744956885,0.08102625675495873,0.07804630710226379,6.305457008850609,5.489098650528516e-07,5527.106955783868,0.1744144678327898,0.0770536162005786,0.3476984543308175,0.4027406363084685,-0.018867924528301883,-0.29245912579245914,-0.36302969636302973,-1.242242242242242,-1.5425425425425425,-0.8639160332971407,-2.615921787709498,-0.18562091508898876
2019-02-04,1549238400,0.0006093,0.0005559,0.0006111,37650148.28,21331.44,0.0005666,multiply,ETH,2019-02-04 01:00:00,-0.0728195058091965,4051,63307,2,31,27,65209,0,321090.461051111,9999998119.99979,-0.09691950580919649,21332.574015448,False,False,0.01117314011678778,5665998.934791882,-0.000122806156483112,1.5727661507145965,-0.015687444353082558,0.06354847494454915,7.971109447253743e-07,0.03936615159553583,0.0605259445207959,0.0751034422452822,0.06781469338303905,6.771378475286591,5.527107994880285e-07,5779.772000398733,0.18117402905425434,0.0770536162005786,0.4623610014287991,0.5155506803175247,0.03730976926853202,-0.12085670576236596,-0.4173040965493795,-0.7627061023287436,-1.6262111167771542,-0.8359853121175032,-2.6012838801711835,-0.18562091508898876
2019-02-05,1549324800,0.0006202,0.000556,0.0005666,54289892.35,30187.13,0.000556,multiply,ETH,2019-02-05 01:00:00,-0.018708083303918155,4049,63308,1,14,14,65223,0,2437794.45514286,9999998119.9998,-0.04260808330391816,30185.1801466,False,False,0.011386333075882646,5559998.954719888,-0.00013181301443140653,1.6600808779498544,-0.012554362195477762,0.06333256482224846,2.13325780259731e-06,0.03962660281883359,0.04523084033944671,0.1029458454011612,0.07408834287030396,6.570173058722336,5.779773086996194e-07,6192.693003445071,0.16798102579306254,0.0770536162005786,0.49730122176349606,0.5568610108490576,-0.0785386516060711,0.00589101620029453,-0.34675175912289324,-0.8687612502045494,-1.454590083456063,-0.9021348045094746,-3.0480549199084663,-0.18562091508898876
2019-02-06,1549411200,0.0005956,0.000533,0.000556,66130312.02,35935.21,0.0005434,multiply,ETH,2019-02-06 01:00:00,-0.022661870503597137,4049,63309,1,10,8,65231,0,559472.347431044,9999998119.9998,-0.04666187050359714,35935.211551668,False,False,0.011650535867150444,5433998.978407891,-0.00010538609115596999,1.549254568802825,-0.01546645553319849,0.06324554720745412,3.018518582141554e-06,0.03880456205468986,0.05206213055404488,0.08456422818973061,0.06831317937188774,6.356955068630009,6.1926941676717e-07,7401.087991909032,0.1648384227690483,0.0770536162005786,0.504300065805052,0.5717067694920569,-0.019064748201438997,-0.08542181433109786,-0.495587716201906,-0.6687257324391105,-1.7991528415107658,-0.9040097205346296,-2.355147645650439,-0.18562091508898876
2019-02-07,1549497600,0.0005945,0.0005215,0.0005434,40445100.46,21935.8,0.0005424,multiply,ETH,2019-02-07 01:00:00,-0.001840264998159813,4050,63311,2,20,13,65244,0,378219.551816023,9999998119.9998,-0.026140264998159815,21937.422489504,False,False,0.01167238420030817,5423998.980287891,-0.00028708229966421177,1.5170989543860756,-0.01580324197398788,0.06349916702684516,3.593521830748976e-06,0.038934552904833386,0.046901362521175265,0.03157718947743025,0.039239275999302756,3.8409601276430125,7.401089383313985e-07,7345.660870324349,0.16110287577823895,0.0770536162005786,0.4334770132533928,0.5094797981796287,-0.023187338976812688,0.0003597122302158029,-0.3760791366906475,-0.5057553956834533,-1.8183453237410077,-0.8362048619306115,-1.7069525666016898,-0.18562091508898876
2019-02-08,1549584000,0.0007361,0.0006094,0.0005424,11628704.49,7406.11,0.0006369,multiply,ETH,2019-02-08 01:00:00,0.17422566371681425,4053,63312,1,17,11,65255,0,2927684.12958621,9999998119.9998,0.14992566371681426,7406.321889681,False,False,0.009940651892394332,6368998.802627873,-0.00023593410172478355,1.7238514535507525,-0.009747303845278655,0.06431838709795297,2.193742661374064e-06,0.039933952275497994,0.0,0.042172340082965803,0.021086170041482902,5.882969307052839,7.345662251309001e-07,7449.6386802280695,0.16080640379484137,0.14992566371681426,0.3073356375744416,0.38744254484981916,-0.0018436578171092677,-0.1030548398969453,-0.34873021715126984,-0.6164887743835112,-1.8634523371365481,-1.0742386616128612,-1.6286604361370713,-0.18562091508898876
2019-02-09,1549670400,0.0006451,0.0005973,0.0006369,10237183.62,6236.96,0.0006092,multiply,ETH,2019-02-09 01:00:00,-0.04349191395823537,4055,63314,2,36,29,65284,0,26203.075337931,9999998119.9998,-0.06779191395823538,6236.492261303999,False,False,0.010392976346525857,6091998.854703877,-0.0005027153266327445,1.9420832074918846,-0.006406590942014247,0.06365727482177168,7.406323282069925e-07,0.03992199331639955,0.028211374946201764,0.042172340082965803,0.035191857514583785,-3.0353755362470505,7.449640080760554e-07,7471.316019873612,0.18882300622591167,0.14992566371681426,0.2890493923950054,0.3721180453424871,0.1483749411210552,-0.08462389380530988,-0.4282817109144543,-0.7560840707964602,-1.9258849557522129,-0.8501841997544004,-1.5337979094076655,-0.17139343840276733
2019-02-10,1549756800,0.0006405,0.0005902,0.0006092,36311348.92,22343.9,0.0006153,multiply,ETH,2019-02-10 01:00:00,0.010013131976362555,4057,63315,1,19,12,65296,0,46158.9662066667,9999998119.9998,-0.014286868023637447,22342.372990476004,False,False,0.010290104323618316,6152998.843235877,-0.00020605948400397037,1.9983526609362758,-0.00469373339659689,0.06381574789240645,6.236493433764889e-07,0.03988922501157744,0.028211374946201764,0.05713308282518434,0.04267222888569305,5.6493317795988975,7.471317424481439e-07,7573.378536800631,0.18061073228579896,0.14992566371681426,0.4321976655440048,0.5187026417118364,-0.04546946815495745,0.04050871408384371,-0.035327366933584514,-0.43099387658973143,-1.1290626471973622,-0.7568090873886666,-1.3731241473396998,-0.17139343840276733
2019-02-11,1549843200,0.0006159,0.0005676,0.0006153,20330506.57,11539.03,0.0005676,multiply,ETH,2019-02-11 01:00:00,-0.07752315943442223,4058,63319,4,21,20,65316,0,366086.131129,9999998119.9998,-0.10192315943442223,11539.595529132,False,False,0.011155569398163407,5675998.932911887,-0.0002216003628027072,2.024241792678012,-0.005546100322224263,0.06371946468949166,2.2342377190843364e-06,0.03958644811738517,0.022576511739667224,0.05713308282518434,0.03985479728242578,4.98279275014634,7.573379960596216e-07,7269.0922166311875,0.18241921138452416,0.14992566371681426,0.3544445561278003,0.4452230463457149,0.009913863156184144,0.0699277741300065,0.002790544977019027,-0.3606369008535786,-1.2340774786605384,-1.0382165605095541,-1.5028943560057888,-0.17139343840276733
2019-02-12,1549929600,0.0006389,0.0005396,0.0005676,31419888.05,18494.5,0.0005886,multiply,ETH,2019-02-12 01:00:00,0.036997885835095,4062,63322,3,33,25,65341,0,238547.706400644,9999998119.9998,0.012797885835095002,18493.74610623,False,False,0.01075807201911986,5885998.893431882,-0.00017827077805787771,1.6275973628803966,-0.006562041655418962,0.05810740160869314,1.15395976985766e-06,0.03961717892283421,0.026637403113570553,0.06767763898982125,0.047157521051695905,3.45589007786379,7.269093583220929e-07,7242.497289680255,0.16827749777646012,0.14992566371681426,0.40687061533972035,0.5014801082046505,-0.08403805496828753,0.09637575166585421,0.0004875670404681509,-0.3278075735413619,-1.184300341296928,-0.7069958847736626,-2.1167883211678835,-0.17139343840276733
2019-02-13,1550016000,0.0005993,0.0005015,0.0005886,41388003.35,21767.32,0.0005259,multiply,ETH,2019-02-13 01:00:00,-0.10652395514780832,4062,63323,1,12,7,65348,0,710436.027656443,9999998119.9998,-0.13072395514780832,21765.950961765004,False,False,0.012040884560701178,5258999.011307895,-0.00010288479433286869,1.6538000930524814,-0.011061238760277026,0.058969148037200166,1.849374958305529e-06,0.038618921897132966,0.019576426501287464,0.06767763898982125,0.04362703274555436,2.773511237385505,7.242498651270148e-07,7312.634500775939,0.17450340942780906,0.14992566371681426,0.42329437143087273,0.5200559617895707,0.03567787971457692,0.04263565891472876,0.020789288231148784,-0.46899224806201545,-0.8269908386187454,-0.8569105691056911,-2.300721732157177,-0.17139343840276733
2019-02-14,1550102400,0.0005438,0.0005076,0.0005259,7430851.8,4041.08,0.0005438,multiply,ETH,2019-02-14 01:00:00,0.03403688914242231,4064,63324,1,13,9,65357,0,6807243.55600445,9999998119.9998,0.00953688914242231,4040.8972088399996,False,False,0.011644724513592405,5437998.977655891,-0.0008365247104909566,1.6865879266036818,-0.004029805238492267,0.055943946599922786,2.176595505376499e-06,0.03818795898420465,0.038326306476816674,0.003791222118079471,0.021058764297448074,3.426726194723421,7.312635875551629e-07,7535.269195964488,0.15591461606878151,0.14992566371681426,0.2312067626066507,0.32958021269709614,-0.11922418710781502,0.07849133537206943,-0.01834862385321112,-0.39823309548080177,-0.9401970778117568,-0.7011514933429293,-2.1155088852988695,-0.17139343840276733
2019-02-15,1550188800,0.0005491,0.0005125,0.0005438,21065547.55,11052.8,0.0005247,multiply,ETH,2019-02-15 01:00:00,-0.03512320706141958,4067,63326,2,13,8,65365,0,792685.3919975,9999998119.99979,-0.05942320706141958,11053.092799485,False,False,0.012068994073812,5246999.01356389,-0.0003029824554899081,1.5934821586061492,-0.0030320201040018252,0.052986184875056276,4.0408979685289025e-07,0.012396429972165786,0.042656178411729126,0.036623954142685225,0.039640066277207175,4.519968924058096,7.535270612595515e-07,7452.243634385617,0.16122146457159797,0.14992566371681426,0.34457504712667564,0.4430901274040669,0.032916513424052884,-0.21106674272675408,-0.118653736451797,-0.6113329530328959,-0.7978703175508652,-0.3967300633967299,-1.9221251819505096,-0.17139343840276733
2019-02-16,1550275200,0.0005793,0.0005054,0.0005247,15101049.27,7817.69,0.0005177,multiply,ETH,2019-02-16 01:00:00,-0.013340956737183274,4070,63329,3,23,21,65386,0,29684.4160447619,9999998119.99979,-0.037640956737183276,7817.813207078999,False,False,0.012232762585639477,5176999.026723891,-0.0005521897757455235,1.5698542247319676,-0.005154859802190736,0.05227006567885268,1.105309487746707e-06,0.012314221618268175,0.030088917560161563,0.046280565864540484,0.03818474171235102,4.015620959350719,7.452245035407833e-07,7438.98618405317,0.15555884968870443,0.14992566371681426,0.3053910459451896,0.4039641206064244,-0.036401753382885316,-0.12026480323648392,-0.12375873482898125,-0.40695108495770516,-0.539536594336153,-0.49311575726670065,-1.5498281786941583,-0.17139343840276733
2019-02-17,1550361600,0.000564,0.0005371,0.0005177,291977.16,156.83,0.0005371,multiply,ETH,2019-02-17 01:00:00,0.03747344021634169,4073,63333,4,11,6,65392,0,4190.307,9999998119.99979,0.01317344021634169,156.82093263599998,False,False,0.01179166112578804,5370998.990251888,-0.020941865366031254,1.60267497682668,-0.007077207518938705,0.04801295649608609,7.817814676828322e-07,0.01178090289799834,0.020707819635204364,0.08204262968101314,0.05137522465810875,5.657912506084598,7.438987582582984e-07,7857.843006847434,0.17268178785857238,0.14992566371681426,-0.133146078815973,-0.0381186566871905,-0.013521344407958491,-0.1726700971983992,-0.07985515532685339,-0.3967981703830761,-0.67409948542024,-0.5586647029946001,-1.3967948717948717,-0.17139343840276733
2019-02-18,1550448000,0.0005861,0.0005129,0.0005371,71900.0,36.87,0.0005129,multiply,ETH,2019-02-18 01:00:00,-0.04505678644572697,4086,63335,2,27,23,65415,0,479519.138794783,9999998119.9998,-0.06935678644572697,36.87751,False,False,0.012348413317797523,5128999.035747898,-0.08405750994979798,1.1847221864824335,-0.017946766230942268,0.05180051936089796,1.56820962118344e-08,0.011772270118185596,0.010464309137339388,0.1688964666203513,0.08968038787884534,3.713021837680177,7.857844484122355e-07,8028.724944254681,0.21985264019647974,0.14992566371681426,-0.29150112813557516,-0.1981145845873856,0.03611990318376468,-0.0963878694224456,-0.07398107011782895,-0.4964265018350398,-0.8398686497971799,-0.6085421814331098,-1.3941411451398134,-0.1666996854012367
2019-02-19,1550534400,0.0005198,0.0004621,0.0005129,1019363.04,471.03,0.0004621,multiply,ETH,2019-02-19 01:00:00,-0.09904464807954771,4089,63338,3,10,5,65420,0,85568.7526036491,9999998119.9998,-0.12344464807954772,471.047660784,False,False,0.013706559599123026,4620999.131251908,-0.004908599983200094,0.9627345240653884,-0.024505018643753033,0.05320787912141892,3.6877516932973922e-09,0.011070279298036105,0.0,0.10030167077927286,0.05015083538963643,-5.7111254010849315,8.028726453655416e-07,8431.950093220834,0.2099467867376177,0.14992566371681426,-0.006732399836537216,0.09084602894239162,-0.047182686683563846,-0.09588530999813827,-0.011729659281325633,-0.22770433811208335,-0.6968907093651091,-0.4908273381294965,-1.837410071942446,-0.1666996854012367
2019-02-20,1550620800,0.000582,0.0004775,0.0004621,23647409.95,11715.96,0.0004954,multiply,ETH,2019-02-20 01:00:00,0.07206232417225711,4091,63340,2,6,5,65425,0,5078.352,9999998119.9998,0.04796232417225711,11714.92688923,False,False,0.012785630179233651,4953999.068647901,-0.00022451902139550625,0.9471125952211402,-0.0214264345568363,0.055438407733979275,4.7104774934098635e-08,0.012022207447231386,0.0,0.059781660766145495,0.029890830383072747,-2.2477456591142726,8.431951678427918e-07,8433.961546708957,0.1891526811297585,0.14992566371681426,0.35173252909275,0.4540989335112743,-0.10993291495347335,-0.025346071358939293,-0.0575160850068237,-0.18444141158120475,-0.6161045038019106,-0.5034965034965035,-1.6369636963696372,-0.16018372912367118
2019-02-21,1550707200,0.0004976,0.0004684,0.0004954,12481890.71,5845.92,0.0004684,multiply,ETH,2019-02-21 01:00:00,-0.05450141299959632,4091,63343,3,13,8,65433,0,548391.746753337,9999998119.9998,-0.07880141299959632,5846.5176085640005,False,False,0.013523273251171542,4683999.119407906,-0.000497651567283239,0.9657339797723518,-0.022973785417918162,0.05515392494377809,1.1714929091636905e-06,0.011908781517221042,0.011792277080284129,0.059781660766145495,0.03578696892321481,0.7405416842613803,8.433963132294195e-07,8562.094260767135,0.20278346295538274,0.14992566371681426,0.27622251239487683,0.37555257243737156,0.06721840936616874,-0.1768015581043063,-0.3782731010603766,-0.330880761739883,-0.7680155810430642,-0.5372418879056049,-1.3360552763819094,-0.16018372912367118
2019-02-22,1550793600,0.0005365,0.0004471,0.0004684,10335696.18,4991.0,0.0004829,multiply,ETH,2019-02-22 01:00:00,0.03095644748078552,4093,63345,2,23,20,65453,0,164045.43274,9999998119.9998,0.006656447480785518,4991.107685321999,False,False,0.013117625162324191,4828999.092147903,-0.0006962730923472028,0.9283141384612879,-0.022684821901411165,0.05578018759049883,5.846518707709635e-07,0.012321411115221097,0.011792277080284129,0.20701979454499844,0.10940603581264129,1.8160409001314672,8.562095870441333e-07,8718.698280447956,0.22422211584490184,0.14992566371681426,0.2598024402024179,0.35824053588109794,-0.05764304013663546,-0.059144125958821236,-0.2297133629390391,-0.12192167945094856,-0.6830843762616068,-0.29219657717067027,-1.2308184143222505,-0.14634003094624395
2019-02-23,1550880000,0.0007496,0.0004864,0.0004829,822070.02,563.75,0.0006858,multiply,ETH,2019-02-23 01:00:00,0.42016980741354315,4093,63346,1,31,34,65487,0,276311.778317647,9999998119.9998,0.39586980741354316,563.7756197159999,False,False,0.009236805469386338,6857998.710695863,-0.0015380167494375228,1.2820822141257415,-0.004499332047481238,0.08978538463345648,4.991108623650521e-07,0.01398758464779086,0.0,0.32882557735386925,0.16441278867693462,2.437883750924292,8.718699919563717e-07,9045.910514603589,0.2311632359980852,0.39586980741354316,0.020933053229092047,0.11423623274878865,0.030026920687512892,-0.10525192143467121,-0.31362083689154585,-0.279675491033305,-0.7570452604611442,-0.391004596191727,-2.1847307430129517,-0.14634003094624395
2019-02-24,1550966400,0.0005737,0.0004296,0.0006858,2076402.84,972.39,0.0004683,multiply,ETH,2019-02-24 01:00:00,-0.3171478565179352,4095,63348,2,12,7,65494,0,337077.868285714,9999998119.99981,-0.3414478565179352,972.3794499720001,False,False,0.013527228680210859,4682999.11959591,-0.0011810072595972174,1.5753543533946999,-0.0012357968245232886,0.09230797248525423,5.637757257058471e-08,0.014473799059121453,0.06473618843332528,0.13532390705266995,0.10003004774299762,-0.1829055994898816,9.045912215235268e-07,9003.771998348644,0.32829104834849204,0.39586980741354316,0.08414307419899873,0.17746875440348056,0.2958588509769612,-0.11223855870780697,-0.17539863325740335,-0.21826465106647364,-0.754814661420584,-0.2434584755403868,-2.32683846637335,-0.16018372912367118
2019-02-25,1551052800,0.0005366,0.0004463,0.0004683,32284285.59,16157.38,0.0005005,multiply,ETH,2019-02-25 01:00:00,0.06875934230194303,4098,63351,3,18,16,65510,0,459524.28874125,9999998119.99981,0.04435934230194303,16158.284937794999,False,False,0.01265754483716113,5004999.059059904,-0.0001656823526720445,1.543989513360442,-0.0004259169602677125,0.09204075107413083,9.723796327793896e-08,0.014858448248026528,0.09403924236114215,0.030151022396166693,0.062095132378654425,-2.789090298786432,9.003773691058277e-07,8996.249220190311,0.22417424605074196,0.39586980741354316,0.39987699518928715,0.49469111140020877,-0.4644458680333119,0.25211431904345283,0.1417322834645669,0.10892388451443569,-0.11563137941090695,-0.2912262156448202,-2.3376159885795857,-0.16018372912367118
2019-02-26,1551139200,0.0005019,0.0004552,0.0005005,62841697.07,31020.67,0.0004936,multiply,ETH,2019-02-26 01:00:00,-0.013786213786213808,4100,63354,3,9,6,65516,0,327907.716507335,9999998119.9998,-0.03808621378621381,31018.661673751998,False,False,0.012835091554002332,4935999.072031901,-0.0001381131859333975,1.5487498699945936,-0.0017609634131683068,0.09129494030365444,1.6158287975553462e-06,0.014895179895884092,0.06590788839880443,0.016632898152367542,0.04127039327558599,1.1909786682355135,8.996250911485665e-07,9549.544987184545,0.23958831977022496,0.39586980741354316,0.4717003481203418,0.5667087471780506,0.06433566433566429,0.013239376468076047,-0.12299807815502883,-0.2099081785180441,-0.5650224215246635,-0.31617397213727494,-1.6585686145764935,-0.16018372912367118
2019-02-27,1551225600,0.000503,0.0004364,0.0004936,37323833.31,17758.31,0.0004758,multiply,ETH,2019-02-27 01:00:00,-0.036061588330632,4107,63356,2,18,14,65530,0,52447.4466434714,9999998119.9998,-0.060361588330632,17758.679888898,False,False,0.013315681360010826,4757999.105495905,-0.00018709313057499555,1.4534466760014133,-0.0029267215783121735,0.0908704897720904,3.101866750526211e-06,0.014702550175837692,0.06800638470280954,0.18637170463986028,0.1271890446713349,3.535098461969719,9.54954678249953e-07,9553.72865109789,0.25158002038735977,0.39586980741354316,0.40392395294934996,0.49883838938490044,-0.013978930307941617,0.010189810189810133,-0.08651348651348667,-0.1108891108891108,-0.5478521478521481,-0.2538505419281232,-1.783485045513654,-0.16018372912367118
2019-02-28,1551312000,0.0006283,0.000432,0.0004758,33928350.7,20346.02,0.0005997,multiply,ETH,2019-02-28 01:00:00,0.2604035308953341,4107,63359,3,14,8,65538,0,637599.150480836,9999998119.9998,0.23600353089533407,20346.83191479,False,False,0.010565117877521346,5996998.87256388,-6.612935197325279e-05,1.2575707274989685,0.005085289145487225,0.10338874862801957,1.7758683227530804e-06,0.013885349745384665,0.07319742008300503,0.3154430406735879,0.1943202303782965,1.6531082122147378,9.553730447199406e-07,9639.233869892725,0.2478125,0.39586980741354316,0.4186756109708503,0.5134066155447591,-0.03741067675493892,0.051053484602917254,-0.06300648298217193,-0.10089141004862245,-0.3358995137763372,-0.11713865391688127,-1.7612128869235626,-0.15804149707297313
2019-03-01,1551398400,0.0006535,0.0005106,0.0005997,8945532.22,5639.04,0.0006304,multiply,ETH,2019-03-01 01:00:00,0.05119226279806588,4110,63362,3,21,16,65554,0,4143116.24212442,9999998119.99979,0.02679226279806588,5639.263511488,False,False,0.010051080569806404,6303998.814847868,-0.0005270487661246141,1.1885326606686135,0.006591268043911333,0.10394642886299725,2.0346835739995546e-06,0.013938122015618906,0.10207743792960661,0.14381673091895866,0.12294708442428263,1.9173287468061817,9.639235682069229e-07,9644.403247349002,0.31234375,0.39586980741354316,0.2762545473742875,0.3682954170758582,0.2066033016508254,-0.014922236233711583,-0.08806221101303047,-0.13997477931904156,-0.2767969735182849,-0.17209834190966267,-2.177170868347339,-0.15804149707297313
2019-03-02,1551484800,0.0006343,0.0005379,0.0006304,18190622.22,10734.32,0.0005901,multiply,ETH,2019-03-02 01:00:00,-0.06392766497461932,4113,63364,2,26,22,65576,0,383863.620570909,9999998119.99979,-0.08832766497461933,10734.286172021999,False,False,0.010737843062605588,5900998.890611876,-0.00025618872326682324,1.2175979128972583,0.006910559022392313,0.10412514200515886,5.639264571669858e-07,0.013687119637403225,0.08481140946225466,0.03285114189653199,0.05883127567939332,4.356917699488066,9.644405060497346e-07,9640.137895020898,0.3335449735449736,0.39586980741354316,0.3505025384002741,0.43972434376877156,0.048699238578680304,-0.1435717858929464,0.10438552609638152,-0.06203101550775392,-0.025512756378189172,-0.07359474599188731,-2.1157249829816203,-0.15804149707297313
2019-03-03,1551571200,0.0005996,0.0005511,0.0005901,12272195.75,6972.32,0.0005681,multiply,ETH,2019-03-03 01:00:00,-0.03728181664124719,4117,63367,3,8,6,65582,0,87821.6958733333,9999998119.99979,-0.06168181664124719,6971.834405574999,False,False,0.011154200301531345,5680998.931971881,-0.0004717911197194491,1.899145027940798,0.024801665661383216,0.10095794075296648,1.0734288190068404e-06,0.0135914680135266,0.02452984138383111,0.018105747011300972,0.02131779419756604,5.201981156249937,9.640139707367358e-07,9677.972610316827,0.351668653158522,0.39586980741354316,0.3033342142310861,0.3942468154053284,-0.06829350957464841,0.2571383248730965,0.18638959390862941,0.03362944162436565,0.11833756345177682,-0.1159932973375537,-1.5541640576080153,-0.15804149707297313
2019-03-04,1551657600,0.0005601,0.0005057,0.0005563,17966672.14,9699.42,0.0005399,multiply,ETH,2019-03-04 01:00:00,-0.04963914803731739,4124,63370,3,23,16,65598,0,7209883.28362875,9999998119.99978,-0.07413914803731739,9700.206288386,False,False,0.011737360976766741,5398998.984987881,-0.00036329396277586244,1.774620715247734,0.020811046663404265,0.10089631778017066,6.971835716280267e-07,0.013402957979345763,0.0,0.0,0.0,5.492985870226384,9.677974429776214e-07,9648.039681776037,0.3539563862928349,0.39586980741354316,0.3418220491666093,0.4311738909268945,-0.038725576483013446,0.15183867141162521,0.21691238773089305,-0.04270462633451966,-0.015760040671072728,-0.14700721388184834,-1.5583989501312336,-0.15804149707297313
2019-03-05,1551744000,0.0005931,0.0005517,0.0005399,20591785.5,11360.9,0.0005517,multiply,ETH,2019-03-05 01:00:00,0.021855899240600163,4132,63374,4,24,20,65618,0,1168615.628091,9999998119.99979,-0.002544100759399835,11360.48806035,False,False,0.011487042217566716,5516998.962803884,-0.0003365422669732404,1.7838538498584005,0.015835132001199077,0.10041126042635287,9.700208112025328e-07,0.012728263897288475,0.0,0.0,0.0,2.2614409065117753,9.648041495608031e-07,9615.642027884604,0.3363862928348909,0.39586980741354316,0.3614316965039869,0.4488048549825906,-0.052231894795332634,0.13113888399929596,0.12797042774159473,0.0008801267382502198,-0.035557120225312655,-0.3224410300800691,-1.222653721682848,-0.15804149707297313
2019-03-06,1551830400,0.0005664,0.0004999,0.0005517,17152176.57,9454.11,0.0005512,multiply,ETH,2019-03-06 01:00:00,-0.000906289650172365,4135,63375,1,12,8,65626,0,245094.647061839,9999998119.99979,-0.025206289650172367,9454.279725384,False,False,0.011497643670991214,5511998.963743884,-0.0007410560935728584,1.6996742960690976,0.01749190234922249,0.09973241638547738,1.1360490196122395e-06,0.012952199907099176,0.0,0.016433443026761675,0.008216721513380838,1.3621835775205895,9.615643835625837e-07,9486.837936022748,0.34373831775700936,0.39586980741354316,0.3405456422460721,0.4281626807232261,0.021388435744063905,0.11872568994258181,0.1324319318392294,-0.09020188923874795,-0.13187627338396002,-0.1437222446507873,-1.2519999999999998,-0.15804149707297313
2019-03-07,1551916800,0.0006002,0.0005313,0.0005512,19870544.44,11268.94,0.0005671,multiply,ETH,2019-03-07 01:00:00,0.028846153846153966,4137,63377,2,10,7,65633,0,245565.986857143,9999998119.99979,0.004346153846153965,11268.585751924,False,False,0.011175632501301281,5670998.933851881,-0.00031466048078551933,1.6772646195909082,0.018785922302106933,0.09953370930289761,9.454281502789121e-07,0.012878325886256894,0.0,0.2695503537856785,0.13477517689283924,2.7072595579113887,9.486839719548806e-07,8871.774506923945,0.3434267912772585,0.39586980741354316,0.3637363879109508,0.44819107278738085,-0.0009071117561685327,-0.0870038064165306,0.12470545586369408,0.04676454594888524,-0.027007431575131413,-0.18701964133219473,-0.8486759142496849,-0.15804149707297313
2019-03-08,1552003200,0.0008052,0.0005525,0.0005671,29759373.62,23841.52,0.0008011,multiply,ETH,2019-03-08 01:00:00,0.4126256392170695,4141,63383,6,25,21,65654,0,296764.562483791,9999998119.99979,0.3881256392170695,23840.234206982,False,False,0.007911997492948143,8010998.493931832,-3.713111758788976e-05,1.6084479301658177,0.03070819495410551,0.12404283978027018,1.1268587870418757e-06,0.013554292654636382,0.0,0.2531169107589168,0.1265584553794584,2.1924834525628336,8.871776174818044e-07,7980.300791766608,0.3533333333333333,0.39586980741354316,0.4547431737223221,0.5312366108081255,0.028037383177570097,-0.14368650217706835,-0.24419448476052263,0.013425253991291686,-0.00870827285921627,-0.12528473804100226,-0.8136566687938735,-0.15804149707297313
2019-03-09,1552089600,0.001236,0.0007258,0.0008011,1580083.22,1441.64,0.0009124,multiply,ETH,2019-03-09 01:00:00,0.138933965797029,4140,63389,6,49,41,65695,0,3883850.50354373,9999998119.99979,0.114433965797029,1441.667929928,False,False,0.006947502402141119,9123998.284687808,-0.0013690784708224356,1.6526863572791863,0.03450559338865694,0.12489288256892357,2.3840238688947376e-06,0.017749244846624563,0.07274995878149032,0.29049880026576097,0.18162437952362565,1.6600100283950452,7.980302292063601e-07,7896.259060173638,0.4991277258566978,0.39586980741354316,0.15182970111728683,0.21626756162948232,0.29209836474847095,-0.04055722094868641,0.17421971433609584,0.07476635514018681,0.04179157115147236,0.2090988626421698,-0.7988431876606681,-0.15804149707297313
2019-03-10,1552176000,0.002002,0.0007868,0.0009124,18187981.72,14359.86,0.0007895,multiply,ETH,2019-03-10 01:00:00,-0.13469969311705376,4141,63394,5,24,25,65720,0,3732010.78509122,9999998119.99981,-0.15919969311705376,14359.41156794,False,False,0.008029640521605503,7894998.51573985,-0.0001396093053223796,1.813602913518807,0.03512101121277575,0.12678975013745727,1.4416682009616493e-07,0.03759389130261524,0.07274995878149032,0.29049880026576097,0.18162437952362565,2.91695857039199,7.896260544670781e-07,7907.860571994623,0.5684735202492212,0.39586980741354316,0.4152538049892721,0.4727388300545293,0.12198597106532216,0.2908500811384347,0.37523405317688185,0.35376357508425926,0.32293096991636505,-0.3600256245996156,-0.6263390044108379,-0.16500657267772148
2019-03-11,1552262400,0.0008199,0.000677,0.0007895,1244375.5,987.07,0.0007932,multiply,ETH,2019-03-11 01:00:00,0.004686510449651626,4143,63395,1,8,9,65729,0,1138805.42052889,9999998119.99981,-0.019713489550348372,987.0386466,False,False,0.007992311134425547,7931998.508783849,-0.005433492429622086,1.6351621881197702,0.03120701059780067,0.1267775919762273,1.4359414267510156e-06,0.03825595414516029,0.0390605072089108,0.017796228507032837,0.028428367857971818,4.365659190669734,7.907862058672849e-07,8059.18042640878,0.49436443331246094,0.39586980741354316,0.11442060789209885,0.1741519136498612,-0.15566814439518661,0.4082639193336256,0.4590092064883823,0.4113327487943884,0.3019508987286277,-0.21718281718281718,-0.9358407079646018,-0.16500657267772148
2019-03-12,1552348800,0.0007982,0.0007108,0.0007932,160461.16,122.47,0.0007632,multiply,ETH,2019-03-12 01:00:00,-0.03782148260211793,4144,63396,1,2,1,65730,0,6.4,9999998119.99981,-0.062221482602117927,122.463957312,False,False,0.008306605335226867,7631998.565183855,-0.02674156614619368,1.7406601345197958,0.031917302902059366,0.1273912290303349,9.870388321633193e-08,0.03840287503782619,0.05469784636461422,0.017796228507032837,0.036247037435823526,2.2752275655171674,8.059181941535147e-07,7950.504964546962,0.49668127739511586,0.39586980741354316,-0.11598745756211623,-0.0574396653713455,0.004664649520927822,0.3012032932235592,0.3973400886637112,0.3503483217226092,0.22837238758708056,-0.24655591572123203,-1.1961792799412194,-0.16500657267772148
2019-03-13,1552435200,0.0007856,0.0006314,0.0007632,633976.26,464.35,0.0007324,multiply,ETH,2019-03-13 01:00:00,-0.040356394129979045,4146,63400,4,14,9,65739,0,11313214.9991069,9999998119.99981,-0.06465639412997905,464.324212824,False,False,0.008656473500710466,7323998.623087861,-0.00691328460049807,1.6634083512369306,0.029709930060436512,0.12759081605455241,1.2246398033523065e-08,0.03923731646027279,0.015637339155703426,0.0,0.007818669577851713,2.0676063917017053,7.950506459242339e-07,8111.442891776397,0.4778960551033188,0.39586980741354316,0.04043904277298868,0.09221620364412282,-0.03930817610062887,0.30509329299041865,0.24394856278366106,0.417423096318709,0.22428139183055973,-0.19293820933165207,-1.1458333333333335,-0.16500657267772148
2019-03-14,1552521600,0.0008053,0.0007256,0.0007324,36725.35,26.65,0.0007256,multiply,ETH,2019-03-14 01:00:00,-0.009284543965046521,4148,63402,2,11,8,65747,0,6511713.9565,9999998119.9998,-0.034084543965046524,26.647913959999997,False,False,0.00873787374856388,7255998.635871855,-0.1756011449017109,1.692298045133452,0.02942425999539013,0.12760376935888557,4.6432430011697776e-08,0.03911449458720767,0.04656340208608284,0.05645743987957969,0.05151042098283126,2.974401119075253,8.111444416728112e-07,8092.478902958966,0.45860989355040704,0.39586980741354316,-0.2728394282321823,-0.224668054732309,-0.04205352266521034,0.25694444444444453,0.17400419287211732,0.35089098532494756,0.2562893081761006,0.018509254627313676,-2.055930568948891,-0.16500657267772148
2019-03-15,1552608000,0.0008189,0.0007253,0.0007256,269512.44,195.48,0.0007253,multiply,ETH,2019-03-15 01:00:00,-0.0004134509371553907,4149,63404,2,12,7,65754,0,240891.927091093,9999998119.9998,-0.02501345093715539,195.477372732,False,False,0.008741763672956777,7252998.636435855,-0.03985613063159217,1.6436690627837354,0.03150579561622939,0.1256305838054898,2.6647918969809298e-09,0.039177461019344995,0.09777497556254963,0.08946679388226199,0.09362088472240582,1.9025125188357181,8.09248042434545e-07,7854.650704769564,0.454351909830933,0.39586980741354316,-0.04386856164587991,-0.0019521675204384914,-0.009371554575523744,-0.09380120152921889,0.19429273620972154,0.36045876570180235,0.19634079737848176,0.16576776649746194,-1.4807355516637477,-0.16500657267772148
2019-03-16,1552694400,0.0008161,0.0007112,0.0007253,5036929.34,3732.3,0.000741,multiply,ETH,2019-03-16 01:00:00,0.02164621535916167,4150,63404,0,26,21,65775,0,42854.3668166673,9999998119.99979,-0.0029537846408383313,3732.36464094,False,False,0.00855654681780777,7409998.606919845,-0.0010269427075725861,1.6096281847145277,0.028350694259357816,0.12560931695042094,1.9547740948175706e-08,0.03945476084108122,0.0512115734764668,0.033009354002682297,0.04211046373957455,2.005404893786909,7.854652181444334e-07,7860.006735330096,0.4541640576080151,0.39586980741354316,0.2944437613770574,0.32601124597476694,-0.00041362194953808995,-0.25744211686879814,0.2170617420066152,0.33448180815876516,0.27522050716648283,0.07846127774953393,-1.6166049709148598,-0.16500657267772148
2019-03-17,1552780800,0.0007518,0.0005687,0.000741,1289989.64,872.47,0.0006763,multiply,ETH,2019-03-17 01:00:00,-0.08731443994601884,4151,63405,1,2,1,65776,0,898.5779,9999998119.99979,-0.11191443994601884,872.4199935319999,False,False,0.009375279006379354,6762998.728555858,-0.0027948000296485627,1.5347049124120598,0.026583233271863724,0.12566130172243425,3.7323653426247624e-07,0.040798804031308825,0.0713938160529972,0.0727776775542227,0.07208574680360995,0.4121325935594067,7.8600082130118e-07,7939.097383671947,0.4639949906073889,0.39586980741354316,0.1325137642104151,0.16614378560844567,0.02118758434547907,-0.08851509720115813,0.2556183648145596,0.054460223355852766,0.25024127947056396,0.07639500088012674,-2.2835642618251315,-0.16500657267772148
2019-03-18,1552867200,0.0007479,0.0006177,0.0006763,6259828.55,4499.66,0.0007188,multiply,ETH,2019-03-18 01:00:00,0.06284193405293514,4157,63407,2,20,13,65789,1,12706911.2760414,9999998119.99981,0.038141934052935145,4499.56476174,False,False,0.008821231485881948,7187998.6486558635,-0.0006149778556760812,1.3852173310458997,0.026348747760287308,0.12572152917053772,8.724201575470062e-08,0.040971702390280855,0.11212520803994669,0.12326445354726442,0.11769483079360556,4.404970695886308,7.939098876222696e-07,7958.858656088337,0.4234815278647464,0.39586980741354316,0.3198984287709131,0.3480676900011512,-0.09566760313470346,-0.07044534412955472,0.25546558704453437,0.36801619433198385,0.29190283400809713,0.04111872568994257,-1.9690346083788706,-0.16500657267772148
2019-03-19,1552953600,0.000767,0.0006527,0.0007188,3754079.64,2748.61,0.0007322,multiply,ETH,2019-03-19 01:00:00,0.018642181413466963,4163,63410,3,24,16,65805,0,663232.889184094,9999998119.99979,-0.0059578185865330376,2748.737112408,False,False,0.008660203758683907,7321998.623463847,-0.0014487847637287732,1.3175039750101012,0.025803453927149646,0.12582460794169587,4.499565607658429e-07,0.04125264836761944,0.04073139198694948,0.08491189318512357,0.06282164258603652,2.812863212290713,7.958860152354207e-07,7892.20954465245,0.45009392611145904,0.39586980741354316,0.2665653624779106,0.29403682542781523,0.05912632164718978,-0.128493272216472,0.18497708117699252,0.25994381191778804,0.23451131154812965,0.026463657785028127,-2.0341207349081367,-0.16500657267772148
2019-03-20,1553040000,0.0007726,0.0007362,0.0007322,455519.33,348.75,0.0007656,multiply,ETH,2019-03-20 01:00:00,0.045615951925703335,4164,63412,2,11,7,65812,0,2391692.68990857,9999998119.99979,0.021115951925703334,348.745599048,False,False,0.008282655684621157,7655998.560671839,-0.008853152008603643,3.498019908319117,0.08321693154207031,0.11689265633141008,2.748737629170732e-07,0.04091534999736077,0.009522593410570494,0.04686547965635258,0.028194036533461538,2.612203950814708,7.892211028388284e-07,7882.4267997569705,0.4584846587351284,0.39586980741354316,0.035473789237098985,0.06730166130186525,0.018301010652827077,-0.018920422927100722,0.2110461880912633,0.3132999443516974,0.25278241513633837,0.06948476052249619,-2.065613342111038,-0.16500657267772148
2019-03-21,1553126400,0.0007906,0.0006848,0.0007656,1026591.26,778.22,0.0007581,multiply,ETH,2019-03-21 01:00:00,-0.009796238244514033,4164,63412,0,8,5,65817,0,272491.482,9999998119.99979,-0.03489623824451403,778.2588342060001,False,False,0.008364597272320218,7580998.574771841,-0.005943725424351662,5.066753217204863,0.12493447224915029,0.11379925318088258,3.487456646121922e-08,0.04116680680375501,0.05294804026036863,0.05181198356206846,0.05238001191121855,1.313867858948993,7.882428281653648e-07,7873.326519007062,0.4793988728866625,0.39586980741354316,0.12479171057122852,0.1561074553410557,0.04362591431556939,0.009013930620049293,-0.09409997268505865,0.35017754711827365,0.2995083310570882,0.18515253041791568,-2.0208710339003497,-0.16500657267772148
2019-03-22,1553212800,0.0007891,0.0007084,0.0007581,149642.12,106.62,0.0007125,multiply,ETH,2019-03-22 01:00:00,-0.06015037593984962,4163,63413,1,10,6,65823,0,16706550.857,9999998119.99979,-0.08505037593984963,106.6200105,False,False,0.00890007184865229,7124998.660499851,-0.02636379018685163,5.139632851481334,0.12405862841476661,0.11457271087233865,7.782589805187047e-08,0.040280111847602405,0.04635101698885597,0.287499631616962,0.166925324302909,0.4285298960603452,7.873327999192886e-07,7947.986097903124,0.4747025673137133,0.39586980741354316,-0.09691539065426422,-0.060875428146562736,-0.009893153937475141,0.05263845350052243,-0.19174503657262276,0.21669278996865204,0.3964211076280041,0.3816002995880664,-2.0526315789473686,-0.16500657267772148
2019-03-23,1553299200,0.001041,0.0007176,0.0007125,382146.99,397.94,0.001041,multiply,ETH,2019-03-23 01:00:00,0.4610526315789474,4163,63413,0,19,19,65842,0,26484.3268421053,9999998119.99979,0.4361526315789474,397.81501659,False,False,0.006091547735028584,10409998.042919783,-0.0019462389350075697,4.408868860909835,0.1231998441273735,0.14164083267024652,1.0662003054456798e-08,0.04079584768993273,0.10717375234490664,0.2957751045222082,0.2014744284335574,3.382027470858982,7.947987592124955e-07,8039.565146562794,0.44614902943018164,0.4361526315789474,0.05559778360324081,0.08672862282607453,-0.06400000000000006,0.022556390977443663,-0.04141933781822971,0.1684474343754122,0.3465242052499671,0.4866286716352477,-2.0067162389062125,-0.16500657267772148
2019-03-24,1553385600,0.001086,0.0007764,0.001041,2632150.5,2480.99,0.0009426,multiply,ETH,2019-03-24 01:00:00,-0.09452449567723342,4169,63419,6,23,15,65857,0,72592.7676154253,9999998119.99979,-0.11942449567723343,2481.0650613000003,False,False,0.0067280937749602775,9425998.227911802,-0.0009507595352299118,4.525607851957259,0.12157374670494388,0.14386434316090926,3.9781509137924556e-08,0.04215957547838517,0.26355206196957515,0.07565127228504402,0.1696016671273096,3.9779354825336704,8.03956665800149e-07,8073.670516545859,0.6518472135253601,0.4361526315789474,0.2619128931658731,0.2894747923366453,0.31556195965417866,0.050807017543859634,-0.11326315789473673,0.1717894736842106,0.34259649122807023,0.3883470550981635,-2.009720534629405,-0.16500657267772148
2019-03-25,1553472000,0.001085,0.0007622,0.0009426,6586303.54,5849.66,0.0008882,multiply,ETH,2019-03-25 01:00:00,-0.05771270952684071,4169,63419,0,12,10,65867,0,469518.432036,9999998119.99979,-0.08241270952684071,5849.954804228,False,False,0.007140172474980362,8881998.330183813,-0.00048757263194004085,2.770017956918349,0.06727949825013765,0.1345868620447471,2.4810655277403713e-07,0.04233020216340432,0.20095249527562561,0.09951451157646696,0.1502335034260463,4.280514351649722,8.073672034396366e-07,7988.991912641531,0.5902316844082656,0.4361526315789474,0.3584580847869784,0.38513042667239716,-0.10439210693825585,0.3095100864553314,0.26685878962536025,0.4542747358309318,0.5361191162343901,0.13540090771558244,-1.90653764455983,-0.16500657267772148
2019-03-26,1553558400,0.0008957,0.0007614,0.0008882,4842629.96,3849.88,0.000795,multiply,ETH,2019-03-26 01:00:00,-0.10493132177437514,4171,63421,2,10,7,65874,0,32808982.4974286,9999998119.99983,-0.12953132177437515,3849.8908182,False,False,0.00797748577649702,7949998.505399865,-0.0005855878329091199,0.700053740081832,0.017334411865984584,0.13280578809374732,5.84995590401981e-07,0.04174671957531951,0.041648615511899245,0.07151033329446686,0.056579474403183054,1.6051440596995006,7.988993414572455e-07,7931.257304057358,0.5561678146524734,0.4361526315789474,0.3095425080965641,0.34055384415427986,-0.06124746678675974,0.2232123912582219,0.22300021217907917,0.4272225758540209,0.27243793761935076,0.38639937106918243,-2.2335642399686315,-0.16500657267772148
2019-03-27,1553644800,0.0008302,0.0006338,0.000795,24131570.31,19423.99,0.0008049,multiply,ETH,2019-03-27 01:00:00,0.012452830188679265,4172,63421,0,11,9,65883,0,875004.127295556,9999998119.99983,-0.012047169811320736,19423.500942519,False,False,0.00787936537745699,8048998.486787863,-0.00022579901380770332,1.1797207518725026,0.026956637993508285,0.1326240405848467,3.8498915419796754e-07,0.042894590985905624,0.0,0.0,0.0,3.04209226422394,7.931258795134173e-07,8073.874326413388,0.49780839073262373,0.4361526315789474,0.48856514175621224,0.5233581796840574,-0.11723270440251565,0.13803197478045492,0.18306687682954292,0.3788561134879531,0.47275388426030174,0.3166302566903332,-2.1136580706781283,-0.16500657267772148
2019-03-28,1553731200,0.0008982,0.0007791,0.0008049,16180695.25,13390.69,0.0008276,multiply,ETH,2019-03-28 01:00:00,0.028202261150453323,4174,63423,2,9,7,65890,0,394277.356638564,9999998119.99981,0.0038022611504533246,13391.1433889,False,False,0.007663486215989301,8275998.444111842,-0.00026647113080501895,1.2120329934759901,0.028886822080893767,0.13244154608498473,1.9423504594138232e-06,0.04298248555307758,0.0030910596490899525,0.0,0.0015455298245449763,1.037197948316547,8.07387584430221e-07,6884.484655884953,0.5040075140889168,0.4361526315789474,0.4446033596121549,0.48172920178967826,0.012299664554603074,0.04641509433962265,0.08767295597484281,0.30666666666666675,0.3704402515723271,0.31973539140022056,-2.04504969665677,-0.16500657267772148
2019-03-29,1553817600,0.0008636,0.0008405,0.0008276,6267591.92,5267.7,0.0008405,multiply,ETH,2019-03-29 01:00:00,0.015587240212663112,4176,63426,3,33,29,65919,0,724027.474226207,9999998119.99984,-0.00871275978733689,5267.91100876,False,False,0.007546223905305325,8404998.419859866,-0.0007899341176386502,1.168998158439475,0.02938432080584653,0.13196835887401587,1.3391145906435644e-06,0.04266577261160675,0.006537736080287515,0.019084241352776567,0.012810988716532041,2.8817437110118185,6.884485950168451e-07,6578.326910535212,0.5182216656230432,0.4361526315789474,0.3564632848867147,0.38011692263155916,0.027428709521507888,0.11479686917629517,0.07938874394334694,0.2954404273822836,0.38675611877251836,0.34399558803253827,-2.7033666969972705,-0.16500657267772148
2019-03-30,1553904000,0.0009228,0.0008125,0.0008405,15197550.49,13327.26,0.0008769,multiply,ETH,2019-03-30 01:00:00,0.04330755502676986,4178,63428,2,10,6,65925,0,28558.816167701,9999998119.99984,0.01900755502676986,13326.732024681,False,False,0.007233209251279195,8768998.351427859,-0.00023557374549077584,0.6930678944744273,0.01080317013683176,0.12465655982515496,5.26791199912754e-07,0.04137701330874358,0.028554358091872845,0.0421360994035335,0.03534522874770317,0.442539582459605,6.578328147261036e-07,6189.851027858133,0.526299311208516,0.4361526315789474,0.4710973918661645,0.4846418302360576,0.015348007138608066,-0.2578540357660708,0.18281778637022705,0.03202029966167219,0.4250845819236345,0.19068825910931175,-3.181069958847737,-0.16500657267772148
2019-03-31,1553990400,0.0008985,0.000833,0.0008769,12118819.07,10733.98,0.0008857,multiply,ETH,2019-03-31 01:00:00,0.010035351807503812,4178,63428,0,4,4,65929,0,662372.486,9999998119.99984,-0.01426464819249619,10733.638050299,False,False,0.0071613426582891795,8856998.334883858,-0.00042871216802144304,0.8296454675059984,0.01252870933277936,0.12445843399671234,1.3326734530107305e-06,0.04041145479942818,0.02510768166067528,0.023051858050756935,0.02407976985571611,2.889971439938627,6.189852191550467e-07,6243.939008834891,0.5490920475892298,0.4361526315789474,0.4538937552943713,0.4606636628062945,0.0415098642946744,-0.1214753123140988,0.1447947650208209,-0.08554431885782265,0.28649613325401546,0.06786928877716991,-3.7642276422764223,-0.16500657267772148
2019-04-01,1554076800,0.001006,0.0008766,0.0008857,534949.84,473.51,0.0008851,multiply,ETH,2019-04-01 02:00:00,-0.0006774302811335398,4180,63432,4,13,7,65936,0,192800.165571429,9999998119.99979,-0.02487743028113354,473.484103384,False,False,0.007166649183732864,8850998.336011814,-0.015411718924517868,0.8278919472485606,0.014624218815967425,0.12343841677928344,1.0733640068223558e-06,0.04041804549361525,0.0,0.0,0.0,4.562530167897666,6.243940182695768e-07,6272.155642449172,0.5546023794614904,0.4361526315789474,0.09318893702251205,0.1194050307975938,0.009935644123292287,-0.01288630402554447,0.16501311438020294,0.09966928954270726,0.2811038886988254,0.17904841402337235,-6.380352644836272,-0.16500657267772148
2019-04-02,1554163200,0.001138,0.000945,0.0008851,225934.05,229.54,0.001016,multiply,ETH,2019-04-02 02:00:00,0.14789289345836631,4183,63434,2,13,10,65946,0,418596.558295079,9999998119.9998,0.12359289345836631,229.54899479999997,False,False,0.00624350511078696,10159998.089919796,-0.008326183095352753,0.5681675318050727,0.010237894334216392,0.1231299610117574,4.7348419239903765e-08,0.04107021459519833,0.03987169581719399,0.15849228088220907,0.09918198834970153,1.0948038626900818,6.272156821614779e-07,6351.773418323487,0.5542266750156544,0.4361526315789474,0.016732878848493657,0.041506288187555765,-0.0006778895040109312,0.10240487749802418,0.13559896127356896,0.10443716834142491,0.33374731850513717,0.22411909314394973,-6.122122122122122,-0.16500657267772148
2019-04-03,1554249600,0.001449,0.0008736,0.001016,10464289.77,9596.95,0.0009171,multiply,ETH,2019-04-03 02:00:00,-0.09734251968503937,4184,63435,1,12,11,65957,0,388311.811090909,9999998119.99979,-0.12154251968503937,9596.800148067,False,False,0.006916913305613735,9170998.275851808,-0.00024273917905636244,0.022219675457298083,-0.0001497142921606439,0.12267479203761344,2.2954903795522394e-08,0.04578855628267294,0.03987169581719399,0.3835855542539667,0.21172862503558032,-24.52896715802092,6.351774612457238e-07,6349.64266472291,0.6402016383112791,0.4361526315789474,0.44742680910336563,0.4552261585346299,0.1288385826771653,0.09061123036944974,0.1434866116822957,0.13772455089820357,0.3581516212857304,0.29480146290491116,-5.933537310895801,-0.16500657267772148
2019-04-04,1554336000,0.001067,0.0007888,0.0009171,93888.68,74.5,0.0007935,multiply,ETH,2019-04-04 02:00:00,-0.1347726529277069,4189,63436,1,11,8,65965,0,8754.8,9999998119.99979,-0.1590726529277069,74.50066758,False,False,0.007994456449397804,7934998.5082198335,-0.026901315620953364,0.07902454327827957,-0.0028676647728591315,0.12517171360518584,9.596801952265967e-07,0.047026887418489656,0.09941905181734854,0.27160120443258795,0.18551012812496825,-23.460548997180304,6.349643858456079e-07,6338.694167979071,0.5778827977315689,0.4361526315789474,-0.10734011070425838,-0.07759764676336187,-0.10783993021480742,0.1854330708661418,0.2987204724409448,0.27913385826771653,0.4686023622047244,0.2722595963593194,-5.57993781705122,-0.16500657267772148
2019-04-05,1554422400,0.00106,0.0008353,0.0007935,136080.28,132.68,0.000975,multiply,ETH,2019-04-05 02:00:00,0.22873345935727785,4189,63436,0,7,5,65970,0,507881.053863998,9999998119.99979,0.20453345935727785,132.678273,False,False,0.006506257633432983,9749998.166999795,-0.011118609346547332,0.047189607347306595,0.0026717557444902768,0.12943726469585526,7.45006815861297e-09,0.047371463360171354,0.09941905181734854,0.22257256867822642,0.16099581024778747,-7.54952415273388,6.338695359653921e-07,6358.07246656083,0.5,0.4361526315789474,-0.033668391511821834,-0.012445505999809871,-0.15576559546313784,0.08352415221895104,-0.1350997710173374,0.20881038054737766,0.3984298331697743,0.2263859649122808,-6.566184256971408,-0.16500657267772148
2019-04-06,1554508800,0.001329,0.0009744,0.000975,8564125.82,10822.73,0.001264,multiply,ETH,2019-04-06 02:00:00,0.2964102564102564,4191,63438,2,16,18,65988,0,642053.126822222,9999998119.9998,0.2722102564102564,10825.05503648,False,False,0.005018830057464202,12639997.623679746,-0.000112332988496364,0.09883342702724618,0.01307240276907558,0.13912109404985498,1.3267829794352266e-08,0.047886367763239415,0.0,0.3320854259000806,0.1660427129500403,-4.399039752860006,6.358073661878802e-07,6344.058381845348,0.6143667296786389,0.4361526315789474,0.47580325272197016,0.4765548379609582,0.18615384615384611,-0.10510396975425329,-0.18790170132325135,0.08594833018273473,0.3053560176433523,0.4552353506243997,-6.631294964028778,-0.16500657267772148
2019-04-07,1554595200,0.001928,0.001283,0.001264,4336318.42,7263.06,0.001675,multiply,ETH,2019-04-07 02:00:00,0.32515822784810133,4192,63441,3,24,18,66006,2,27659583.8375922,9999998119.99983,0.30095822784810133,7263.3333535,False,False,0.0037875231001141085,16749996.850999717,-0.00015467324787856688,0.2669634231351241,0.012178843668644388,0.13048594358527757,1.0825057071590913e-06,0.04896504015950165,0.08898479291927215,0.1795740762828611,0.13427943460106662,-4.165211359768783,6.344059574528669e-07,5319.959879835943,0.7964713295526149,0.4361526315789474,0.4306837734104731,0.4394219674264008,0.2286392405063291,0.09158974358974359,0.08902564102564092,0.24,0.4183589743589744,0.1501166984935286,-7.113728376886272,-0.16500657267772148
2019-04-08,1554681600,0.001753,0.001168,0.001675,13257905.42,18867.74,0.001423,multiply,ETH,2019-04-08 02:00:00,-0.15044776119402992,4200,63448,7,25,23,66029,0,284616.683436296,9999998119.99983,-0.1747477611940299,18865.99941266,False,False,0.004458749959819207,14229997.324759759,-0.00010039962979521159,0.10898610371679507,0.00020308031244399568,0.1337239273133853,7.263334719007051e-07,0.04696300482816404,0.1266251449066746,0.07012522205812088,0.09837518348239774,-3.272601745914944,5.319960879988685e-07,5879.70575510041,1.0,0.4361526315789474,0.5643764558788955,0.5580969289286628,0.24537313432835828,0.2997626582278481,0.37104430379746833,0.4649525316455696,0.36621835443037976,-0.02724611573969815,-7.235619469026549,-0.17139343840276733
2019-04-09,1554768000,0.001456,0.001238,0.001423,14826402.17,19421.24,0.00131,multiply,ETH,2019-04-09 02:00:00,-0.07940969782150387,4202,63450,2,14,9,66038,0,235973.478666667,9999998119.99983,-0.10360969782150387,19422.5868427,False,False,0.004843512360962086,13099997.537199777,-0.0001304221111169645,0.09259110025199524,0.002413403203144878,0.13175469301341494,1.8866002959468875e-06,0.026231521077948565,0.08825068299659361,0.0465719340579443,0.06741130852726895,-7.774996166617466,5.879706860485404e-07,6208.072836901787,0.8495522388059701,0.4361526315789474,0.5471363971185612,0.5628223055320478,-0.17709065354884057,0.3934328358208956,0.5194626865671642,0.570865671641791,0.45528358208955233,0.00691823899371069,-4.832940807034071,-0.17139343840276733
2019-04-10,1554854400,0.00146,0.001284,0.00131,13489860.87,18473.7,0.001369,multiply,ETH,2019-04-10 02:00:00,0.04503816793893134,4203,63453,3,11,6,66044,0,256339.669,9999998119.99983,0.02103816793893134,18467.61953103,False,False,0.004634989914475334,13689997.426279768,-0.0001678746395592744,0.0829274740663144,0.0022514867321715933,0.13175694257911288,1.942259049414734e-06,0.02573770815344728,0.050610331009191184,0.11000513996276534,0.08030773548597826,-3.273185619896404,6.208074004019807e-07,6592.245425470007,0.7820895522388059,0.4361526315789474,0.534193152607413,0.5530627651812886,-0.08625954198473296,0.35551651440618415,0.41841180604357,0.4854532677442024,0.4451862262825017,0.014535967200894562,-5.529875246224557,-0.16664235512585737
2019-04-11,1554940800,0.001289,0.0009931,0.001369,16960039.24,18244.12,0.001076,multiply,ETH,2019-04-11 02:00:00,-0.21402483564645736,4213,63455,2,27,28,66072,0,2910228.59116243,9999998119.99985,-0.23822483564645736,18249.002222239997,False,False,0.005897305941407361,10759997.977119837,-8.447931549882555e-05,0.16365532644282832,1.8201521160511997e-05,0.13490717207186556,1.8467623002943402e-06,0.026235952094262716,0.02277225626132546,0.11000513996276534,0.0663886981120454,-6.792361691474163,6.592246664812492e-07,6869.156808751623,0.8173134328358208,0.4361526315789474,0.5171492027465984,0.5479579370961619,0.043097151205259365,0.39427480916030533,0.3583969465648855,0.4155725190839695,0.3945038167938931,0.07781536974383751,-5.2164797659678195,-0.17384058129386634
2019-04-12,1555027200,0.001114,0.0009841,0.001076,56117170.28,60302.21,0.001075,multiply,ETH,2019-04-12 02:00:00,-0.0009293680297397522,4214,63456,1,7,7,66079,0,304808.3544,9999998119.99985,-0.025029368029739752,60325.958051,False,False,0.005902884830672669,10749997.978999838,-0.0001157214235175505,0.2269363000350778,0.0009020760917980432,0.1349228363533203,1.8249005653053335e-06,0.025620733025180534,0.06566303591096728,0.0,0.03283151795548364,-6.78595756956393,6.869158100153461e-07,11787.717037410737,0.6423880597014925,0.4361526315789474,0.6388562471899977,0.6835586490767592,-0.2723048327137547,0.2878013148283419,0.35945945945945945,0.4462381300219138,0.44251278305332353,0.1286139202855443,-5.596194503171247,-0.17384058129386634
2019-04-13,1555113600,0.001111,0.0009263,0.001075,75214583.85,76354.09,0.001015,multiply,ETH,2019-04-13 02:00:00,-0.05581395348837204,4218,63460,4,16,11,66090,0,165256.884552655,9999998119.99984,-0.07991395348837203,76342.80260775,False,False,0.006252217924185542,10149998.091799838,-3.779965209250409e-05,0.23593889567193638,-0.00037840921982608644,0.1354052432274667,6.032596939228322e-06,0.025833852555754412,0.055105116556000706,0.0,0.027552558278000353,-1.9935583758043744,1.1787719253502146e-06,16852.9913985326,0.6417910447761194,0.4361526315789474,0.5982380306530037,0.6774517020158612,-0.0009302325581395099,-0.17472118959107807,0.17685873605947944,0.3378252788104088,0.31933085501858727,0.1725396282358308,-5.804281345565749,-0.16664235512585737
2019-04-14,1555200000,0.001073,0.001009,0.001015,76321665.77,77629.85,0.001017,multiply,ETH,2019-04-14 02:00:00,0.0019704433497536034,4219,63461,1,2,1,66091,0,38.4,9999998119.99984,-0.022129556650246397,77619.13408808998,False,False,0.006240020838807401,10169998.088039836,-8.025723018046208e-05,0.2330180010794055,-0.0005070754436337442,0.1354221030680015,7.63428169602008e-06,0.025499895754161967,0.012214336906358883,0.05444902156207387,0.03333167923421637,1.9191930881392665,1.6852994566895843e-06,20535.47318588187,0.6059701492537314,0.4361526315789474,0.5507815863951857,0.6490523274141823,-0.059113300492610765,-0.558139534883721,0.1766511627906977,0.03162790697674411,0.3250232558139535,0.18109969515637347,-7.195474424795586,-0.16664235512585737
2019-04-15,1555286400,0.001028,0.0009137,0.001017,25696858.88,24179.74,0.000941,multiply,ETH,2019-04-15 02:00:00,-0.07472959685349057,4222,63463,2,10,13,66104,0,535933.541384615,9999998119.99984,-0.09892959685349056,24180.74420608,False,False,0.006744209556965703,9409998.23091985,-0.0001072704393899517,0.27219810783693277,-0.001715958279645324,0.13591746057533768,7.761914868049118e-06,0.025304757349324847,0.022768527841432393,0.09136338978664821,0.0570659588140403,2.2688447132147207,2.053547704655188e-06,20538.54385178849,0.6071641791044775,0.4361526315789474,0.40104547930156376,0.5073500568272981,0.001966568338249597,-0.4019704433497535,-0.0009852216748766907,0.07133004926108377,0.2854187192118227,0.1628064625466049,-5.4509010665685915,-0.15914252503184767
2019-04-16,1555372800,0.001005,0.0008679,0.000941,10921746.14,9970.93,0.0009129,multiply,ETH,2019-04-16 02:00:00,-0.02986184909670564,4227,63467,4,11,6,66110,0,2891.0,9999998119.99984,-0.05416184909670564,9970.462051206001,False,False,0.006952241420944163,9128998.283747854,-0.0003521575575146968,0.24843869844036004,-0.002670781238715862,0.13630330839288915,2.418074875206115e-06,0.024204628498783243,0.04036185387382929,0.07846247039112392,0.059412162132476604,-1.6241627935657332,2.0538547713035794e-06,20406.18441145045,0.5617910447761194,0.4361526315789474,0.3068704403594315,0.4123456245387823,-0.08076514346439945,-0.2881022615535891,0.09823008849557513,0.12664700098328407,0.271386430678466,0.33435039370078734,-5.96969696969697,-0.15914252503184767
2019-04-17,1555459200,0.001172,0.0008869,0.0009129,374917.09,344.4,0.0009186,multiply,ETH,2019-04-17 02:00:00,0.006243838317449901,4228,63468,1,3,2,66112,0,999668.87,9999998119.99984,-0.0180561616825501,344.39883887400003,False,False,0.006909210965816161,9185998.273031853,-0.014739190722381227,0.2937676900254814,-0.0030989137922778232,0.13607731601790457,9.970463925653378e-07,0.02545547679501226,0.025046053328755785,0.04154810216654958,0.033297077747652684,-1.4850950340694729,2.0406188247814168e-06,20487.58574196975,0.5450149253731343,0.4361526315789474,-0.03420789827362463,0.06452419384206039,-0.03078102749479683,-0.45483528161530296,0.1567481402763018,0.15515409139213598,0.28129649309245486,0.21622505724566565,-7.068379370291677,-0.15914252503184767
2019-04-18,1555545600,0.001002,0.0009446,0.0009186,14859890.35,14555.35,0.0009795,multiply,ETH,2019-04-18 02:00:00,0.06629653821032,4229,63469,1,2,1,66113,0,3.2,9999998119.99984,0.04189653821032,14555.262597824998,False,False,0.0064797357766386175,9794998.158539843,-0.00018643549567984712,0.2891957853929671,-0.0017953304828033992,0.13640790608151585,3.443989036209994e-08,0.025093711334934436,0.024862093197307887,0.0401025364990958,0.03248231484820184,-0.9471642459609493,2.048758959363692e-06,20373.658269877316,0.5484179104477612,0.4361526315789474,0.34389415936381906,0.45263952645713124,0.006205094709340275,-0.1786614086975571,-0.06802497535326979,0.11830430496220834,0.21261912586263554,0.07725267800882174,-6.10109849190095,-0.15914252503184767
2019-04-19,1555632000,0.001024,0.0009142,0.0009795,19211382.39,19402.61,0.00101,multiply,ETH,2019-04-19 02:00:00,0.031138335885656065,4233,63473,4,13,11,66124,0,228816.975090909,9999998119.99985,0.006738335885656067,19403.4962139,False,False,0.006284456627022495,10099998.101199849,-0.00017879847608524935,0.27099545366166244,-0.0012723684530954902,0.13649630274565172,1.45552653342151e-06,0.02529635026712658,0.017409365900949002,0.0401025364990958,0.028755951200022403,-0.6642727688191314,2.037366210012612e-06,20210.750709659238,0.584776119402985,0.4361526315789474,0.37034033624387525,0.48028922541337316,0.06217457886676869,-0.17025908991944272,-0.37600696712388415,0.09906379272806454,0.20291748312649682,0.21476923076923082,-6.945018522129068,-0.15914252503184767
2019-04-20,1555718400,0.001082,0.0009777,0.00101,19205466.82,19177.24,0.0009985,multiply,ETH,2019-04-20 02:00:00,-0.011386138613861396,4234,63475,2,9,6,66130,0,312127.033227212,9999998119.99985,-0.035786138613861394,19176.65861977,False,False,0.006357036748452999,9984998.12281985,-0.000233375306053176,0.29168163077934484,-0.00212503914830245,0.13672682116242618,1.940349986175827e-06,0.025111266112894198,0.0,0.0,0.0,0.2577179658790296,2.0210754509281407e-06,20036.200454785816,0.6029850746268657,0.4361526315789474,0.36520518693047926,0.47623522999457735,0.030198019801980336,-0.03624298111281288,-0.710056151097499,0.14190913731495658,0.2183767228177641,0.40023734177215187,-7.327201904349707,-0.15914252503184767
2019-04-21,1555804800,0.001001,0.0008736,0.0009985,8658472.56,8331.14,0.0009622,multiply,ETH,2019-04-21 02:00:00,-0.036354531797696654,4237,63476,1,8,6,66136,0,150517.962187753,9999998119.99985,-0.06075453179769665,8331.182297232,False,False,0.006596966528111744,9621998.191063855,-0.000397835060299457,0.24161434377798463,-0.0020563581355517785,0.13635208945770388,1.917666222498279e-06,0.025340901371489425,0.008628985245929283,0.012124881328439382,0.010376933287184333,1.7438197155430206,2.0036204221592527e-06,19872.296980168063,0.5961194029850746,0.4361526315789474,0.27741621655468063,0.3873433619973848,-0.011517275913870861,-0.006930693069306715,-0.40891089108910883,0.1317821782178218,0.2494059405940594,0.5746268656716418,-6.319337908760597,-0.15914252503184767
2019-04-22,1555891200,0.0009815,0.0009386,0.0009622,332127.32,320.29,0.0009644,multiply,ETH,2019-04-22 02:00:00,0.002286426938266528,4238,63477,1,9,6,66142,0,549192.372527877,9999998119.99984,-0.02211357306173347,320.303587408,False,False,0.006582021146171636,9643998.186927846,-0.018984379844473712,0.5775607940042593,-0.013334294835722975,0.10756247653829767,8.3311838634947e-07,0.02476019515506799,0.008628985245929283,0.08568822623832688,0.04715860574212808,1.1561106740169578,1.9872300716160912e-06,19874.36742654685,0.5744477611940298,0.30095822784810133,-0.05330650475252937,0.0507637532183135,-0.037726044481396936,0.057586379569354085,-0.31196795192789173,0.11296945418127191,0.28642964446670005,0.2684469430780042,-6.495730145175064,-0.15914252503184767
2019-04-23,1555977600,0.0009625,0.0008294,0.0009644,3729756.06,3182.6,0.0008533,multiply,ETH,2019-04-23 02:00:00,-0.11520116134384073,4239,63478,1,7,5,66147,1,30326691.3612,9999998119.99984,-0.13950116134384072,3182.600845998,False,False,0.007439120114129528,8532998.395795863,-0.0006790281138707363,0.37423272830871745,-0.017588196765200046,0.10948019781374582,3.203036476250909e-08,0.02310014607067062,0.016647529166626655,0.0735633449098875,0.045105437038257076,-2.840391440229875,1.987437116292895e-06,19858.520284160746,0.5757611940298507,0.30095822784810133,0.17871388468296878,0.2889990280705527,0.0022812111157196613,0.051236749116607694,-0.4227811265849095,0.08012887133652047,-0.0818956557888173,0.2804580152671755,-6.125698902464279,-0.15914252503184767
2019-04-24,1556064000,0.001108,0.0004998,0.0008533,935087.29,726.67,0.0007771,multiply,ETH,2019-04-24 02:00:00,-0.08930036329544122,4242,63481,3,11,7,66154,0,280565.184591428,9999998119.99984,-0.11350036329544122,726.656333059,False,False,0.008168963059378621,7770998.5390518755,-0.00332447349998365,0.3197290274089819,-0.018852508866245878,0.10972569616110409,3.182601444327122e-07,0.030799213127093435,0.0913451126422224,0.0,0.0456725563211112,-7.6096601172973495,1.985852401756358e-06,19969.4287687925,0.5094328358208955,0.30095822784810133,0.02933687592770249,0.13652291232246913,-0.13020039845306464,0.047490667772708495,-0.11571961841559508,-0.05350476980506014,0.02260472832849436,0.35120525931336743,-3.644211140274132,-0.15914252503184767
2019-04-25,1556150400,0.0007481,0.0005431,0.0007771,6531908.62,4646.82,0.0007114,multiply,ETH,2019-04-25 02:00:00,-0.08454510359027145,4243,63482,1,17,14,66168,0,299452.940450043,9999998119.99983,-0.10884510359027146,4646.799792268001,False,False,0.008923532743128945,7113998.66256788,-0.0005316497863401277,0.27076454783533643,-0.016607263055430734,0.10768797734699878,7.266564696704286e-08,0.03327313927780291,0.15182540159759872,0.09227125714428304,0.12204832937094087,-6.598093464460395,1.9969432523046135e-06,19953.59199218039,0.46394029850746266,0.30095822784810133,0.2177688160699311,0.3283525826705955,-0.09805687813666197,-0.14789640220321099,-0.2598148365170514,-0.0747685456463143,-0.040900035157623416,0.26115241635687725,-5.929318812726884,-0.15914252503184767
2019-04-26,1556236800,0.0007275,0.0005883,0.0007114,1442786.43,848.72,0.0005883,multiply,ETH,2019-04-26 02:00:00,-0.17303907787461348,4244,63487,5,18,16,66184,0,6937066.1066947,9999998119.99984,-0.19723907787461348,848.791256769,False,False,0.010791604952500299,5882998.893995906,-0.00206674822853573,0.5634803233022243,-0.020235872083081207,0.11452732720264432,4.6468006658666e-07,0.03198141041624671,0.1639406126334368,0.1066802720766826,0.13531044235505968,-7.413624589245627,1.9953595743456713e-06,20130.195966813757,0.4247164179104478,0.30095822784810133,0.045910960397951235,0.1520559777177204,-0.09235310655046369,-0.29970402779565064,-0.3061382061510747,-0.021104105005790963,-0.023034358512417974,0.2512558139534884,-5.471528471528472,-0.16664235512585737
2019-04-27,1556323200,0.0007665,0.0005812,0.0005883,3899707.12,2531.99,0.0006493,multiply,ETH,2019-04-27 02:00:00,0.10368859425463195,4246,63492,5,10,5,66189,0,8565.7594,9999998119.99984,0.07948859425463195,2532.079833016,False,False,0.009778532563760859,6492998.779315896,-0.0008950599140460744,0.5453178561100236,-0.017954247762401655,0.1163414858701968,8.487914163417998e-08,0.033013570509924525,0.08988157799686214,0.18031169968419603,0.13509663884052908,-7.610106364857831,2.013019975129163e-06,20262.83167949917,0.3512238805970149,0.30095822784810133,0.16010297755201156,0.2672857941699484,-0.20924698283188858,-0.40357042451504066,-0.42957548495923503,-0.37053696935619884,-0.13143098116390206,0.1846305418719213,-4.78808752025932,-0.16664235512585737
2019-04-28,1556409600,0.0008645,0.000648,0.0006508,731162.96,615.94,0.0008424,multiply,ETH,2019-04-28 02:00:00,0.29739719698136446,4249,63500,8,29,26,66215,0,101597.214537421,9999998119.99986,0.27319719698136447,615.9316775039999,False,False,0.007537988121795244,8423998.416287882,-0.001985272968526906,0.43363564974267166,-0.009802866847725383,0.12789517438002843,2.532080309047133e-07,0.03355607399097262,0.09385511901096293,0.27737917986015004,0.1856171494355565,2.134951768409503,2.026283548891256e-06,20355.68952210946,0.3876417910447761,0.30095822784810133,0.019817372957833385,0.12564680790080324,0.09394732789157545,-0.635560088390277,-0.5995240523542409,-1.1485636579976202,-0.4067652558218595,0.17354965585054072,-4.773434216057167,-0.15914252503184767
2019-04-29,1556496000,0.0008352,0.0006691,0.0008424,1678541.17,1123.06,0.0006691,multiply,ETH,2019-04-29 02:00:00,-0.2057217473884141,4251,63501,1,7,5,66220,0,264766.9336,9999998119.99985,-0.23022174738841408,1123.1118968469998,False,False,0.009490511424030968,6690998.742091899,-0.0014079013574135565,0.49702429835188444,-0.017297699849823954,0.13289676361159325,6.159317932991863e-08,0.033528512434980506,0.0907863355255346,0.1932917418611914,0.142039038693363,1.2980591774388568,2.0355693348980133e-06,20506.96209929354,0.5029253731343283,0.30095822784810133,0.08139298761690464,0.19051418408244464,0.2292260208926875,-0.4852918527645156,-0.405975666101956,-1.579701216694902,-0.29447096873556133,0.06811902231668432,-3.4205436051359017,-0.16775113055939064
2019-04-30,1556582400,0.0007052,0.0006444,0.0006691,517816.43,333.69,0.0006444,multiply,ETH,2019-04-30 02:00:00,-0.03691525930354189,4256,63502,1,14,11,66231,0,388788.370862309,9999998119.99986,-0.061215259303541894,333.680907492,False,False,0.009854440089754675,6443998.788527911,-0.009887081364503725,0.5158500094140319,-0.019138281447119914,0.1330485109506577,1.1231121079920918e-07,0.033565776296336745,0.026146887033350674,0.10909235864209268,0.06761962283772167,-0.19938070373085726,2.0506965954603465e-06,20657.074011011915,0.39946268656716416,0.30095822784810133,-0.038144558196902066,0.06807351197821351,-0.2590046330892244,-0.012939221272554535,-0.09045584045584043,-0.6892212725546059,-0.04095441595441596,0.029795158286778367,-2.9054568527918785,-0.16775113055939064
2019-05-01,1556668800,0.0007474,0.0006263,0.0006444,938434.08,619.56,0.0006602,multiply,ETH,2019-05-01 02:00:00,0.024518932340161337,4262,63506,4,14,9,66240,0,31048.1675609333,9999998119.99986,0.00031893234016133754,619.5541796159999,False,False,0.00961920810953213,6601998.758823908,-0.0059854486230216586,0.5144086819558025,-0.018176346229660918,0.1331249380963829,3.3368097022402704e-08,0.03367105736452695,0.026146887033350674,0.027277111889254826,0.02671199946130275,-0.7683781760271113,2.065707789454289e-06,20653.83783898896,0.3847164179104478,0.30095822784810133,0.026580051015046072,0.1329605545738753,-0.03833022967101174,-0.16141085039605452,-0.463906740397549,-0.9578538335076969,-0.3237184277387537,0.036468539081210505,-3.421284528046095,-0.16775113055939064
2019-05-02,1556755200,0.0006806,0.0005823,0.0006602,907639.3,595.82,0.0006565,multiply,ETH,2019-05-02 02:00:00,-0.005604362314450273,4263,63508,2,5,3,66243,0,90562.9712266667,9999998119.99985,-0.03000436231445027,595.86520045,False,False,0.00967372611416713,6564998.7657799,-0.008700306706707754,1.0320039979264464,-0.008224101282531326,0.13262894902612687,6.195542960922169e-08,0.0333439337289299,0.018677005192997007,0.0,0.009338502596498504,0.2942333640972601,2.0653841721911532e-06,20645.635707050806,0.3941492537313433,0.30095822784810133,0.022622325078882868,0.13059629661757882,0.023932141775219518,-0.10397268777157054,-0.5673494723774053,-1.1244568590937303,-0.3735257603972686,-0.03726391015824415,-3.634747403626122,-0.16775113055939064
2019-05-03,1556841600,0.0006864,0.0006275,0.0006565,26007875.25,16627.15,0.0006393,multiply,ETH,2019-05-03 02:00:00,-0.02619954303122618,4263,63509,1,5,3,66246,0,391860.976666667,9999998119.99986,-0.05039954303122618,16626.834647325,False,False,0.009934148590598331,6392998.798115911,-0.0002190442971963631,0.9026584374791295,-0.012449082351728948,0.13328753213455732,5.95865312472687e-08,0.02856208088409989,0.018677005192997007,0.0,0.009338502596498504,-1.2309881436128887,2.064563958843138e-06,20630.930469602125,0.39194029850746265,0.30095822784810133,0.3575821680350578,0.47582611251487894,-0.0056359482102057434,0.10890639200242347,-0.5124204786428355,-0.629809148742805,-0.5389275976976673,0.09198019801980206,-4.010187071679941,-0.16775113055939064
2019-05-04,1556928000,0.0006397,0.0005988,0.0006393,71531861.7,45174.85,0.0006315,multiply,ETH,2019-05-04 02:00:00,-0.012200844673861955,4265,63512,3,10,6,66252,0,14320.02,9999998119.99985,-0.036400844673861954,45172.370663550006,False,False,0.010057325722923071,6314998.812779905,-9.75430341457059e-05,0.68205731370588,-0.013145874059871138,0.1318809305971968,1.662683777317075e-06,0.027264255122271503,0.0,0.030471030605107075,0.015235515302553538,-10.846213775025365,2.0630934348218103e-06,21159.5448517621,0.38167164179104474,0.30095822784810133,0.4565757867560106,0.5778942648924768,-0.02690442671672133,0.010967250571210951,-0.46565118050266574,-0.6374714394516376,-0.396953541507997,0.20530796194291434,-3.712706180895414,-0.16775113055939064
2019-05-05,1557014400,0.0006705,0.0006328,0.0006315,112875118.64,74574.13,0.0006607,multiply,ETH,2019-05-05 02:00:00,0.04623911322248597,4272,63513,1,22,19,66271,0,283105.697322017,9999998119.99984,0.022039113222485973,74576.590885448,False,False,0.009612988033971133,6606998.757883893,-4.121841982879006e-05,0.8152687709444068,-0.01573285988500647,0.12660702879108923,4.517237915595801e-06,0.026608545153293774,0.0,0.030471030605107075,0.015235515302553538,-4.679181448036378,2.115954882975762e-06,23396.887997963375,0.3770149253731343,0.30095822784810133,0.49586371855321854,0.6216552324994411,-0.01235154394299287,-0.3176912247771,-0.5085249491631472,-0.5876740184576883,-0.24120131393711874,-0.013302847640823012,-3.700653120464442,-0.16775113055939064
2019-05-06,1557100800,0.000938,0.0006774,0.0006607,50656878.99,38452.07,0.0007591,multiply,ETH,2019-05-06 02:00:00,0.14893294990161943,4285,63514,1,16,13,66284,0,3.44615384615385,9999998119.99984,0.12463294990161942,38453.636841309,False,False,0.008367015141698757,7590998.572891878,-4.952090963037268e-05,0.11059062304768663,-0.03211117892806115,0.11724626662583344,7.457660490585091e-06,0.027949162614057884,0.045745320591090224,0.045718698844995895,0.04573200971804306,0.26136662190910176,2.3396892396579517e-06,23619.018751639254,0.3944477611940298,0.30095822784810133,0.41076099662334853,0.5374204406095706,0.04419555017405774,-0.059540775930324585,-0.35122723673792544,-0.6104513064133015,-0.5439429928741091,-0.31065947739527155,-3.6288132604478935,-0.16775113055939064
2019-05-07,1557187200,0.0008362,0.0007114,0.0007591,10977364.02,8198.48,0.0007469,multiply,ETH,2019-05-07 02:00:00,-0.01607166381240943,4287,63516,2,11,7,66291,0,11596505.5689107,9999998119.99984,-0.04047166381240943,8198.993186538,False,False,0.008503951257331806,7468998.59582788,-0.0005038054643179532,-0.11980231740986208,-0.04781043108050937,0.10043645362425362,3.84536440705947e-06,0.026317657237714336,0.06962352945159228,0.045718698844995895,0.05767111414829409,-1.939368962099378,2.361902319201599e-06,23603.545190706638,0.45319402985074625,0.27319719698136447,0.2520804602478462,0.37557160224270997,0.12962719009353185,0.024670803693052634,-0.17617678220069632,-0.42424701074617843,-0.9131224458907219,-0.9629673034102897,-2.5076769442017226,-0.16775113055939064
2019-05-08,1557273600,0.001202,0.0007148,0.0007469,1521717.1,1226.01,0.0008057,multiply,ETH,2019-05-08 02:00:00,0.07872539831302716,4288,63518,2,6,3,66294,0,1035.46666666667,9999998119.99984,0.05452539831302716,1226.0474674700001,False,False,0.007883580978203707,8056998.485283871,-0.00207315745915085,0.5361811089224402,-0.02887049794140226,0.09839298500992859,8.19899472794914e-07,0.02955949146898163,0.20463944510772492,0.34649296863207435,0.27556620686989963,-7.427319597501668,2.360354962817435e-06,23829.67794182024,0.445910447761194,0.27319719698136447,0.06322101263779246,0.18466893375669324,-0.016334181282634752,0.13028586483994198,0.06283757080753516,-0.20260835199578464,-1.2065604004742458,-0.8311671599536741,-1.7542744410346343,-0.16775113055939064
2019-05-09,1557360000,0.001434,0.0006339,0.0008057,2469153.93,1641.11,0.0006646,multiply,ETH,2019-05-09 02:00:00,-0.17512721856770508,4291,63521,3,9,8,66302,0,208178.2275,9999998119.99984,-0.19942721856770507,1640.9997018780002,False,False,0.009557780912120263,6645998.750551893,-0.0010616958698594016,-0.14335013784707606,-0.04424062033451207,0.10267301806659852,1.226047697966987e-07,0.04240702527900822,0.1959293068084559,0.45832741433774504,0.32712836057310046,-3.2139609638277804,2.382968242180091e-06,24028.94492017765,0.48101492537313434,0.27319719698136447,0.09512867755903269,0.21433662325509967,0.07298001737619464,0.12103360556968812,0.21234435667425355,-0.22988351854331235,-0.9052081938679877,-0.8414394152375595,-2.51614946168461,-0.18711798536835086
2019-05-10,1557446400,0.0007728,0.0006693,0.0006646,2599931.54,1798.44,0.0006917,multiply,ETH,2019-05-10 02:00:00,0.04077640686126993,4291,63521,0,4,2,66304,0,658560.8945,9999998119.99985,0.016576406861269932,1798.372646218,False,False,0.009183318193140264,6916998.699603896,-0.0017791927800746667,0.07696974437941473,-0.040296111410512786,0.10287206586775278,1.641000010386027e-07,0.04264003361299429,0.02915181211613784,0.11183444570567068,0.07049312891090426,-5.973371293923966,2.402894943762053e-06,24210.232647048168,0.3967761194029851,0.27319719698136447,0.10729222115563782,0.22541227550239656,-0.21230815528137237,0.20652848454759842,0.19411691696661293,-0.2157130445575275,-0.6259153531090975,-1.3270440251572326,-1.7307110438729199,-0.18711798536835086
2019-05-11,1557532800,0.0008102,0.0007024,0.0006917,13112482.5,9689.73,0.000739,multiply,ETH,2019-05-11 02:00:00,0.06838224663871628,4293,63522,1,6,4,66308,0,249849.861245,9999998119.99985,0.04418224663871628,9690.1245675,False,False,0.008595671440072965,7389998.610679888,-0.0002768428848795241,0.2648834469641784,-0.028474361634339966,0.09735188611734859,1.798372984312148e-07,0.04240063448281078,0.03974295141096496,0.0,0.01987147570548248,-10.965078302900741,2.4210237198573146e-06,24252.764182059665,0.41295522388059697,0.27319719698136447,0.27711546419204036,0.3965138850703842,0.03917883475495154,0.04980439362022271,-0.26752934095696657,-0.5197111044237135,-1.0598856455010535,-0.6571692592022176,-2.2874737945492662,-0.18711798536835086
2019-05-12,1557619200,0.0007733,0.0006886,0.000739,13772875.09,10183.53,0.0007394,multiply,ETH,2019-05-12 02:00:00,0.0005412719891746409,4293,63522,0,0,0,0,0,0.0,9999998119.99984,-0.02365872801082536,10183.663841546,False,False,0.008591021360851943,7393998.6099278815,-0.0007385935720046648,0.26879105755696553,-0.029392084603953143,0.09731717174843213,9.690126389243915e-07,0.04234175814006439,0.07901893477153371,0.058089349591212654,0.06855414218137318,-33.26157945872323,2.425276874158058e-06,22931.397034758073,0.44119402985074624,0.27319719698136447,0.28359489191239445,0.40032377527954355,0.0640054127198918,0.04481711724736159,0.03267312418678614,-0.4435448894029206,-0.5555876825213242,-0.2761158594491928,-2.100764609503004,-0.18711798536835086
2019-05-13,1557705600,0.0007696,0.0006874,0.0007394,9488442.98,6522.01,0.0006874,multiply,ETH,2019-05-13 02:00:00,-0.07032729239924262,4296,63528,6,15,10,66318,0,46464.6773958742,9999998119.99984,-0.09442729239924262,6522.355704452,False,False,0.00924178236009125,6873998.70768789,-0.0004069994720019858,0.13328041693802917,-0.030635677350724942,0.09741449718710561,1.0183665756075325e-06,0.04200412616851399,0.07718418823753707,0.06460797942955392,0.0708960838335455,-34.505917937773155,2.2931401345861894e-06,20024.264092945778,0.4414328358208955,0.27319719698136447,0.2508357225481224,0.3537566985047853,0.000540979172301892,-0.027198917456021654,0.12801082543978337,-0.30202976995940456,-0.45466847090663065,-0.5169630847406967,-2.096747519294377,-0.18711798536835086
2019-05-14,1557792000,0.0008513,0.0006232,0.0006874,2049516.31,1482.09,0.0007231,multiply,ETH,2019-05-14 02:00:00,0.05193482688391038,4296,63529,1,2,1,66319,0,61748.3450873,9999998119.99985,0.02783482688391038,1482.005243761,False,False,0.008785646790686656,7230998.64057189,-0.001995786241703159,0.2322813493666282,-0.029491033447864527,0.09748368295154423,6.522356930655202e-07,0.04335236777752288,0.05772796031121641,0.04691943875150877,0.052323699531362594,-40.18429510361895,2.0024267857508457e-06,16186.437741886799,0.41038805970149256,0.27319719698136447,0.12078272738731453,0.2021743498670438,-0.07564736688972928,-0.01014335948065992,0.1071138761157695,-0.3043007844198,-0.372734649715986,-0.5782122905027931,-2.1283606783399973,-0.18711798536835086
2019-05-15,1557878400,0.0009846,0.0006788,0.0007231,1789683.14,1481.81,0.000828,multiply,ETH,2019-05-15 02:00:00,0.1450698381966533,4297,63530,1,3,2,66321,0,7042.392375,9999998119.99984,0.12106983819665332,1481.8576399199999,False,False,0.007672706756478655,8279998.443359867,-0.0013027837207647542,0.05710432028097315,-0.023003087891947747,0.10023055351593058,1.482005522378062e-07,0.045201615637673886,0.047856156506437895,0.0404008089131675,0.0441284827098027,-32.047136646754005,1.6186440784937923e-06,16078.237893013466,0.4317014925373134,0.27319719698136447,0.1450163053032566,0.20199998563099716,0.04937076476282665,-0.17209775967413443,0.044951993017166236,-0.24134419551934827,-0.4794879255164386,-0.4253256588912451,-2.161943319838057,-0.18711798536835086
2019-05-16,1557964800,0.0008807,0.0005342,0.000828,29365764.83,23376.76,0.0007961,multiply,ETH,2019-05-16 02:00:00,-0.03852657004830917,4297,63530,0,0,0,0,0,0.0,9999998119.99985,-0.06252657004830917,23378.085381162997,False,False,0.007980154747348726,7960998.50333188,-0.00013929314961003294,0.14031941521736518,-0.02340974861126955,0.10051867004830302,1.4818579185093108e-07,0.05008998685563566,0.10387750380733324,0.04327173338309905,0.07357461859521615,-22.197623102538152,1.6078240915723013e-06,16252.544950296586,0.4943283582089552,0.27319719698136447,0.4373585510285606,0.4829552024724831,0.1266908212560387,0.08090167335085041,0.11588991840685936,-0.0746784677084773,-0.3013414465495783,-0.39055597867479075,-3.6089013751293804,-0.18711798536835086
2019-05-17,1558051200,0.0008839,0.0006611,0.0007961,54635440.79,42404.9,0.0007761,multiply,ETH,2019-05-17 02:00:00,-0.025122472051249733,4298,63531,1,6,6,66327,0,552142.850333333,9999998119.99984,-0.04902247205124974,42402.565597119,False,False,0.0081859311871964,7760998.540931876,-8.688135919753995e-05,0.18729986429876305,-0.023554058389748948,0.10055751876153841,2.337808977624425e-06,0.04956253131668886,0.11172452680288275,0.23893951362900614,0.17533202021594446,-24.35587263922381,1.625254800577587e-06,17099.915117150387,0.47528358208955224,0.27319719698136447,0.4938341369191686,0.5404622048094897,-0.040070342921743496,0.16461352657004835,0.2373188405797101,0.14082125603864726,-0.10253623188405814,-0.4368840919755983,-3.6925431274346137,-0.18711798536835086
2019-05-18,1558137600,0.001004,0.0007253,0.0007761,4342990.57,4298.04,0.0009897,multiply,ETH,2019-05-18 02:00:00,0.275222265172014,4298,63531,0,7,7,66334,0,1247699.04668571,9999998119.99984,0.251322265172014,4298.257767129,False,False,0.00641921915164507,9896998.139363842,-0.0003001626102186561,-0.30992299785217864,-0.0210163821422604,0.11188037394651408,4.240257356880351e-06,0.05051547613629887,0.021899682512834515,0.19566778024590709,0.10878373137937081,-34.487775844657605,1.7099918331935306e-06,17147.777822749755,0.4633432835820896,0.27319719698136447,0.243661512216834,0.30197957325084623,-0.02576987501610617,0.0717246577063183,0.17007913578696143,0.2610224846124858,-0.15387514131390523,-0.5510688836104511,-3.0945096968041517,-0.18711798536835086
2019-05-19,1558224000,0.001284,0.0009575,0.0009897,3897082.28,3955.15,0.001015,multiply,ETH,2019-05-19 02:00:00,0.025563302010710443,4301,63534,3,19,18,66352,0,442257.283825856,9999998119.99985,0.0016633020107104414,3955.5385142,False,False,0.006259508565950266,10149998.091799848,-0.0009269527923963921,-0.24195242595730523,-0.01989380439828614,0.11202727668423881,4.298258575201677e-07,0.05210702473767566,0.0,0.10923486458353661,0.054617432291768304,-5.509009980829146,1.7147781046532865e-06,17139.24741801065,0.590865671641791,0.27319719698136447,0.23803502683262293,0.2933634976417073,0.21582297665959382,0.04728772065455489,0.021904393763690355,0.16338100760211316,-0.26207962891379966,-0.5286817012259726,-2.0564263322884013,-0.18711798536835086
2019-05-20,1558310400,0.001018,0.0007286,0.001015,58373766.35,48268.57,0.0008269,multiply,ETH,2019-05-20 02:00:00,-0.185320197044335,4303,63535,1,8,5,66357,0,24247932.4332,9999998119.99985,-0.209220197044335,48269.267394815004,False,False,0.0076835181938061685,8268998.445427875,-3.4922223728425064e-05,-0.4829468168357204,-0.026418073132037586,0.11550606866745435,3.95553925784144e-07,0.05334574341711241,0.0286056056392228,0.18750058002680736,0.10805309283301508,-22.6658606309017,1.7139250640190045e-06,18347.124609478447,0.6059701492537314,0.27319719698136447,0.49928835551143813,0.5470714003345503,0.024926108374384248,0.3054460947761948,0.2453268667272911,0.14883297969081544,-0.02051126604021425,-0.3153734685812146,-1.9112254320010553,-0.19844255525581386
2019-05-21,1558396800,0.0008897,0.0007827,0.0008269,22066606.28,17270.78,0.0007827,multiply,ETH,2019-05-21 02:00:00,-0.05345265449268355,4303,63535,0,0,0,0,0,0.0,9999998119.99985,-0.07715265449268355,17271.532735356002,False,False,0.008117415605542763,7826998.528523882,-0.00016958303727431726,-0.41547631163534343,-0.02702531755863107,0.1160069142946032,4.826927646943971e-06,0.053248728327248376,0.0286056056392228,0.14962034693634613,0.08911297628778446,-18.639438414876192,1.834712805873881e-06,18355.967543640647,0.4936716417910448,0.27319719698136447,0.38263415574309595,0.4357464716842968,-0.2274761156125289,0.2875862068965518,0.2062068965517242,0.3407881773399015,0.01625615763546795,-0.28825813361895825,-1.6624561403508773,-0.19844255525581386
2019-05-22,1558483200,0.0008156,0.0007182,0.0007827,6748705.19,4961.98,0.0007352,multiply,ETH,2019-05-22 02:00:00,-0.06068736425194843,4303,63535,0,3,2,66359,0,588958.452,9999998119.99984,-0.08428736425194842,4961.648055688001,False,False,0.008641867783539618,7351998.617823882,-0.0005647356963495182,-0.3308003903059778,-0.0287344762552095,0.11672172193616481,1.7271535982405044e-06,0.05341336391208069,0.011295691649554155,0.07135463149307537,0.041325161571314765,-7.759192166372334,1.8355970994563481e-06,18272.825262283677,0.46728358208955223,0.27319719698136447,0.25309058330809064,0.3074412398609347,-0.05647118947233931,-0.001330269681944607,0.19627524489055503,0.22070383359535606,-0.16362317087918732,-0.19697157751023964,-1.3467819404418826,-0.19844255525581386
2019-05-23,1558569600,0.0007614,0.0007245,0.0007352,7619671.71,5726.46,0.0007515,multiply,ETH,2019-05-23 02:00:00,0.02217083786724694,4303,63535,0,3,2,66361,0,737738.589,9999998119.99984,-0.0016291621327530585,5726.183290065,False,False,0.008454426073796841,7514998.58717988,-0.000665186088233918,-0.284450898956239,-0.02434852284422176,0.11476845427218603,4.96164898847809e-07,0.05326485917839378,0.011295691649554155,0.03752445948217892,0.024410075565866537,-9.733963113885185,1.8272828697575764e-06,18234.976816383576,0.43892537313432833,0.27319719698136447,0.2665486665167504,0.3215124080243708,-0.06460826985854196,-0.017120224862654965,0.11626421361952222,0.1565095183339722,-0.23214513862271624,-0.28393018356906397,-1.0454063229365582,-0.19844255525581386
2019-05-24,1558656000,0.0008387,0.0007488,0.0007515,10655713.01,8591.07,0.0008062,multiply,ETH,2019-05-24 02:00:00,0.07278775781769786,4307,63540,5,15,12,66373,0,256758.381935812,9999998119.99984,0.049087757817697864,8590.635828662,False,False,0.00788142048443603,8061998.484343871,-0.000305007400153429,-0.2560740186648468,-0.01880063877000769,0.11456512375202615,5.726184366587752e-07,0.04396912061276962,0.03381799886834145,0.08057092424841393,0.05719446155837769,-9.026564046379981,1.8234980244560157e-06,18117.906430306863,0.44865671641791044,0.27319719698136447,0.30726263532634907,0.3623201134578244,0.02168995342648039,-0.05563112078346033,-0.005168661588683232,0.10704570184983675,-0.1606365614798695,-0.12346392944918327,-1.1031299256924116,-0.19844255525581386
2019-05-25,1558742400,0.0008827,0.0007117,0.0008062,11816401.77,9776.92,0.0008274,multiply,ETH,2019-05-25 02:00:00,0.026296204415777735,4307,63544,4,14,10,66383,0,549343.972074,9999998119.99984,0.002596204415777733,9776.890824498001,False,False,0.007679962768464499,8273998.444487868,-0.00037213575709452705,-0.3850795487212205,-0.015919502414590798,0.1131150419025382,8.590637443701977e-07,0.041922575364692925,0.03381799886834145,0.04304646476623501,0.038432231817288234,-9.789041273459983,1.81179098364742e-06,18063.259986800887,0.48131343283582084,0.27319719698136447,0.318564418027576,0.3751534546424063,0.06784916894070947,-0.3169660678642716,0.016101131071190933,0.14930139720558888,-0.03406520292747839,0.03734776725304456,-1.1496855345911947,-0.18711798536835086
2019-05-26,1558828800,0.0009174,0.0008209,0.0008274,9626561.09,7953.86,0.0008262,multiply,ETH,2019-05-26 02:00:00,-0.0014503263234227903,4310,63545,1,6,4,66387,0,975.1183,9999998119.99984,-0.025150326323422793,7953.464772558,False,False,0.007691238434575558,8261998.446743868,-0.0008217760289558986,-0.6202773935307804,-0.01087719146177243,0.10595943264328203,9.776892662553978e-07,0.04190693461211049,0.039745546354800806,0.030589426601096564,0.035167486477948685,-0.8496229898462238,1.8063263382694694e-06,17947.571077582223,0.49397014925373134,0.27319719698136447,0.2962606923839409,0.35360497368844246,0.025622431713802407,-0.25899280575539585,0.1473579756884147,0.21669560903001728,0.11758868767055308,0.20435488233702992,-1.2859982606534972,-0.18711798536835086
2019-05-27,1558915200,0.0009079,0.0008046,0.0008262,6153045.88,5134.83,0.0008345,multiply,ETH,2019-05-27 02:00:00,0.010045993706124356,4310,63546,1,4,5,66392,0,24214.726,9999998119.99984,-0.013654006293875646,5134.71678686,False,False,0.007614860628717947,8344998.431139866,-0.0008959756791130602,-0.5633583928192871,-0.012355935030319539,0.10498144920722384,7.953466267809785e-07,0.040828207851067756,0.0661778580696763,0.07606690249515358,0.07112238028241494,-13.46532573925711,1.7947574451726508e-06,17901.468924335193,0.4932537313432836,0.27319719698136447,0.24994976509130185,0.31053393065175844,-0.001452432824981864,0.0006043026347595237,0.12605752961082917,0.20147449842881326,0.28897751994198695,0.05542624381728256,-1.524166263895602,-0.18711798536835086
2019-05-28,1559001600,0.0009365,0.0006786,0.0008345,9373976.08,8193.5,0.0008741,multiply,ETH,2019-05-28 02:00:00,0.047453565008987564,4309,63546,0,5,4,66396,3,798151172.75,9999998120.00004,0.023953565008987564,8193.792491528,False,False,0.0072698789551138305,8740998.356692035,-0.0003719893599933054,-0.4462978227942534,-0.02011846092318705,0.09220081495769378,5.134717752186917e-07,0.04200778885211838,0.04932706424113102,0.04547747589405701,0.04740227006759402,-13.564716830083995,1.7901472289812267e-06,17772.26776309637,0.49820895522388053,0.251322265172014,0.29707708195344973,0.3588466059600463,0.009946075494307927,0.05265068990559185,-0.002178649237472685,0.08121520213023492,0.2141128056160736,-0.1649840962522473,-1.3343248066627011,-0.18711798536835086
2019-05-29,1559088000,0.0008897,0.0007953,0.0008741,10630224.36,8683.7,0.0008169,multiply,ETH,2019-05-29 02:00:00,-0.06543873698661495,4309,63546,0,8,7,66403,0,11922949.4,9999998119.99997,-0.08893873698661495,8683.830279684,False,False,0.007778921770920608,8168998.464227974,-0.00031399057781906684,-0.45544325788691353,-0.01573337576065716,0.08449818523886576,8.193794031961303e-07,0.041935863541481454,0.022894752526255523,0.0,0.011447376263127761,-7.597826539550476,1.7772271104283623e-06,17645.933992289018,0.5218507462686567,0.251322265172014,0.30132480048075844,0.3644298401145302,0.04530374099073342,0.11899340922708201,0.04601557819053326,0.10497303774715394,-0.009466746554823269,0.19190821256038648,-0.9568936024632229,-0.18711798536835086
2019-05-30,1559174400,0.0008117,0.0007633,0.0008169,9672248.88,7629.42,0.0007888,multiply,ETH,2019-05-30 02:00:00,-0.03439833516954338,4311,63547,1,10,7,66410,0,341756.514857143,9999998119.99997,-0.05809833516954338,7629.469916544001,False,False,0.008056162772165117,7887998.517055976,-0.00044167512931678914,-0.401388152707501,-0.015618074788548746,0.08462942401928411,8.683831912244426e-07,0.04185774862127031,0.0,0.0,0.0,-8.536102389708958,1.7645937309725513e-06,17506.925178015197,0.4877014925373134,0.251322265172014,0.2864363133268682,0.35182355080484323,-0.07002081038070762,0.14025855165312895,0.11211531861343094,0.07825191625672123,0.23452694199748325,0.19055395050873003,-1.1677768996274134,-0.18711798536835086
2019-05-31,1559260800,0.000829,0.0007996,0.0007888,5180517.4,4183.83,0.0008076,multiply,ETH,2019-05-31 02:00:00,0.02383367139959436,4312,63551,4,9,8,66418,0,431432.602521888,9999998119.99997,0.00033367139959435826,4183.78585224,False,False,0.00786911985482794,8075998.481711975,-0.0008931279146259157,-0.39592110974236133,-0.016182757271134638,0.08461500928321125,7.629471350884638e-07,0.041321348163437334,0.0,0.0,0.0,-24.10179411425502,1.750692846931803e-06,17426.61090564203,0.4709253731343283,0.251322265172014,0.2234014459496983,0.291232767475632,-0.03562373225152138,0.01309829844534216,-0.21153139919206776,0.18643652833884194,0.21116415717958126,0.14933642571833528,-1.1353519376341654,-0.18711798536835086
2019-06-01,1559347200,0.0007994,0.0007068,0.0008076,6555885.35,5154.16,0.0007862,multiply,ETH,2019-06-01 02:00:00,-0.026498266468548803,4312,63552,1,5,3,66421,0,911034.5276,9999998119.99997,-0.0499982664685488,5154.23706217,False,False,0.008083440848102065,7861998.521943976,-0.0007044060877716623,-0.39500037260597276,-0.01660092218745639,0.08474041487893895,4.183786638791901e-07,0.04126497318715251,0.057402094059114145,0.029028207938254356,0.043215150998684254,-13.537093745021672,1.7426614181845779e-06,17326.317091759804,0.48214925373134326,0.251322265172014,0.24401106310204906,0.31201278437213326,0.023278850916295224,-0.04893509127789053,-0.28676470588235303,0.12309837728194728,0.16303245436105473,0.3366676770738608,-0.6515748031496063,-0.18711798536835086
2019-06-02,1559433600,0.0008079,0.0007056,0.0007862,8617537.01,6683.87,0.0007756,multiply,ETH,2019-06-02 02:00:00,-0.013482574408547499,4312,63552,0,0,0,0,0,0.0,9999998119.99996,-0.0369825744085475,6683.761704955999,False,False,0.008193915929316465,7755998.541871969,-0.000644301428142864,-0.37305623778586167,-0.016253760504233113,0.08466980037810316,5.154238031166771e-07,0.04147161893172727,0.057402094059114145,0.029028207938254356,0.043215150998684254,-2.463249732801162,1.7326320349108314e-06,17375.973317977496,0.4693731343283582,0.251322265172014,0.26969529323141955,0.3378816968368833,-0.027219537013482453,-0.02303120356612176,-0.023897969291728494,0.08494304110946016,0.1870975730559683,0.37014778325123154,-0.7479009922582052,-0.18711798536835086
2019-06-03,1559520000,0.0007189,0.0006739,0.0007756,10646457.45,7440.89,0.0006989,multiply,ETH,2019-06-03 02:00:00,-0.09889118102114491,4312,63554,2,8,7,66428,0,632217.17547244,9999998119.99997,-0.12249118102114491,7440.809111805,False,False,0.009093434246409278,6988998.686067979,-0.00031095209945978814,-0.2621697385803736,-0.018217412570223246,0.08656383185270503,6.683762961503456e-07,0.04151344957201036,0.0,0.0,0.0,-1.9184081916829188,1.7375976584661378e-06,16419.81735622389,0.463044776119403,0.251322265172014,0.2829884032741336,0.349083609371691,-0.013666838576585905,-0.06143474942762639,0.00445179343678459,0.059526837954718914,0.18684813024675662,0.23630426895634293,-0.80466288594833,-0.18711798536835086
2019-06-04,1559606400,0.0006847,0.0006413,0.0006989,8783686.52,5908.51,0.0006727,multiply,ETH,2019-06-04 02:00:00,-0.03748748032622695,4312,63554,0,2,1,66429,0,226615.8444,9999998119.99997,-0.06088748032622695,5908.785922004,False,False,0.009447601003144707,6726998.7353239795,-0.000555739927467592,-0.13850595836097165,-0.020555978521485916,0.08686037217016332,7.440810510677398e-07,0.04159682181271428,0.0,0.002158843484148555,0.0010794217420742776,-12.85784428574809,1.6419820443150401e-06,11785.012515142284,0.4172537313432836,0.251322265172014,0.27052065553727317,0.3249445921961247,-0.10974388324509943,-0.1269984528107273,0.052088705518308465,0.11371841155234652,0.1857916451779268,0.1558707039734254,-0.43794871794871804,-0.18711798536835086
2019-06-05,1559692800,0.0006942,0.0006696,0.0006727,5184411.5,3535.06,0.0006819,multiply,ETH,2019-06-05 02:00:00,0.013676230117437127,4312,63554,0,0,0,0,0,0.0,9999998119.99997,-0.009423769882562872,3535.2502018500004,False,False,0.009320136669328998,6818998.718027979,-0.0012140854920906338,-0.052652143986109595,-0.024739447743411396,0.08273040506120155,5.90878703285598e-07,0.039478851212059664,0.0,0.12159034723384543,0.060795173616922715,-23.20258700793996,1.1785014730725246e-06,10639.585206754333,0.4016119402985075,0.251322265172014,0.24625794392535647,0.2722196962508906,-0.038947524899658026,-0.16883674345399902,-0.0752611246244097,-0.03462584060666751,0.05465731864358281,-0.032508161044613626,-0.037183544303797555,-0.18711798536835086
2019-06-06,1559779200,0.0008705,0.0006859,0.0006819,7967674.15,6617.97,0.0008306,multiply,ETH,2019-06-06 02:00:00,0.21806716527350045,4313,63556,2,5,3,66432,0,134079.612533333,9999998119.99997,0.19486716527350045,6617.95014899,False,False,0.007651819401460443,8305998.438471975,-0.00023012445421531676,-0.08045286851430392,-0.016778988168918332,0.09167576167404598,3.535250866477174e-07,0.039559704748895363,0.03398195792395637,0.11943150374969688,0.07670673083682662,-8.088067584343946,1.0639587206996902e-06,10649.208860204999,0.4071044776119403,0.251322265172014,0.32921111886868143,0.3366470389534716,0.01349171432761398,-0.1725880778950497,-0.19845399137802877,-0.2308607105693472,-0.12843763936375785,0.0061210911510313215,0.2519402985074627,-0.18711798536835086
2019-06-07,1559865600,0.0008434,0.0007486,0.0008306,16315789.33,12825.04,0.0007861,multiply,ETH,2019-06-07 02:00:00,-0.053575728389116395,4313,63556,0,6,4,66436,0,25296603.936,9999998120.00006,-0.07657572838911639,12825.841992313,False,False,0.008084977986074274,7860998.5221320465,-0.0002281845623685768,-0.10999915556793793,-0.021708487096149386,0.09154420242860896,6.617951393164823e-07,0.03412480128642505,0.04432617208489062,0.10046555810948758,0.0723958650971891,-6.426142171438319,1.0649210862256813e-06,10558.29397526415,0.4958805970149254,0.251322265172014,0.40114000859609095,0.4038760759789108,0.17902720924632798,-0.18433787945446545,-0.21337439507259126,-0.16747323654494783,-0.09532189470596864,0.0006201935003720127,-0.08151791988756152,-0.18711798536835086
2019-06-08,1559952000,0.0009532,0.000765,0.0007861,11753294.24,10771.89,0.0009165,multiply,ETH,2019-06-08 02:00:00,0.1658822032820253,4319,63558,2,20,18,66454,0,440495.659656572,9999998120.00006,0.1428822032820253,10771.89417096,False,False,0.006934862187551105,9164998.276980054,-0.00016677450899492584,0.002514873811436391,-0.008558385534743118,0.09028567182671429,1.2825844403571672e-06,0.02138228191760506,0.02426941155504808,0.22599998882962485,0.12513470019233647,-8.857559683887114,1.0558295960223959e-06,10452.305689284454,0.4693134328358209,0.251322265172014,0.37828900742167937,0.3868908220658448,-0.056608573972777076,0.05345533349385989,0.005297375391283388,0.06561521791476033,0.02997832891885388,0.19676093787768922,-0.2251908396946567,-0.18711798536835086
2019-06-09,1560038400,0.0008794,0.0007082,0.0009165,10865285.99,7820.26,0.0007197,multiply,ETH,2019-06-09 02:00:00,-0.21472995090016367,4331,63565,7,28,27,66481,0,366965.259888889,9999998120.00006,-0.23772995090016366,7819.746327003,False,False,0.008832153946119477,7196998.646964042,-0.0001967294101791157,0.12400905150671718,-0.014896829919547246,0.09844675166289,1.0771896196076421e-06,0.02108510199318716,0.03336800413352391,0.12553443072013729,0.07945121742683059,-0.3090558898274649,1.0452307654318463e-06,10349.872341872231,0.5471641791044776,0.251322265172014,0.34075862628713954,0.35542164668152687,0.14228041462084018,0.013357079252003579,-0.06156977483780679,-0.25900012721027865,0.15456048848746973,0.16279351246671514,-0.048210372534696955,-0.19844255525581386
2019-06-10,1560124800,0.000791,0.0007265,0.0007197,7567230.02,5760.46,0.0007612,multiply,ETH,2019-06-10 02:00:00,0.05766291510351529,4332,63565,0,7,5,66486,0,573231.70824,9999998120.00006,0.03466291510351529,5760.175491223999,False,False,0.008350632153208339,7611998.568944044,-0.0004953218935124551,0.06881394352859485,-0.015685015125847093,0.09849898228698806,7.81974779711554e-07,0.020776422020193936,0.03074212098448036,0.0,0.01537106049224018,-2.2094502712850774,1.0349874287648769e-06,10380.544779738306,0.4296716417910448,0.251322265172014,0.30590984586603986,0.32565833998706284,-0.27344726969570665,0.2374249863611565,0.046262956901254704,-0.10747408619749055,0.24528096017457723,0.11443978430197721,-0.3624535315985131,-0.19844255525581386
2019-06-11,1560211200,0.0008066,0.0007477,0.0007612,12667233.4,9627.05,0.00076,multiply,ETH,2019-06-11 02:00:00,-0.0015764582238569913,4332,63568,3,4,4,66490,0,64280.11408971,9999998120.00007,-0.024276458223856993,9627.097384,False,False,0.008364212098787604,7599998.571200054,-0.0006702513043393649,0.029092409854095502,-0.017319465006473737,0.09829869436046354,5.760176574137154e-07,0.02068134180934756,0.015074394173311427,0.011326650714666923,0.013200522443989175,-6.572165414542691,1.038054673128126e-06,10380.852073971759,0.4544477611940298,0.251322265172014,0.3627470029153078,0.37927464167246666,0.05451918024172353,0.06530498818952335,-0.13505627344726956,-0.14895095178546613,-0.02681672919271927,0.1541013614002975,-0.2855813953488371,-0.19844255525581386
2019-06-12,1560297600,0.000826,0.0007707,0.00076,8393174.53,6491.0,0.0007734,multiply,ETH,2019-06-12 02:00:00,0.017631578947368443,4333,63569,1,3,2,66492,0,102852.40507339,9999998120.00007,-0.004268421052631557,6491.2811815019995,False,False,0.008219422284842745,7733998.546008055,-0.0006220749977416867,0.2779726588217148,-0.007040507127645454,0.09440959575974629,9.627099193894581e-07,0.02068083316101355,0.02106178522084718,0.0295015676059303,0.02528167641338874,-4.119935194109467,1.0380854025572486e-06,10381.207361170967,0.4537313432835821,0.251322265172014,0.32032663631054886,0.34758558889072877,-0.0015789473684209021,0.10417761429322114,-0.03625853914871269,-0.028244876510772565,0.02863899106673673,0.15852613538988858,-0.21477832512315254,-0.19844255525581386
2019-06-13,1560384000,0.0008775,0.0007474,0.0007734,23109977.96,18215.93,0.0007882,multiply,ETH,2019-06-13 02:00:00,0.019136281355055518,4334,63571,2,14,13,66505,0,852412.736309141,9999998120.00006,-0.0032637186449444855,18215.284628072,False,False,0.00806534026279496,7881998.518184046,-0.00021718953500765982,0.06909503300360709,-0.014255912672341865,0.0928114658965299,6.491282401863052e-07,0.019694602362681328,0.0752332487348459,0.07312947007394635,0.07418135940439613,-8.845767171262139,1.038120931283849e-06,10354.455681531517,0.4617313432835821,0.251322265172014,0.4319097549380929,0.4680951115627093,0.017326092578226038,-0.09289473684210514,-0.06263157894736837,0.032631578947368456,0.09552631578947368,0.08329107505070998,-0.22615535889872196,-0.19844255525581386
2019-06-14,1560470400,0.0008678,0.0007596,0.0007882,28329439.27,21744.02,0.0007675,multiply,ETH,2019-06-14 02:00:00,-0.026262369956863707,4334,63571,0,5,3,66508,0,33333345.0666667,9999998120.00006,-0.04856236995686371,21742.844639724997,False,False,0.008282868006690538,7674998.557100045,-0.00016739383575596457,-0.037153216283531854,-0.02347552367264576,0.08959606939714482,1.8215288052546046e-06,0.018067821474945206,0.09055519564105183,0.08637193802904039,0.08846356683504611,-5.731381040334733,1.035445762816972e-06,10396.757503042916,0.47056716417910444,0.251322265172014,0.44534512220211364,0.5040964837141452,0.018776960162395273,-0.01642099818981113,-0.016550297388156165,0.028316524437548507,0.06503749676752013,-0.02526002971768193,-0.3156216790648245,-0.19844255525581386
2019-06-15,1560556800,0.0008534,0.0007807,0.0007675,33480517.77,26409.92,0.0007888,multiply,ETH,2019-06-15 02:00:00,0.02775244299674262,4336,63572,1,3,2,66510,0,3.2,9999998120.00006,0.005452442996742621,26409.432416976,False,False,0.008059332143957642,7887998.517056046,-0.0001357254237861583,0.022622151266626145,-0.019897402545062354,0.09008947500620981,2.174284872738043e-06,0.013115100666987584,0.03260865219881196,0.04267014291645459,0.03763939755763328,-10.08419767480867,1.0396759457633851e-06,10527.558377708694,0.45820895522388055,0.251322265172014,0.4595078073856208,0.5250732436643127,-0.026970684039087978,-0.1627759451915758,0.01598579040852577,-0.022836843440751098,-0.05049479827454961,-0.012592215721190403,-0.5050936575747618,-0.19844255525581386
2019-06-16,1560643200,0.0008056,0.000768,0.0007888,33613600.63,26356.68,0.0007841,multiply,ETH,2019-06-16 02:00:00,-0.0059584178498984786,4336,63572,0,0,0,0,0,0.0,9999998120.00006,-0.02825841784989848,26356.424253983005,False,False,0.008107640855954326,7840998.525892046,-0.00019437197721531763,-0.026168700346341334,-0.020416454564148482,0.090029112337876,2.6409437381950074e-06,0.011901596703858913,0.0,0.011252758070097157,0.0056263790350485786,-6.097301032531683,1.0527560356890174e-06,9271.598161987444,0.4709253731343283,0.251322265172014,0.4577094089699044,0.5216171594740352,0.027003042596348892,0.0622801302931596,0.08938110749185657,-0.07804560260586335,-0.03726384364820845,-0.0006446621970088717,-0.5839320705421291,-0.19844255525581386
2019-06-17,1560729600,0.0008464,0.0007998,0.0007841,37096851.05,30383.09,0.000819,multiply,ETH,2019-06-17 02:00:00,0.044509628873868,4336,63573,1,4,2,66512,0,1486.66894,9999998120.00006,0.022309628873868,30382.321009949996,False,False,0.007762272521578251,8189998.460280048,-0.00010242962455071565,0.44101141535656585,-0.020415488618900662,0.07683131781012247,2.635642920899154e-06,0.010967808879454585,0.0,0.0,0.0,-22.231734350657614,9.271599905048294e-07,9821.627746606348,0.46811940298507465,0.19486716527350045,0.4848965059590063,0.5322070543319094,-0.005994133401351798,0.03498985801217036,0.14718559837728185,-0.0474137931034484,0.016100405679513097,-0.4160824152239233,-0.5926493108728945,-0.19844255525581386
2019-06-18,1560816000,0.000812,0.0007539,0.000819,11941794.46,9349.82,0.0007829,multiply,ETH,2019-06-18 02:00:00,-0.04407814407814403,4336,63573,0,2,1,66513,0,3356688.174,9999998120.00006,-0.06587814407814403,9349.230882734,False,False,0.008120195676552033,7828998.528148047,-0.00033390888059888494,0.6287496109007848,-0.015082992052631132,0.07573513049985442,3.038232672182724e-06,0.009242644672242763,0.0151214343894478,0.002981412678184225,0.009051423533816012,-16.608578562732077,9.821629593072765e-07,9726.466810628173,0.488955223880597,0.19486716527350045,0.3452708475725062,0.4055070131623997,0.04261294261294257,0.030735875526080814,0.130340517791098,-0.0642775156230071,-0.2622114526208392,-0.5088449531737773,-0.4871287128712871,-0.19844255525581386
2019-06-19,1560902400,0.0007963,0.0007425,0.0007829,181556.48,142.13,0.0007828,multiply,ETH,2019-06-19 02:00:00,-0.00012773023374623715,4336,63573,0,3,2,66515,0,3356688.174,9999998120.00006,-0.02152773023374624,142.122412544,False,False,0.008121233003541884,7827998.528336047,-0.06308357637915094,0.9776883741403724,-0.004409894553629392,0.06955834760188523,9.349232640389681e-07,0.007918388940433245,0.038412433106459906,0.030050393469635325,0.034231413288047616,-11.427789909311421,9.726468639204333e-07,7252.451565545117,0.46740298507462685,0.19486716527350045,-0.11191991276035701,-0.031584724798006475,-0.046110614382424364,0.05567765567765559,-0.014163614163614335,-0.06727716727716748,-0.23931623931623935,-0.21264114972869907,-0.3920881321982974,-0.19844255525581386
2019-06-20,1560988800,0.0008003,0.0007513,0.0007828,1849541.55,1389.56,0.0007513,multiply,ETH,2019-06-20 02:00:00,-0.040240163515585126,4340,63574,1,14,11,66526,0,533709.078635405,9999998120.00006,-0.06194016351558512,1389.5605665150001,False,False,0.00846186768959322,7512998.587556045,-0.0023121623965972338,0.8351461709115529,-0.008085375120317796,0.07044000367907285,1.4212243926301776e-08,0.0076835948814210995,0.04557802840401959,0.07506704227375932,0.060322535338889455,-4.894978437103661,7.252452929006219e-07,7304.537017780671,0.46734328358208954,0.19486716527350045,0.15715209738039088,0.21021447894682643,-0.00012774655084313302,-0.006769702388555343,-0.0040873674798824755,-0.043428279473751275,-0.056201302848384094,0.0576691548278353,-0.5745167324880482,-0.19844255525581386
2019-06-21,1561075200,0.000817,0.0007401,0.0007513,1394093.33,1031.73,0.0007401,multiply,ETH,2019-06-21 02:00:00,-0.014907493677625339,4378,63576,2,52,48,66574,0,215160.787704401,9999998119.99996,-0.03650749367762534,1031.7684735330001,False,False,0.008590192129751453,7400998.608611971,-0.004076390555598375,0.6253179334980445,-0.01207440478474946,0.07106353527743893,1.3895608277524412e-07,0.007723201605354697,0.02228702968700748,0.15743816000451571,0.08986259484576159,-10.335819351084481,7.304538391033829e-07,7424.067597622519,0.4485373134328358,0.19486716527350045,0.12948521084048875,0.1800419021622405,-0.041927325968321716,0.019545222278998575,-0.17079713847726108,-0.007664793050587537,0.00012774655084324404,0.06475003180256966,-0.6507673164661967,-0.19844255525581386
2019-06-22,1561161600,0.0007828,0.0006683,0.0007401,66546.09,44.47,0.0006683,multiply,ETH,2019-06-22 02:00:00,-0.09701391703823803,4378,63576,0,4,3,66577,0,439869.0785,9999998119.99996,-0.11861391703823804,44.472751947,False,False,0.00951309471080211,6682998.743595974,-0.05245685805388109,0.35977671551928614,-0.01991097795350235,0.0741732795394342,1.0317686675055137e-07,0.007994787843247605,0.03211614251153144,0.1831355636659009,0.10762585308871617,-24.93531818658116,7.424068993347435e-07,7592.33818872086,0.4418507462686567,0.19486716527350045,-0.2220187142284895,-0.14934400342946447,-0.015133090122956272,-0.04991348329562095,0.04206042859044323,-0.07493677625449213,0.021429522161586556,0.18003273322422264,-0.8328840970350406,-0.19844255525581386
2019-06-23,1561248000,0.001048,0.0006639,0.0006683,3811133.41,3280.0,0.0008606,multiply,ETH,2019-06-23 02:00:00,0.2877450246895106,4379,63579,3,12,9,66586,0,386609.358730601,9999998119.99996,0.26614502468951057,3279.861412646,False,False,0.007387754119550836,8605998.382071966,-0.00037979669418938914,0.5904108164618987,-0.010227940236378723,0.08916879978122579,4.447276030787912e-09,0.010738310117765796,0.10302399413416237,0.1698743409807862,0.13644916755747427,-42.88602676120302,7.592339616080654e-07,7672.0765282273405,0.39898507462686567,0.26614502468951057,0.2620916112360247,0.30147954525542864,-0.10743677988927125,-0.05945142548304272,-0.02850966085664086,-0.062288879881097214,-0.015403323875151864,-0.12018896762539955,-0.8877879294814053,-0.19844255525581386
2019-06-24,1561334400,0.0009803,0.0007718,0.0008606,1482648.53,1393.52,0.0009399,multiply,ETH,2019-06-24 02:00:00,0.09214501510574014,4378,63582,3,15,12,66598,0,631614.305647795,9999998119.99996,0.07094501510574014,1393.541353347,False,False,0.006764763480521172,9398998.232987963,-0.0017110304520471377,0.6194396555399495,-0.00785359718199831,0.09033052689794889,3.279862029260075e-07,0.010836601173328126,0.08136081723464368,0.09617887583709281,0.08876984653586825,-17.92943626895182,7.672077970577946e-07,7800.652664908944,0.5137910447761194,0.26614502468951057,0.1682099147306422,0.21150054826264134,0.22344875668138509,-0.22549753104893,-0.13721382612599142,-0.16055663624120897,-0.20634445608259755,-0.0869679453494483,-1.2364351982007307,-0.19844255525581386
2019-06-25,1561420800,0.0009559,0.0008958,0.0009399,342662.93,312.37,0.0009116,multiply,ETH,2019-06-25 02:00:00,-0.03010958612618364,4380,63584,2,6,3,66601,0,215963.56722,9999998120.00006,-0.051209586126183634,312.371526988,False,False,0.00697499034157458,9115998.286192054,-0.01121392758089514,0.5851702568724211,-0.009004043404864728,0.09079085299412917,1.3935416153328156e-07,0.010578219392904434,0.03186467365870434,0.04728165088128277,0.03957316226999355,-16.383724080365567,7.800654131431867e-07,7954.069643715029,0.561134328358209,0.26614502468951057,0.004446034452082589,0.05539608224346333,0.08437067773167362,0.09028584708343013,0.10132465721589579,0.187892168254706,0.03857773646293272,-0.0871052631578948,-1.3814380418153998,-0.19844255525581386
2019-06-26,1561507200,0.0009612,0.0008611,0.0009116,5167235.11,4518.49,0.0008745,multiply,ETH,2019-06-26 02:00:00,-0.04069767441860472,4380,63585,1,4,2,66603,0,311233.8225,9999998120.00006,-0.06179767441860472,4518.747103695,False,False,0.007271013373811535,8744998.355940051,-0.0007085115086746474,0.32115370487287076,-0.014189338343936745,0.09221004621446478,3.123715857138563e-08,0.010500670804452682,0.02141170804669158,0.04728165088128277,0.03434667946398717,-33.86998012154501,7.954071139080349e-07,7964.16510982256,0.5442388059701493,0.26614502468951057,0.3051107985999277,0.3351994559600654,-0.031044317683194267,0.16714544100436213,0.16140014895201626,0.28428556229386104,0.1209703159910629,-0.07900181018877661,-1.3456029570306485,-0.19844255525581386
2019-06-27,1561593600,0.0008381,0.0007293,0.0008745,2326487.11,1854.05,0.0007969,multiply,ETH,2019-06-27 02:00:00,-0.08873642081189248,4379,63585,0,8,5,66608,0,521085.922996368,9999998120.00006,-0.11063642081189248,1853.977577959,False,False,0.007979045294764947,7968998.501828047,-0.0013064261920232606,0.34220401299487313,-0.01754548298215866,0.09220130801034095,4.518747953219589e-07,0.009204142073993745,0.0,0.0,0.0,-105.4932575036627,7.96416660708583e-07,8059.13218474555,0.5220895522388059,0.26614502468951057,0.20614963281851112,0.24164550822851422,-0.042424242424242475,0.17584466871434845,0.15807371654234326,0.25197455024133386,0.08457656867046959,-0.10898249175336217,-0.8257359924026593,-0.19844255525581386
2019-06-28,1561680000,0.000959,0.0007982,0.0007969,2518714.01,2174.01,0.0008631,multiply,ETH,2019-06-28 02:00:00,0.08307190362655281,4381,63587,2,11,9,66617,0,179422.798653833,9999998120.00006,0.06127190362655281,2173.902062031,False,False,0.007367282117293231,8630998.37737205,-0.0011445082006759058,0.24959814427775368,-0.015326674575922768,0.09172871459343973,1.8539779265068392e-07,0.00965289045691851,0.039444978577215954,0.034510145965831684,0.03697756227152382,-86.5906831415912,8.059133699862633e-07,8139.006241807051,0.47576119402985073,0.26614502468951057,0.22630091448520526,0.25814676946446974,-0.09737733718157848,0.15368782161234984,0.09799885648942253,0.050200114351057645,0.0004574042309890558,-0.06436482084690565,-1.365864594231057,-0.19844255525581386
2019-06-29,1561766400,0.000971,0.0008472,0.0008631,9026290.05,7733.4,0.0008568,multiply,ETH,2019-06-29 02:00:00,-0.007299270072992692,4382,63587,0,2,1,66618,0,80000.0,9999998120.00006,-0.029099270072992692,7733.7253148400005,False,False,0.007421453309332152,8567998.38921605,-0.0006361721842366616,0.2255360649626658,-0.013721639172914236,0.0916866016166333,2.1739024707246514e-07,0.010015907038430158,0.039444978577215954,0.04152409706987944,0.040484537823547696,-53.716256775962556,8.139007771940459e-07,8138.74079711628,0.5152835820895523,0.26614502468951057,0.36985689003838623,0.3909115488095616,0.07670026648128836,0.1613753294014305,0.01606224118459032,0.013552515999498138,-0.025097251850922264,0.0,-1.2160148975791434,-0.19844255525581386
2019-06-30,1561852800,0.0008559,0.0007718,0.0008568,7826629.0,6358.51,0.0008124,multiply,ETH,2019-06-30 02:00:00,-0.051820728291316565,4385,63591,4,10,6,66624,0,28725.1504688171,9999998120.00006,-0.07362072829131656,6358.353399600001,False,False,0.007827549477487674,8123998.472688048,-0.00046552383355753216,0.2939488178055103,-0.014243908269712982,0.09178435817933825,7.733726768780588e-07,0.0101465255702759,0.02976022980967912,0.016717296206145378,0.02323876300791225,-32.57747601456418,8.138742327199785e-07,8111.350946469448,0.5115223880597015,0.26614502468951057,0.3480644439071294,0.3694205098106121,-0.007352941176470562,0.002896535743251105,0.051094890510948954,-0.061870003475842816,0.08608504228942182,-0.02997066700675921,-1.225083308088458,-0.19844255525581386
2019-07-01,1561939200,0.000906,0.0007384,0.0008124,3645772.94,3002.94,0.0008237,multiply,ETH,2019-07-01 02:00:00,0.013909404234367262,4387,63592,1,8,5,66629,0,1044336.81808,9999998120.00006,-0.007790595765632739,3003.023170678,False,False,0.007720287963493732,8236998.451444048,-0.0014236287437711368,0.27112443619604015,-0.013050030806492755,0.09166781362842796,6.358354594970627e-07,0.01033833067521862,0.12953232384321384,0.010327082822496657,0.06992970333285525,-27.856456160434398,8.111352471403661e-07,8148.95026475582,0.48501492537313434,0.26614502468951057,0.26388879564141776,0.29004926250139057,-0.05465288035450522,-0.09698879551820738,0.0862511671335201,0.16001400560224088,0.05742296918767509,0.04004884004884002,-1.4325971058644327,-0.19844255525581386
2019-07-02,1562025600,0.000904,0.0007378,0.0008237,2452206.39,2002.25,0.0008165,multiply,ETH,2019-07-02 02:00:00,-0.008741046497511284,4388,63593,1,4,2,66631,0,680532.438,9999998120.00006,-0.030841046497511283,2002.226517435,False,False,0.007788488910653505,8164998.464980048,-0.0023672273434861535,0.27548842520271594,-0.013062604912823728,0.09168499790118241,3.0030237352464447e-07,0.010603711059709326,0.1808524273390676,0.04567374445777964,0.11326308589842361,-42.17955575224714,8.148951796758707e-07,8223.006437474935,0.49176119402985075,0.26614502468951057,0.21969609505431337,0.24724019545800313,0.013718586864149618,-0.12210733628754311,0.036435253569670034,0.06302314130969977,0.03225012309207287,0.009324307063481974,-1.383857343969967,-0.19844255525581386
2019-07-03,1562112000,0.0009488,0.0007222,0.0008165,4234975.68,3327.17,0.0007856,multiply,ETH,2019-07-03 02:00:00,-0.03784445805266379,4389,63594,1,8,6,66637,0,380724.436633333,9999998120.00006,-0.06034445805266379,3326.996894208,False,False,0.008094960788655025,7855998.523072046,-0.000984152024369794,0.09819037527768729,-0.014384809732511203,0.09146643027317211,2.0022268938536443e-07,0.011578255685012428,0.09011002989449315,0.04505000673738061,0.06758001831593688,-46.298967468773185,8.223007983400384e-07,8267.863792458513,0.4874626865671641,0.26614502468951057,0.27791103388086286,0.3026760321336627,-0.008818126148193661,-0.061672939176884656,0.08789607866941851,0.07733398081825904,0.058395046740318146,0.10717935615738383,-1.4465558194774344,-0.19844255525581386
2019-07-04,1562198400,0.000787,0.0007162,0.0007856,20285114.96,15964.75,0.000787,multiply,ETH,2019-07-04 02:00:00,0.001782077393075454,4391,63596,2,13,10,66647,0,411129.06923,9999998120.00006,-0.020717922606924545,15964.385473520002,False,False,0.008080814733932639,7869998.520440047,-0.0003965060559905965,0.018306469327622643,-0.012688177939886311,0.09121367688161627,3.326997519683514e-07,0.011711680582249738,0.009029696588960256,0.0,0.004514848294480128,-48.86102926820532,8.267865346817149e-07,8378.8650085422,0.46901492537313433,0.26614502468951057,0.45349023547570005,0.47639622567854495,-0.03933299389002021,0.024004898958971177,0.09357011635027546,0.05278628291488052,0.14402939375382728,0.1046186609876214,-1.270319358256395,-0.19844255525581386
2019-07-05,1562284800,0.000809,0.0007601,0.000787,12506714.15,9649.83,0.0007716,multiply,ETH,2019-07-05 02:00:00,-0.01956797966963153,4392,63596,0,4,3,66650,0,367766.734666667,9999998120.00006,-0.042167979669631525,9650.18063814,False,False,0.008242095898917817,7715998.5493920455,-0.00040764633186763234,0.06431994475268632,-0.013369212712070647,0.09141028112848236,1.5964388474824942e-06,0.011748003518224269,0.0,0.3841761744103789,0.19208808720518944,-24.605283066062142,8.378866583769065e-07,8333.56784214146,0.46985074626865675,0.26614502468951057,0.3925598497745668,0.4455172352455507,0.0017789072426938057,-0.09865071283095728,0.14931262729124228,-0.0033095723014255896,0.14371181262729127,0.07863802188893398,-1.089316295613226,-0.19844255525581386
2019-07-06,1562371200,0.001339,0.000766,0.0007716,11862948.06,15851.59,0.001336,multiply,ETH,2019-07-06 02:00:00,0.7314670813893209,4396,63603,7,24,30,66680,0,696831.033528179,9999998120.00005,0.708867081389321,15848.89860816,False,False,0.004760704487826791,13359997.488320066,-1.9730270776791772e-05,-0.10103471520701438,0.0023418739529793647,0.1531858478472448,9.650182452374253e-07,0.012846608467039417,0.0,0.3841761744103789,0.19208808720518944,-22.05186241629598,8.333569408852459e-07,8426.389799350402,0.46065671641791045,0.708867081389321,0.4450770052262159,0.5088540979990337,-0.019958527734577514,-0.08869123252858957,-0.09351969504447255,0.024777636594663366,0.13354510800508257,-0.24285500523716896,-1.0980050876958094,-0.19844255525581386
2019-07-07,1562457600,0.002081,0.001076,0.001336,14821474.14,15941.52,0.001076,multiply,ETH,2019-07-07 02:00:00,-0.1946107784431138,4410,63616,13,47,104,66784,0,2089371.27133228,9999998120.00005,-0.21721077844311382,15947.90617464,False,False,0.005912268769499064,10759997.977120053,-0.00010263126112967682,-0.1395319455742755,-0.0021171675803966835,0.1572821486094989,1.584890158775342e-06,0.021272767239508734,0.0,0.18863596756489798,0.09431798378244899,-14.328221229032426,8.42639138351193e-07,8493.745111568995,0.9388615600843289,0.708867081389321,0.4413098779870935,0.5077626216711967,0.4224550898203593,-0.05287713841368591,-0.2181181959564542,-0.022291342664592984,-0.07646448937273198,0.08656751103881011,-0.9312399156013405,-0.20481335672985154
2019-07-08,1562544000,0.001172,0.0009714,0.001076,20981260.79,20577.46,0.0009808,multiply,ETH,2019-07-08 02:00:00,-0.0884758364312267,4411,63619,3,16,24,66808,0,2513552.52339282,9999998120.00006,-0.1107758364312267,20578.420582831997,False,False,0.006486440860560142,9807998.156096058,-0.00011784314491791183,-0.20629613593983065,-0.011694874520199652,0.15614933714007437,1.594790917284683e-06,0.02132168016258546,0.025788980082491402,0.3058308900986824,0.16580993509058692,-9.738543821819619,8.493746708393326e-07,8742.127496310379,0.7859751643535426,0.708867081389321,0.46780720183792796,0.5327548056383304,-0.241635687732342,0.38345808383233526,0.31766467065868254,0.4130988023952096,0.41160179640718564,0.024896265560165998,-1.3879024977430032,-0.20481335672985154
2019-07-09,1562630400,0.001127,0.0008682,0.0009808,13730895.46,12471.44,0.0009083,multiply,ETH,2019-07-09 02:00:00,-0.07391924959216967,4411,63620,1,10,10,66818,0,1343544.47413065,9999998120.00006,-0.09611924959216966,12471.772346318001,False,False,0.007004295052357357,9082998.292396054,-0.0002088541973820039,-0.48541946920973583,-0.0065084921534839975,0.15047421551621465,2.0578424451575673e-06,0.022191950245956917,0.025788980082491402,0.11719492253378445,0.07149195130813793,-24.7045939299513,8.742129139830604e-07,8755.91586311901,0.7164353542731922,0.708867081389321,0.40719855770262553,0.47422439472301986,-0.09706362153344195,0.24117100371747213,0.18726765799256506,0.23884758364312264,0.14823420074349436,0.21050899517332167,-0.9603874512071708,-0.20481335672985154
2019-07-10,1562716800,0.0009179,0.0008371,0.0009083,10409432.55,9163.96,0.0008804,multiply,ETH,2019-07-10 02:00:00,-0.030716723549488067,4412,63621,1,4,2,66820,0,4524.18639988,9999998120.00006,-0.05251672354948807,9164.46441702,False,False,0.007226375733842557,8803998.344848052,-0.00038004927218795336,-0.4625344342826766,-0.008113017174134285,0.1506239556501388,1.247177469101157e-06,0.022225870383341107,0.0,0.05845173135933458,0.02922586567966729,-34.063063868731284,8.755917509231447e-07,8729.440611097369,0.6798652694610778,0.708867081389321,0.3713593584687233,0.4388856971761962,-0.07981944291533627,0.19902120717781402,0.1875,0.20177406199021208,0.2662112561174551,0.12955974842767293,-0.8416779431664412,-0.19844255525581386
2019-07-11,1562803200,0.0008352,0.0007761,0.0008804,8791122.38,6870.35,0.0007815,multiply,ETH,2019-07-11 02:00:00,-0.11233530213539311,4412,63621,0,6,4,66824,0,4968631.45886076,9999998120.00006,-0.1340353021353931,6870.26213997,False,False,0.00814088444795264,7814998.530780046,-0.0003182217892828738,-0.2653393185350811,-0.012276238203036336,0.15277706752057904,9.164466139939581e-07,0.022115972668718637,0.0,0.05845173135933458,0.02922586567966729,-55.42098088727047,8.72944225223246e-07,8742.738594857645,0.6589820359281438,0.708867081389321,0.33841534740590773,0.40755632731662916,-0.03169014084507049,0.1335461851811075,0.04976329406583735,0.13817020808103042,0.16195089728063417,0.04630442966495163,-0.8176900189342711,-0.19844255525581386
2019-07-12,1562889600,0.0008014,0.0007243,0.0007815,12474524.3,9585.35,0.0007684,multiply,ETH,2019-07-12 02:00:00,-0.016762635956493854,4411,63623,2,8,5,66829,0,214183.783666056,9999998120.00005,-0.038362635956493855,9585.424472120001,False,False,0.008279933883540595,7683998.555408038,-0.00042654375208385075,-0.23264087977170722,-0.013897053838604484,0.15317245566137302,6.870263431579491e-07,0.022119411840678355,0.024067332768366652,0.011193744975960655,0.017630538872163655,-40.875233113591904,8.742740238492757e-07,8725.259889141795,0.5849550898203593,0.708867081389321,0.3761177667646038,0.4444572412391609,-0.126551503518874,0.1235801908223535,0.026805997273966375,0.14663789186733311,0.13675601999091325,0.10392770246784844,-0.508583066627873,-0.19844255525581386
2019-07-13,1562976000,0.0007934,0.0007423,0.0007684,9773470.6,7386.02,0.0007557,multiply,ETH,2019-07-13 02:00:00,-0.016527850078084327,4413,63625,2,4,2,66831,0,2401.8215,9999998120.00006,-0.03812785007808433,7385.811732419999,False,False,0.008419347884279723,7556998.579284045,-0.000555485109296928,-0.23143731768579087,-0.014626126083616778,0.1531524263298942,9.585426274180084e-07,0.021741016282899366,0.03035114494101066,0.18611376135441013,0.10823245314771039,-19.478931102573373,8.72526152949091e-07,8582.980563688097,0.5751497005988024,0.708867081389321,0.34627795383690047,0.4155036216443887,-0.0170484122852681,-0.709532949456174,-0.03953934740882925,0.05297504798464481,0.010364683301343436,0.08006535947712423,-0.5793112985755775,-0.19844255525581386
2019-07-14,1563062400,0.0009702,0.0006355,0.0007557,11412569.73,10556.56,0.000925,multiply,ETH,2019-07-14 02:00:00,0.2240307000132329,4411,63628,3,17,16,66847,0,257008.303377778,9999998120.00005,0.20243070001323288,10556.62700025,False,False,0.006878703995899019,9249998.261000047,-0.00014170929624132374,-0.519040955711871,-0.0085279334808766,0.15702567968324985,7.385813120952829e-07,0.02378477895108381,0.07998236742278869,0.2990816555542401,0.1895320114885144,-19.819502827616077,8.582982177288695e-07,8267.559618479267,0.5656437125748504,0.708867081389321,0.39058756492089924,0.45366306669845824,-0.016805610692073536,-0.40031233732431004,-0.07196772514315453,0.13027069234773558,-0.025767829255596064,0.05526834071885778,-0.14190821256038655,-0.19844255525581386
2019-07-15,1563148800,0.001052,0.0007232,0.000925,13091256.25,9467.65,0.0007232,multiply,ETH,2019-07-15 02:00:00,-0.21816216216216222,4411,63630,2,17,17,66864,0,566802.792810998,9999998120.00005,-0.23986216216216222,9467.596520000001,False,False,0.008798397671797834,7231998.640384036,-0.00016081342570700472,-0.4251367138763519,-0.018238430019075682,0.16446641402817608,1.0556628984896198e-06,0.025226637081326553,0.07369855525014468,0.23081531632229146,0.15225693578621807,-24.81190634309014,8.267561172780717e-07,7599.53757095982,0.6923652694610779,0.708867081389321,0.38472043446429,0.44044831587074895,0.1830270270270271,-0.29786952494376084,-0.08045520709276155,-0.13881169776366287,-0.015614661902871418,0.042369794828214236,-0.05162668006531845,-0.20481335672985154
2019-07-16,1563235200,0.0007392,0.0006299,0.0007232,14281624.07,9365.08,0.0006557,multiply,ETH,2019-07-16 02:00:00,-0.09333517699115057,4411,63630,0,8,6,66870,0,485761.373666667,9999998120.00005,-0.11493517699115058,9364.460902699,False,False,0.009704134812024087,6556998.767284032,-0.0002532509063619409,-0.36569672851555196,-0.020102806256681392,0.1652308464408038,9.467598299908434e-07,0.0254708578822418,0.052132387936545885,0.11126616966392391,0.08169927880023489,-34.25643219047655,7.599538999673107e-07,6824.207606700095,0.5413173652694611,0.708867081389321,0.3945129651490959,0.4426182818707088,-0.27903761061946897,0.018054054054054136,0.1507027027027027,-0.016108108108108032,0.14724324324324334,0.0396815676668707,-0.13181291070738288,-0.20481335672985154
2019-07-17,1563321600,0.0007142,0.0006296,0.0006557,12464770.1,8348.77,0.0006698,multiply,ETH,2019-07-17 02:00:00,0.021503736464846934,4412,63634,4,17,12,66882,0,842220.860206667,9999998120.00006,0.00020373646484693475,8348.90301298,False,False,0.009500449680978481,6697998.74077604,-0.0004598841984289607,-0.3494834091361806,-0.022386868101736512,0.1651259234954527,9.364462663217925e-07,0.025632899761831827,0.052132387936545885,0.02426148597040994,0.03819693695347791,-36.473523074341074,6.824208889651326e-07,5376.086458097269,0.49079341317365266,0.708867081389321,0.39435391129616004,0.4419765892245224,-0.10294341924660677,-0.21736725663716827,-0.08821902654867264,-0.26050884955752207,-0.08420907079646023,-0.04251527494908336,0.03758714762049109,-0.20481335672985154
2019-07-18,1563408000,0.0007257,0.0006851,0.0006698,12420919.1,8817.89,0.0007099,multiply,ETH,2019-07-18 02:00:00,0.05986861749776051,4411,63635,1,8,5,66887,0,412593.983732,9999998120.00006,0.03876861749776052,8817.61046909,False,False,0.008963940268119718,7098998.665388041,-0.00031931585500602846,-0.29459318243781935,-0.018330592331103426,0.16534486497739118,8.348904582574012e-07,0.025591461323754176,0.010495921653919405,0.01964899345298686,0.015072457553453131,-32.534968283865304,5.376087468801683e-07,5369.088518389551,0.5013473053892216,0.708867081389321,0.42332508359417975,0.44737344729487977,0.0210510600179159,-0.19185603172182408,-0.17675766356565514,-0.3336891871282599,-0.24904682019216118,0.005209656925031836,0.10206896551724143,-0.20481335672985154
2019-07-19,1563494400,0.0008055,0.000686,0.0007099,13100851.69,9711.5,0.0007413,multiply,ETH,2019-07-19 02:00:00,0.04423158191294552,4412,63637,2,4,2,66889,0,35843.8109105,9999998120.00006,0.02313158191294552,9711.661357796998,False,False,0.008584515306051244,7412998.606356043,-0.00032108988434070493,-0.2613782223388215,-0.015217148326217787,0.16569816960189687,8.817612126801027e-07,0.025889597917857103,0.028338528863713693,0.020519034963025824,0.02442878191336976,-37.025904039023644,5.36908952777835e-07,5237.63510031637,0.5313622754491018,0.708867081389321,0.4349306350427792,0.45730520645312484,0.05648682913086345,-0.14720812182741128,-0.9946252612720214,-0.18975813675724096,-0.16885637503732465,-0.014515292897874676,-0.002418672148990275,-0.20481335672985154
2019-07-20,1563580800,0.000773,0.0007204,0.0007413,10775232.65,7861.45,0.0007296,multiply,ETH,2019-07-20 02:00:00,-0.015783083771752304,4413,63637,0,2,1,66890,0,3.2,9999998120.00006,-0.0368830837717523,7861.60974144,False,False,0.008722178174857166,7295998.628352042,-0.0005277311767321374,-0.24129249806436895,-0.014450813417816632,0.16557453356089183,9.711663183589619e-07,0.02592262879237513,0.019055425997469407,0.029526775224108806,0.024291100610789106,-18.656693341211618,5.237636084991923e-07,5122.936246130552,0.5548652694610778,0.708867081389321,0.4062732093055288,0.45356892344717736,0.0423580196951302,-0.06451612903225801,-0.5157064375264122,-0.21580504296379788,-0.10269051979152,0.43764970059880237,-0.043822665133512295,-0.20481335672985154
2019-07-21,1563667200,0.0007416,0.0007145,0.0007296,16876522.04,12248.78,0.0007258,multiply,ETH,2019-07-21 02:00:00,-0.005208333333333259,4413,63637,0,6,5,66895,0,961543.1708,9999998120.00006,-0.026308333333333257,12248.979696632,False,False,0.008767844029175789,7257998.635496043,-0.00042921904536043974,-0.22384726752704642,-0.014017392824214695,0.1655559958021699,7.861611219422863e-07,0.0257039390279826,0.0012128187876751168,0.06718147252618319,0.03419714565692915,-16.134379479647475,5.122937209242717e-07,5046.887935037908,0.5461077844311377,0.708867081389321,0.4558210091326272,0.5069597302190368,-0.016036184210526327,-0.24780790503170125,-0.3230810737892891,-0.15580736543909346,-0.013489815189531962,0.312174721189591,-0.13411316648531013,-0.20481335672985154
2019-07-22,1563753600,0.0007277,0.0006603,0.0007258,19887807.96,13262.49,0.0006669,multiply,ETH,2019-07-22 02:00:00,-0.08115183246073299,4413,63638,1,11,8,66903,0,534896.519,9999998120.00006,-0.10245183246073299,13263.179128524001,False,False,0.009542361967903115,6668998.746228039,-0.00018935380271840714,-0.08805909683448124,-0.011982733705317975,0.16557179792643495,1.2248981999440543e-06,0.02546769193854938,0.0,0.1506448248466421,0.07532241242332105,-7.505807396296854,5.046888883852988e-07,4920.63359432709,0.5432634730538922,0.708867081389321,0.4602350577172508,0.5144567266283241,-0.005235602094240788,0.00877192982456132,-0.24492872807017552,-0.11348684210526327,-0.01439144736842124,0.31861745513866224,-0.09514304723885547,-0.20481335672985154
2019-07-23,1563840000,0.0006515,0.0005666,0.0006669,18664272.29,10812.83,0.0005793,multiply,ETH,2019-07-23 02:00:00,-0.1313540260908681,4418,63645,7,16,18,66921,0,889327.903538889,9999998120.00006,-0.1525540260908681,10812.212937597,False,False,0.010986537539316738,5792998.910916035,-0.00018773761887703344,-0.15051461045577896,-0.02726064583573588,0.1587693077539856,1.3263181622002068e-06,0.022665831811775772,0.008157159115867346,0.11710187007438386,0.0626295145951256,-12.188479747205864,4.92063451940635e-07,4849.620880507464,0.49917664670658685,0.708867081389321,0.43115805501503796,0.48940815378410946,-0.0883190883190883,0.09658308073849553,-0.21300633783411427,-0.13488564342794174,0.07922292642601259,0.052515688649124814,-0.05110394443066246,-0.20481335672985154
2019-07-24,1563926400,0.0006045,0.0005785,0.0005793,6248760.77,3641.87,0.0005828,multiply,ETH,2019-07-24 02:00:00,0.006041774555497925,4419,63647,2,11,21,66942,0,64454.110337459,9999998120.00006,-0.014958225444502076,3641.7777767559996,False,False,0.010920901160885016,5827998.904336034,-0.0014029020502613536,-0.18141083194962387,-0.031208385132303236,0.15771150219311292,1.081221497029335e-06,0.021890154762162686,0.021708484866168255,0.02789396488025545,0.024801224873211854,-11.09662043312314,4.849621792236333e-07,4754.847935159643,0.4336077844311378,0.708867081389321,0.30016052452699205,0.3647893925202707,-0.15121698601760736,-0.004348478032688563,-0.1718398560503822,-0.2243214874793822,-0.29044834307992207,-0.0675829168559745,0.07529610829103217,-0.20481335672985154
2019-07-25,1564012800,0.0006034,0.0005836,0.0005828,5913589.05,3490.28,0.0005902,multiply,ETH,2019-07-25 02:00:00,0.012697323266987137,4420,63649,2,6,3,66945,0,298335.35096,9999998120.00006,-0.008902676733012864,3490.20025731,False,False,0.010784312430703807,5901998.8904240355,-0.0012510353997498692,-0.15978005036519116,-0.029430480140362772,0.15766024650404953,3.641778461410329e-07,0.02186734445056389,0.02623556190713785,0.023618200167480383,0.024926881037309116,-11.549991370884186,4.7548488290711966e-07,4601.329146632804,0.4362275449101796,0.708867081389321,0.2948088138499283,0.3610373122801977,0.00600549073438561,-0.2254445019851543,-0.32642844812704985,-0.3561194545140687,-0.6224754013464526,-0.16647472808701225,0.11292665214233844,-0.20481335672985154
2019-07-26,1564099200,0.0006117,0.0005832,0.0005902,6370789.64,3715.14,0.0005832,multiply,ETH,2019-07-26 02:00:00,-0.011860386309725635,4420,63650,1,5,3,66948,0,710866.760549347,9999998120.00006,-0.033160386309725634,3715.4445180479997,False,False,0.010913925234259582,5831998.903584034,-0.0011935452923364648,-0.0952426173911617,-0.026964119997822816,0.1575613658263912,3.490200913467751e-07,0.02174396857132547,0.01268423615683694,0.04951564252487345,0.031099939340855195,-5.497229438675392,4.60133001168282e-07,4628.041725428276,0.4417664670658683,0.708867081389321,0.3019242742373197,0.3689032515882303,0.012538122670281426,-0.27196293754289647,-0.2966712422786548,-0.3503774879890187,-0.5641729581331505,-0.13807912545549184,0.07165967645296578,-0.20481335672985154
2019-07-27,1564185600,0.0005697,0.000549,0.0005832,6658301.4,3683.0,0.0005531,multiply,ETH,2019-07-27 02:00:00,-0.051611796982167446,4420,63650,0,0,0,0,0,0.0,9999998120.00006,-0.07291179698216745,3682.70650434,False,False,0.011507866925728057,5530998.960172032,-0.0008048442104866604,-0.08794156033387045,-0.026770196395253156,0.1575576331263657,3.7154452165516785e-07,0.02131422653009081,0.00028967839773261765,0.029160629744806557,0.014725154071269588,-2.113108223248455,4.6280425955002564e-07,4548.736167611678,0.4365269461077844,0.708867081389321,0.3010323634080418,0.3681028678285545,-0.012002743484225142,-0.2361911216536765,-0.5672653337851576,-0.30735343951202965,-0.48170111826499484,-0.05451898901680563,0.24562407047248602,-0.20481335672985154
2019-07-28,1564272000,0.0005743,0.0005595,0.0005531,7666580.81,4306.0,0.0005617,multiply,ETH,2019-07-28 02:00:00,0.015548725366118399,4421,63652,2,4,2,66950,0,11.1,9999998120.00006,-0.005751274633881601,4306.318440977,False,False,0.011332029903254028,5616998.944004034,-0.0009668993760704096,-0.09108988712524457,-0.02831825023313561,0.15722386878348066,3.682707196688931e-07,0.020743825368731754,0.004604179169812171,0.03514802696974677,0.01987610306977947,-9.76257534630025,4.5487370227742127e-07,4460.947892148849,0.4139970059880239,0.708867081389321,0.3193951193430467,0.3866900985795632,-0.05442053878141384,-0.24451303155006854,-0.2400548696844993,-1.290809327846365,-0.3664266117969823,0.06691891891891899,0.25633492471538744,-0.17833428195312842
2019-07-29,1564358400,0.0006135,0.0005587,0.0005617,9048997.94,5418.15,0.0005988,multiply,ETH,2019-07-29 02:00:00,0.06604949261171433,4422,63653,1,3,2,66952,0,28621.8696,9999998120.00006,0.04484949261171434,5418.539966472,False,False,0.010630095518831977,5987998.874256035,-0.0005014913513121618,-0.09238791103785549,-0.02643643582228396,0.1577369379132946,4.3063192505649935e-07,0.020416507480280875,0.004314500772079554,0.03514802696974677,0.01973126387091316,0.1551000358526604,4.460948730807184e-07,4499.269005808933,0.420434131736527,0.708867081389321,0.3465152487882256,0.413633574860787,0.01531066405554582,-0.20574941240282052,-0.18549990960043394,-0.9453986620864221,-0.5604773097089135,-0.18473451327433632,0.22033468559837732,-0.17833428195312842
2019-07-30,1564444800,0.0006379,0.0005917,0.0005988,9738995.3,5864.66,0.0006022,multiply,ETH,2019-07-30 02:00:00,0.0056780227120907245,4425,63656,3,9,5,66957,0,12379.83675242,9999998120.00006,-0.015021977287909275,5864.82296966,False,False,0.01057057654721519,6021998.867864036,-0.0008817234974823401,-0.19440849313633002,-0.026844341374947685,0.15739218257819745,5.418540985157673e-07,0.020367686538958173,0.0,0.09692511056317953,0.04846255528158976,-1.0511562145864506,4.4992698516716383e-07,4508.920204118572,0.4482035928143713,0.708867081389321,0.3566144128163199,0.42304460260460974,0.06195724782899126,-0.03133345202065163,-0.19245148655866107,-0.7461278262417659,-0.5253694142780843,-0.23898124142138188,0.3117880138682517,-0.17833428195312842
2019-07-31,1564531200,0.0007436,0.0006233,0.0006022,11606609.18,8376.61,0.0007217,multiply,ETH,2019-07-31 02:00:00,0.19843905679176355,4425,63657,1,6,4,66961,0,392873.9995,9999998120.00006,0.17833905679176354,8376.489845206,False,False,0.008820425657131477,7216998.643204043,-0.0001930729069768597,-0.005678077889147426,-0.016054971596651684,0.1614422508838217,5.864824072246891e-07,0.019977716444443936,0.0,0.09692511056317953,0.04846255528158976,0.0,4.508921051795704e-07,4382.183015585619,0.450748502994012,0.708867081389321,0.3991125977223258,0.463336633224235,0.005645964795748859,0.026720106880427585,-0.18553774215096852,-0.5168670674682698,-0.3567134268537073,-0.22977008062108095,0.2375985754261002,-0.17833428195312842
2019-08-01,1564617600,0.0008352,0.0006656,0.0007217,16941038.14,12086.29,0.0007134,multiply,ETH,2019-08-01 02:00:00,-0.011500623527781695,4838,63660,3,435,437,67398,0,20939.77184484,9999998120.00006,-0.03260062352778169,12085.736609076,False,False,0.008923466774331633,7133998.658808042,-0.00036947305486720035,-0.023486626147942613,-0.016167256591983446,0.1614125647894014,8.376491419986338e-07,0.02020699297953877,0.01253179607714357,0.03308319733215218,0.022807496704647878,-6.221026228398344,4.382183839436155e-07,4222.10384236858,0.5401946107784431,0.708867081389321,0.44177087948383603,0.5044645467659952,0.16558126645420534,0.01992693457323147,-0.230986383261375,-0.46197276652275,-0.3678180006642311,-0.1501619946471333,0.24149045899948418,-0.17833428195312842
2019-08-02,1564704000,0.0007141,0.0006662,0.0007134,6655223.76,4534.88,0.0006814,multiply,ETH,2019-08-02 02:00:00,-0.04485562097000284,4861,63661,1,28,26,67424,0,42131.6249891358,9999998120.00006,-0.06595562097000283,4534.869470064,False,False,0.009342678598219823,6813998.71896804,-0.000684541504582987,0.0700845806354946,-0.013803422113009464,0.16128432684503746,1.2085738881194838e-06,0.019148079815185515,0.023588139442636446,0.07022937064397525,0.04690875504330585,-7.159982711425446,4.2221046361242277e-07,4170.771946735752,0.5339820359281438,0.708867081389321,0.32189209531925733,0.3916617282027654,-0.011634426689094424,0.1919079950117778,-0.010946376610780018,-0.08285991409172788,-0.1313565193293611,-0.059759881289626504,0.12562598368865374,-0.17833428195312842
2019-08-03,1564790400,0.0007282,0.0006794,0.0006814,11203564.24,8108.97,0.0007238,multiply,ETH,2019-08-03 02:00:00,0.06222483122982103,4862,63662,1,4,2,67426,0,236625.42,9999998120.00006,0.04112483122982104,8109.139796912001,False,False,0.00879552527886956,7237998.639256043,-0.00034245323333141305,0.09133935884432268,-0.012522338978843221,0.1614817699936459,4.534870322619594e-07,0.018935193478058616,0.030736364502062713,0.04297326609445601,0.03685481529825936,-7.424744682923935,4.1707727308410014e-07,3986.75709215716,0.5100299401197604,0.708867081389321,0.39156638805158117,0.45826870280139104,-0.046962136777223495,0.22469862629660786,-0.01738155312587608,-0.07709559854219239,-0.10120549481356877,-0.07867324561403533,0.15772261037609636,-0.17833428195312842
2019-08-04,1564876800,0.000726,0.0006904,0.0007238,2652921.3,1884.67,0.0007104,multiply,ETH,2019-08-04 02:00:00,-0.01851340149212488,4862,63663,1,4,2,67428,0,5049079.10099,9999998120.00006,-0.039613401492124875,1884.63529152,False,False,0.008961572630721547,7103998.664448042,-0.002116728059865286,0.021233330162702513,-0.013586500865328036,0.16141439678903974,8.109141321430522e-07,0.0189232217213999,0.019680021136569838,0.020844019002188727,0.020262020069379282,-3.2872860889482762,3.986757841667611e-07,4185.8271176424805,0.5417664670658683,0.708867081389321,0.22113107582276503,0.2918541941327003,0.05857971815418628,0.17566774288230103,0.021279718227179334,-0.10904021132961561,-0.15497505136483714,-0.06310278313585016,0.1846311775920224,-0.17833428195312842
2019-08-05,1564963200,0.0007532,0.0007229,0.0007104,12816683.96,9504.14,0.0007415,multiply,ETH,2019-08-05 02:00:00,0.04377815315315314,4863,63665,2,7,4,67432,0,2569159.21534397,9999998120.00006,0.023078153153153144,9503.57115634,False,False,0.008585975990427765,7414998.605980043,-0.000329204708527448,0.10923068984018698,-0.034691049963530354,0.09154164076454721,1.8846356458314904e-07,0.017272454882137085,0.0,0.08416877147460879,0.04208438573730439,-6.087823325453439,4.185827904578103e-07,3978.498686566034,0.5317365269461078,0.20243070001323288,0.41733232182740315,0.4760679961268333,-0.018862612612612573,0.1726996407847472,0.19964078474716773,-0.27797734180712896,-0.06604034263608738,-1.0032988454041085,0.3457741391764989,-0.17833428195312842
2019-08-06,1565049600,0.0007185,0.0006597,0.0007415,7809863.96,5152.52,0.0006597,multiply,ETH,2019-08-06 02:00:00,-0.11031692515171942,4864,63666,1,2,1,67433,0,6.4,9999998120.00006,-0.13081692515171942,5152.167254412,False,False,0.009650752155405467,6596998.75976404,-0.00042785837670187725,0.12661128622960763,-0.031483228927313846,0.08695226908659583,9.503572943011657e-07,0.008682827828757293,0.0382734824023903,0.0895005220143851,0.0638870022083877,-25.455517363711824,3.978499434523904e-07,3777.9886291546645,0.5550149700598802,0.20243070001323288,0.34896586007276204,0.40585033953434974,0.04194200944032356,0.15230855855855863,0.17961711711711725,-0.018018018018018056,-0.8806306306306304,-0.8574141204902466,0.31001144892507315,-0.17833428195312842
2019-08-07,1565136000,0.0007277,0.0006599,0.0006597,10834537.79,7639.31,0.0007051,multiply,ETH,2019-08-07 02:00:00,0.0688191602243442,4864,63666,0,0,0,0,0,0.0,9999998120.00006,0.048619160224344204,7639.432595728998,False,False,0.009029359235457364,7050998.674412041,-0.0003503235413946525,0.28458206602636427,-0.02310340647518873,0.08615112154734686,5.152168223019596e-07,0.008307872610702333,0.07918462597827235,0.051014446463635475,0.06509953622095391,-27.291608307968712,3.7779893394166384e-07,2999.677069868198,0.49378742514970064,0.20243070001323288,0.40418708442591866,0.4523786729966334,-0.12399575564650589,0.026702629804450373,0.20404585300067424,0.11571139581928525,-0.4511126095751854,-0.6829100892244337,0.3050736497545008,-0.14422060031090436
2019-08-08,1565222400,0.0007233,0.0006547,0.0007051,19292951.87,13740.43,0.0007122,multiply,ETH,2019-08-08 02:00:00,0.010069493688838582,4867,63669,3,6,4,67437,0,11.2,9999998120.00006,-0.010830506311161416,13740.440321814,False,False,0.008939765791880635,7121998.661064042,-0.00033465047298212474,0.44115723987890376,-0.01705854277919058,0.0848328714137601,7.639434031942552e-07,0.007461935115557337,0.05445640201002935,0.08813774435167293,0.07129707318085114,-23.892729505187972,2.999677633807576e-07,3073.5848935021763,0.5277694610778443,0.20243070001323288,0.4958940661673926,0.5198826846724367,0.06438803006665705,-0.081400636653024,0.115961800818554,-0.015309989389116208,-0.48673639533121094,-0.5389698407319552,0.153536195637071,-0.14422060031090436
2019-08-09,1565308800,0.000743,0.0006756,0.0007122,10242108.04,7587.91,0.0007409,multiply,ETH,2019-08-09 02:00:00,0.04029766919404665,4870,63671,2,8,5,67442,0,313659.48,9999998120.00006,0.01979766919404665,7588.377846835999,False,False,0.008593738962093382,7408998.6071080435,-0.00042320792571196643,0.4365499694224001,-0.014926770230882425,0.08514726788848213,1.3740442905017184e-06,0.007481931557882685,0.01354525843414731,0.05747197464736956,0.03550861654075844,-13.005370643056912,3.0735854713362267e-07,3063.611817402908,0.5330838323353293,0.20243070001323288,0.4197829554097256,0.4507865392569636,0.009969109800617826,0.033612253581052354,0.21557225925400658,-0.00680754502907388,-0.28818607289746145,-0.5096021947873801,0.19167104571728844,-0.14422060031090436
2019-08-10,1565395200,0.0008436,0.0007033,0.0007409,11334789.93,8697.04,0.0007673,multiply,ETH,2019-08-10 02:00:00,0.035632339047104944,4878,63671,0,21,17,67459,0,863126.523476836,9999998120.00006,0.015132339047104947,8697.184313288999,False,False,0.008298059685931171,7672998.557476045,-0.000383400136544805,0.2281681125821701,-0.013954858192461807,0.08383084694489408,7.588379273451258e-07,0.007980983375832147,0.0,0.0329716040779104,0.0164858020389552,-6.9784845136117735,3.0636123933620203e-07,3063.326378254205,0.5545658682634731,0.20243070001323288,0.43778223413199235,0.46596282072506057,0.03873667161560268,-0.016287559674248886,0.21131704577365895,-0.040859309182813774,-0.23616961527660774,-0.41294521786295424,0.25315789473684214,-0.14422060031090436
2019-08-11,1565481600,0.0009305,0.0007574,0.0007673,8478904.04,6458.32,0.0007617,multiply,ETH,2019-08-11 02:00:00,-0.007298318780138091,4879,63674,3,14,9,67468,0,1353101.02942222,9999998120.00005,-0.02779831878013809,6458.381207267999,False,False,0.008359460676212935,7616998.568004038,-0.000761818032033419,0.22524467640931878,-0.013545467100204517,0.08373992475854991,8.697185948359914e-07,0.00892822520308462,0.0,0.0329716040779104,0.0164858020389552,-6.701868355279013,3.0633269541596544e-07,3054.961781092735,0.5743263473053892,0.20243070001323288,0.3997382081557054,0.4323364490044916,0.03440635996350838,0.041166149277905184,0.19179376434066664,0.01525172088001081,-0.05479821838304777,-0.3679900302652661,0.23894491854150512,-0.14422060031090436
2019-08-12,1565568000,0.0007838,0.0007184,0.0007617,5038286.51,3832.16,0.0007606,multiply,ETH,2019-08-12 02:00:00,-0.0014441381121177432,4880,63675,1,4,2,67470,0,40001.6,9999998120.00005,-0.02234413811211774,3832.1207195059997,False,False,0.008371681826308432,7605998.570072037,-0.0017066901270316572,0.22364780186594035,-0.013168991765824332,0.08369552785603905,6.458382421443862e-07,0.008984809430180344,0.03186155937621546,0.04462642541060941,0.03824399239341243,0.4388795006785653,3.0549623554256397e-07,3133.67327616704,0.5701347305389222,0.20243070001323288,0.3364991583899681,0.3729955345686241,-0.007351975843507885,0.03362439723706501,0.21517007689300138,0.05408575524566661,-0.0014335983318130019,-0.2620240480961924,0.3327835574727226,-0.14422060031090436
2019-08-13,1565654400,0.0007844,0.0006884,0.0007606,1824150.04,1293.88,0.0007093,multiply,ETH,2019-08-13 02:00:00,-0.06744675256376542,4892,63675,0,30,22,67492,0,947993.944090955,9999998120.00005,-0.08794675256376541,1293.869623372,False,False,0.008977162268560825,7092998.666516035,-0.002083994240694984,0.97989166386154,-0.010025563734801662,0.06782272601736389,3.8321214399448115e-07,0.006769465521162004,0.04579302075147864,0.3321062665559037,0.18894964365369116,3.643573758015801,3.1336738652977083e-07,3280.605202782174,0.569311377245509,0.17833905679176354,0.20247531900224908,0.2531397287572811,-0.0014462266631607434,0.1339109885781804,0.05251411316791388,0.12445844820795593,0.007877116975187115,-0.5360345400199269,0.2914657980456026,-0.14422060031090436
2019-08-14,1565740800,0.001222,0.0005874,0.0007093,35172779.89,37322.83,0.001061,multiply,ETH,2019-08-14 02:00:00,0.4958409699703936,4901,63678,3,35,38,67530,0,2996360.23992058,9999998120.00006,0.47604096997039363,37318.319463290005,False,False,0.006001697641042966,10609998.005320063,-1.879773898763498e-05,-0.35436176596536284,-0.007919796169810471,0.10488507943733277,1.2938698666195272e-07,0.011263242977568897,0.30833528015322337,0.4773890482800204,0.3928621642166219,-7.046794080860913,3.280605819536049e-07,6307.612573953588,0.5309131736526946,0.47604096997039363,0.6217072704936797,0.6426834752485514,-0.07232482729451561,0.0729687089140153,0.062056271364712035,0.23836444911911636,-0.21614514856692102,-0.0020784259387556236,0.3348123732251521,-0.14422060031090436
2019-08-15,1565827200,0.00125,0.0006268,0.001061,62152468.04,44458.41,0.0007153,multiply,ETH,2019-08-15 02:00:00,-0.3258246936852027,4902,63680,2,21,24,67554,0,1583264.50744437,9999998120.00005,-0.3466246936852027,44457.660389011995,False,False,0.008902560040799935,7152998.655236036,-2.5223904764083453e-05,-0.22478793588333018,-0.014905238988718792,0.12367744429773336,3.73183264791352e-06,0.016371679943039927,0.29869226501316976,0.24003128399340526,0.2693617745032875,-17.032144128223877,6.307613759784944e-07,9062.752920538092,0.7941616766467067,0.47604096997039363,0.5815756030059749,0.6528811544609283,0.33147973609802084,-0.004088537995206476,0.039334555195262855,0.17834484703228537,-0.019596785563231522,0.08088029156153642,0.33975258257875285,-0.1837204201152749
2019-08-16,1565913600,0.0007398,0.0006897,0.0007153,58793647.33,41532.54,0.0007064,multiply,ETH,2019-08-16 02:00:00,-0.012442331888717906,4903,63680,0,8,5,67559,0,394568.13254,9999998120.00005,-0.0329423318887179,41531.832473912,False,False,0.009014724231574452,7063998.671968035,-0.00010562141126644735,-0.229037022030534,-0.015708875094047087,0.12372265715076884,4.4457668747053495e-06,0.01621150680316854,0.007379472317902114,0.08403152381708281,0.04570549806749247,-23.695092463377318,9.062754624335915e-07,10737.735269854726,0.5354041916167664,0.47604096997039363,0.5363801430335424,0.6308581987569997,-0.48329372291346306,0.30169651272384557,0.31781338360037703,0.44373232799246,0.38199811498586245,0.017023774581743423,0.3442002442002442,-0.1837204201152749
2019-08-17,1566000000,0.0007985,0.0007001,0.0007064,70050823.09,53331.72,0.0007613,multiply,ETH,2019-08-17 02:00:00,0.07771800679501695,4904,63682,2,11,7,67566,0,187472.224603029,9999998120.00005,0.05721800679501695,53329.691618417004,False,False,0.008364903713676333,7612998.568756038,-4.790330158016572e-05,-0.4406860530481961,-0.02005738107183729,0.12350670744030132,4.1531840281897764e-06,0.016383337671368778,0.0030910260826925175,0.03390944695840362,0.01850023652054807,-13.905418876123193,1.0737737288549281e-06,13196.413697267855,0.52874251497006,0.47604096997039363,0.5415267025835476,0.6510173073495302,-0.012599093997734956,-0.07269677058576818,0.0068502726128896185,0.18467775758423044,0.06360967426254716,0.01920420005526402,0.3448716311150849,-0.1837204201152749
2019-08-18,1566086400,0.0009446,0.0007927,0.0007613,66305722.57,56823.21,0.000857,multiply,ETH,2019-08-18 02:00:00,0.12570602916064622,4904,63682,0,9,7,67573,0,728819.139686229,9999998120.00005,0.10520602916064623,56824.00424249,False,False,0.007430806531180623,8569998.388840042,-3.6495302073460235e-05,-0.5509368095312697,-0.019728363784889336,0.12499026284157802,5.332970164440065e-06,0.016574258479981823,0.08142369116268926,0.005235593253560634,0.04332964220812494,2.8148514645548683,1.319641617819403e-06,15444.241852502264,0.5698353293413174,0.47604096997039363,0.5225182437295484,0.6364943848242142,0.07211349008275314,-0.07828425821064555,-0.049688561721404234,0.21701585503963772,-0.0049546998867495695,-0.04349662162162149,0.40968318855390906,-0.14422060031090436
2019-08-19,1566172800,0.0009433,0.0007814,0.000857,77044953.85,65971.97,0.0008563,multiply,ETH,2019-08-19 02:00:00,-0.0008168028004666983,4906,63684,2,13,13,67586,0,466917.454345552,9999998120.00006,-0.0214168028004667,65973.593981755,False,False,0.007437114559452747,8562998.390156051,-0.00010777210143353522,-0.5371589801437555,-0.018357882737654686,0.12490311889193564,5.682401492540448e-06,0.017000420097883488,0.1034002654952367,0.03127178845258817,0.06733602697391244,4.455383501503425,1.5444244756020197e-06,18035.53215090143,0.6414670658682635,0.47604096997039363,0.51670991430917,0.632729774376534,0.1116686114352392,0.0009194798371208179,0.13345593064494943,0.2621831078418494,0.026270852489163388,0.016048550236008152,0.3406096100093172,-0.14422060031090436
2019-08-20,1566259200,0.0008943,0.0008216,0.0008563,27101593.06,23864.15,0.0008805,multiply,ETH,2019-08-20 02:00:00,0.02826112343804743,4906,63685,1,4,2,67588,0,500154.7929,9999998120.00006,0.007761123438047433,23862.95268933,False,False,0.007232823619850299,8804998.344660051,-0.00014944789923101656,-0.5095891334105361,-0.016237561480407142,0.12492686167986741,6.597360638479261e-06,0.017084044871531284,0.042688120080452543,0.05684697504923095,0.049767547564841745,-4.755561957755798,1.8035535541582017e-06,18086.329980882903,0.6409431137724552,0.47604096997039363,0.39113553439781473,0.5060004995656529,-0.0008174705126706705,0.1723453908984831,0.17724620770128363,0.3012835472578763,0.14865810968494753,-0.10019705926936484,0.3671125523577895,-0.14422060031090436
2019-08-21,1566345600,0.0009984,0.0008167,0.0008805,14564033.16,13340.58,0.000916,multiply,ETH,2019-08-21 02:00:00,0.040318001135718484,4907,63686,1,13,15,67603,0,863121.809425773,9999998120.00006,0.020018001135718486,13340.654374560001,False,False,0.006952621394429026,9159998.277920054,-0.00024068963495359202,-0.6168601955804696,-0.014568856437967886,0.12328870338567326,2.3862957175565806e-06,0.017570020844800673,0.06270184360606101,0.07776277194419418,0.0702323077751276,-0.07474364613065987,1.8086333381113477e-06,18085.96172294054,0.6590568862275449,0.47604096997039363,0.32918532777143933,0.4415324964536539,0.0274843838727995,-0.239051734205302,0.16828214410837328,0.2967417960994979,0.15239985986219795,0.054176712523046344,0.27742032021547214,-0.14422060031090436
2019-08-22,1566432000,0.0009709,0.0008583,0.000916,47694353.66,41301.38,0.000866,multiply,ETH,2019-08-22 02:00:00,-0.05458515283842802,4907,63686,0,8,6,67609,0,753497.071166667,9999998120.00006,-0.07558515283842802,41303.310269559996,False,False,0.007354042952998831,8659998.371920051,-7.040581832950896e-05,-0.7647092591924074,-0.014369483856202698,0.11996160920451554,1.3340656882603416e-06,0.017661256246030446,0.0770416454636369,0.08007756987933191,0.0785596076714844,-10.727462278827543,1.8085965123101887e-06,18621.31024125623,0.6856287425149701,0.47604096997039363,0.44445444630055586,0.5584456373976074,0.03875545851528395,0.18762067007382166,0.15854628052243047,0.18035207268597386,0.24258943781942077,0.18660488626790217,0.20311410643736927,-0.14422060031090436
2019-08-23,1566518400,0.001049,0.0008194,0.000866,49814404.69,47412.83,0.0009518,multiply,ETH,2019-08-23 02:00:00,0.09907621247113174,4912,63691,5,31,45,67654,0,1675167.20073827,9999998119.99984,0.07837621247113175,47413.350383942,False,False,0.006691638156536171,9517998.210615847,-4.875980885863537e-05,-0.7735305666871037,-0.010292262367386762,0.12094596935775141,4.130331803458445e-06,0.018417706924072602,0.037733534852776446,0.17295729049044528,0.10534541267161086,-2.3162307854149677,1.862131374206315e-06,19230.303145298458,0.6482035928143713,0.47604096997039363,0.45085862953965494,0.5656666627239253,-0.05773672055427248,0.22882096069868996,0.16233624454148476,0.2211790393013101,0.36757641921397377,0.2133891213389122,0.5017555059048835,-0.14422060031090436
2019-08-24,1566604800,0.001125,0.0009191,0.0009518,45533669.28,51246.38,0.001125,multiply,ETH,2019-08-24 02:00:00,0.18197100231140984,4913,63692,1,17,13,67667,0,318034.135356206,9999998119.99988,0.16127100231140984,51225.37794,False,False,0.005661512175475469,11249997.884999864,-3.32629645906069e-05,-0.7731585515067583,-0.005002110052809249,0.12375671501067514,4.741335929765412e-06,0.01870525015195721,0.04834976202517367,0.23326494990350827,0.14080735596434096,0.1410706018337553,1.9230306760596103e-06,19897.59393304575,0.7124251497005989,0.47604096997039363,0.448831772726103,0.565207927228176,0.09014498844295027,0.12090069284064664,0.12043879907621247,0.21316397228637418,0.3270207852193996,0.23080933142186877,0.45096533567354113,-0.14422060031090436
2019-08-25,1566691200,0.001265,0.0009422,0.001125,52684451.72,50230.61,0.0009534,multiply,ETH,2019-08-25 02:00:00,-0.1525333333333333,4918,63695,3,25,36,67703,1,55921680.3240139,9999998120.00001,-0.1732333333333333,50229.356269847995,False,False,0.006680827771623893,9533998.207608009,-3.743572020877004e-05,-0.642574080694437,-0.007347578127821496,0.1279362639318803,5.122538757037282e-06,0.019826871018037883,0.0456675747778782,0.1242627412806163,0.08496515802924726,2.0092329242777023,1.9897597673794088e-06,20378.662341834035,0.8420658682634731,0.47604096997039363,0.43690358276607427,0.5542872919345153,0.1539555555555554,0.09960075646144151,0.20088253834839265,0.23954612313511248,0.37991174616516077,0.2343442300118157,0.43556317895940544,-0.16392764507422394
2019-08-26,1566777600,0.001003,0.0009272,0.0009534,36028568.69,34492.92,0.0009574,multiply,ETH,2019-08-26 02:00:00,0.004195510803440383,4918,63696,1,10,10,67713,0,376134.35774783,9999998120.00001,-0.016704489196559615,34493.751663806,False,False,0.006653019842787778,9573998.20008801,-0.000158687875850697,-0.7621007992055243,-0.0060509181713364,0.1265206287535215,5.02293657129687e-06,0.019903723072336198,0.0064915833522399035,0.19576629526242434,0.10112893930733212,3.068368634290424,2.037866617302325e-06,20230.733474632936,0.713622754491018,0.47604096997039363,0.3904313856368666,0.5079356629047771,-0.17998741346758962,0.2388444444444443,0.3695111111111111,0.36853333333333327,0.48160000000000003,0.27281093873257956,0.40293637846655794,-0.16392764507422394
2019-08-27,1566864000,0.001239,0.0009321,0.0009574,38140861.73,46188.2,0.001211,multiply,ETH,2019-08-27 02:00:00,0.2648840609985379,4919,63698,2,10,8,67721,0,115645.606587163,9999998120.00001,0.2441840609985379,46188.583555029996,False,False,0.005259951443040973,12109997.723320013,-2.8761718852291276e-05,-0.7903728610226467,0.0011693993001733749,0.1323064000772268,3.4493758148632495e-06,0.020471216498550736,0.04905349868436276,0.27129496439155704,0.1601742315379599,-4.662175426360166,2.023073727801152e-06,20369.86317812106,0.7166167664670658,0.47604096997039363,0.4154576385154937,0.5341006364053908,0.00417798203467723,0.07646318439269983,-0.1128592406125446,0.22225718481225087,0.41986574365428997,0.20809248554913284,0.3051790059089329,-0.16392764507422394
2019-08-28,1566950400,0.001121,0.0008893,0.001211,16133051.62,14932.81,0.0009256,multiply,ETH,2019-08-28 02:00:00,-0.23567299752270854,4919,63700,2,14,14,67735,0,755673.870471211,9999998120.00001,-0.25637299752270853,14932.752579471999,False,False,0.006882023765730575,9255998.259872008,-9.67879184241771e-05,-0.32973959063989966,-0.0020125536939321195,0.1425827363431806,4.61885922384853e-06,0.020726144746716624,0.042561915332122856,0.10635817321134486,0.07446004427173386,2.620669950330317,2.0369867007656036e-06,20152.206844919787,0.9064371257485031,0.47604096997039363,0.2953027975663636,0.4119247066054283,0.20941370767960366,0.04324211405890943,0.2528723626488406,0.3109463129308543,0.413306872780447,0.435626767200754,0.26423902894491125,-0.19742092814371257
2019-08-29,1567036800,0.0009563,0.0007958,0.0009256,2637667.6,2508.92,0.0009512,multiply,ETH,2019-08-29 02:00:00,0.02765773552290418,4916,63701,1,12,8,67743,0,297579.425259294,9999998120.00001,0.00665773552290418,2508.9494211200004,False,False,0.00669691042638669,9511998.211744009,-0.0014300207864662022,-0.32501990340681675,-0.0016399224380761273,0.14256799578173568,1.4932755386829997e-06,0.021392767717379208,0.0,0.0,0.0,-6.2924268676770705,2.015221063353536e-06,20262.902241941116,0.692814371257485,0.47604096997039363,0.11432429526969339,0.2276211574520263,-0.308340535868626,0.2848885218827416,0.4166804293971924,0.41775392237819986,0.5055326176713459,0.15811547602404585,0.27363367799113736,-0.19742092814371257
2019-08-30,1567123200,0.001038,0.0008578,0.0009512,1825544.04,1596.66,0.0008746,multiply,ETH,2019-08-30 02:00:00,-0.0805298570227082,4915,63703,2,11,8,67751,0,175139.414328525,9999998120.00001,-0.10152985702270821,1596.620817384,False,False,0.007283673905347152,8745998.355752008,-0.001577786811496994,-0.5843245151026009,-0.01682833418218673,0.1379764541228551,2.508949892802578e-07,0.021745129606079557,0.07993826813292751,0.11616691579941388,0.0980525919661707,-3.1671563910727425,2.026290605136743e-06,20474.02639518279,0.7119760479041917,0.47604096997039363,0.06914975955132241,0.18143473947206198,0.02691337258200177,-0.028305963699222225,0.17750648228176313,0.23055315471045812,0.3493949870354365,-0.02165911664779152,0.3103071506616487,-0.19742092814371257
2019-08-31,1567209600,0.00106,0.0008332,0.0008746,702085.01,588.61,0.0008384,multiply,ETH,2019-08-31 02:00:00,-0.04139034987422818,4916,63706,3,12,8,67759,0,184501.064401661,9999998120.00001,-0.06239034987422819,588.628072384,False,False,0.007598522420888621,8383998.4238080075,-0.005410390142027589,-0.5861672967032047,-0.018453388713659702,0.1383324525905844,1.5966211175487687e-07,0.022234637949191723,0.07993826813292751,0.19441808379616987,0.13717817596454868,2.4687636871244862,2.047403024430045e-06,20796.673356623116,0.6546407185628743,0.47604096997039363,-0.030494126448442127,0.07886407266334615,-0.08758289503773153,-0.18271656854499563,0.09903280067283438,0.221089150546678,0.24127417998317913,0.06291869171154607,0.3387630128597673,-0.19742092814371257
2019-09-01,1567296000,0.000924,0.0007902,0.0008384,378830.8,309.76,0.0008177,multiply,ETH,2019-09-01 02:00:00,-0.024689885496183228,4918,63708,2,8,5,67764,0,255119.590868,9999998120.00001,-0.04568988549618323,309.76994515999996,False,False,0.00779112290291136,8176998.462724008,-0.0119487434824694,-0.5189432893869241,-0.01586903538816167,0.1379549457471519,5.886281830460979e-08,0.02257887742620343,0.03622795701611397,0.11563163008049952,0.07592979354830674,8.091958516291943,2.0796677266398413e-06,20938.576961217925,0.6275449101796408,0.47604096997039363,-0.09338786100155826,0.012941560364700334,-0.043177480916030575,-0.09009833066544704,0.02092385090326998,0.12268465584267096,0.1843128287217014,0.20490081680280048,0.29773421588594706,-0.19742092814371257
2019-09-02,1567382400,0.001146,0.000774,0.0008177,128717.41,108.6,0.0008437,multiply,ETH,2019-09-02 02:00:00,0.031796502384737746,4918,63709,1,4,2,67766,0,18267.9295829,9999998120.0,0.010796502384737745,108.598878817,False,False,0.00755114519109805,8436998.413844,-0.03175354129536959,-0.4552416773585126,-0.014588866704881444,0.13793693530758805,3.097700033967606e-08,0.02564545507157725,0.08037748132129847,0.08590221145727145,0.08313984638928495,8.102327150153855,2.09385808976711e-06,21180.89337536882,0.6120508982035928,0.47604096997039363,-0.19807083778360896,-0.09457583069358431,-0.02531490766784894,-0.14193702290076327,-0.050214694656488534,0.09148377862595414,0.1872614503816794,0.15473548989840014,0.2996188055908514,-0.19742092814371257
2019-09-03,1567468800,0.0009673,0.000738,0.0008437,1016990.2,843.46,0.0008294,multiply,ETH,2019-09-03 02:00:00,-0.016949152542372836,4922,63712,3,11,7,67773,0,4634394.42246146,9999998120.0,-0.037549152542372836,843.4916718799999,False,False,0.007681699056891518,8293998.440728,-0.004834117016019356,-0.49421495768296164,-0.015497406209020142,0.1379631066115609,1.0859889923359305e-08,0.026653988794830254,0.10761147361739973,0.07078426944329416,0.08919787153034694,-4.652177074658498,2.1180897357377494e-06,21216.467203622513,0.6315119760479042,0.47604096997039363,0.009104279762942126,0.11788954029240822,0.03081664098613246,-0.4809832456891281,-0.12021523786229671,0.06983001100648167,0.11483429130487943,0.19318568994889262,0.26503369621565587,-0.19742092814371257
2019-09-04,1567555200,0.0009503,0.0007963,0.0008294,389791.27,325.4,0.0008348,multiply,ETH,2019-09-04 02:00:00,0.006510730648661811,4922,63712,0,0,0,0,0,0.0,9999998120.0,-0.013989269351338186,325.397752196,False,False,0.007632009101324658,8347998.430576,-0.015471230395007989,-0.7589065791551188,-0.025079490855741928,0.13665182305722162,8.43491830456464e-08,0.02719320838712208,0.06346194931221523,0.09673812847718244,0.08010003889469883,-9.353193367516274,2.1216471192319067e-06,21474.581634980994,0.6208083832335329,0.47604096997039363,-0.08635480059223098,0.02090995807121755,-0.01724137931034475,-0.09707241910631748,-0.026431195922721473,0.15929832878985428,0.15799454782505618,0.19050218340611358,0.400374251497006,-0.19742092814371257
2019-09-05,1567641600,0.0008318,0.0007638,0.0008348,100777.5,76.97,0.0007638,multiply,ETH,2019-09-05 02:00:00,-0.08505031145184472,4922,63712,0,2,1,67774,0,134628.55374,9999998120.0,-0.10555031145184471,76.9738545,False,False,0.008341452209722211,7637998.564056001,-0.03201752483580942,-0.49454984313646455,-0.016345607875842095,0.13304985800574906,3.253978133707889e-08,0.02723218824206247,0.0,0.16078808511306314,0.08039404255653157,-4.120843241352263,2.1474585672203073e-06,21632.1207374429,0.6248502994011976,0.47604096997039363,-0.2294370491715828,-0.12541777044281796,0.006468615237182562,-0.14685314685314688,-0.1475765613696649,-0.2792380033759345,0.10598022666988183,0.2382217090069284,0.15204460966542754,-0.19742092814371257
2019-09-06,1567728000,0.0007609,0.0006796,0.0007638,358343.1,245.34,0.0006847,multiply,ETH,2019-09-06 02:00:00,-0.10356114166012043,4922,63712,0,2,1,67775,0,62345.7257651,9999998120.0,-0.12406114166012042,245.35752057,False,False,0.009305098872186104,6846998.712764,-0.009241995496000573,-0.5422516352190178,-0.02751246454993331,0.13267140591113244,7.697386897108736e-09,0.02719761708854013,0.022944561323208663,0.10097131467888612,0.06195793800104739,4.444151641373264,2.163212480428233e-06,21842.286936252847,0.5717065868263473,0.47604096997039363,-0.11238710155278145,-0.004657118725255473,-0.092956271275203,-0.04767609008145657,-0.34762817441303295,0.14314805941542885,0.2097508385241974,0.25919310779575544,0.1950448613376835,-0.19742092814371257
2019-09-07,1567814400,0.0007579,0.0007079,0.0006847,105439.3,75.21,0.0007133,multiply,ETH,2019-09-07 02:00:00,0.04177011829998545,4922,63712,0,0,0,0,0,0.0,9999998120.0,0.02127011829998545,75.20985269,False,False,0.008932007847730022,7132998.658996001,-0.04222284653834241,-0.4860172075837331,-0.022342089549140534,0.13317834233184225,2.4535756669722254e-08,0.027184511012972826,0.022944561323208663,0.014658837973239178,0.01880169964822392,-9.221139793290384,2.184229104260353e-06,22157.398352447588,0.5125000000000001,0.47604096997039363,-0.22952370693230723,-0.12360921142173752,-0.11552504746604364,-0.09766954700183295,-0.24823252160251363,0.07515056297460065,0.07685257920921718,0.36693333333333333,0.12672024661455472,-0.16392764507422394
2019-09-08,1567900800,0.0009029,0.000723,0.0007133,121823.77,96.94,0.0007957,multiply,ETH,2019-09-08 02:00:00,0.11551941679517719,4924,63714,2,4,2,67777,0,2001.6,9999998120.0,0.0950194167951772,96.935173789,False,False,0.008007290684709597,7956998.504083999,-0.02226556747158263,-0.45818069578150833,-0.019581536651371245,0.13403919070868955,7.520986682945497e-09,0.02790730193692566,0.08521614888731618,0.06291775619000872,0.07406695253866245,6.731414912350008,2.2157402518039226e-06,22358.575172487323,0.5339071856287426,0.47604096997039363,-0.20177668275854319,-0.09611593992524899,0.04009533155754952,-0.19424565503140068,-0.39827661749671384,-0.11187381334891189,-0.040163575288447495,0.22288651143276694,0.13312130849613812,-0.16392764507422394
2019-09-09,1567987200,0.0008952,0.0007396,0.0007957,3282726.33,2499.26,0.0007613,multiply,ETH,2019-09-09 02:00:00,-0.04323237401030533,4924,63714,0,10,8,67785,0,523760.444599995,9999998120.0,-0.06363237401030533,2499.139555029,False,False,0.00836910705086487,7612998.568756,-0.0012568988633240563,-0.5043955426678693,-0.021250784831716323,0.13429781299488722,9.69351920128161e-09,0.028036531586238967,0.08521614888731618,0.1192380755871467,0.10222711223723144,6.868643757589096,2.235857937590021e-06,22505.45774711015,0.5955838323353294,0.47604096997039363,0.12403089402557295,0.23779042316100182,0.10355661681538264,-0.18281228094770774,-0.6977428851815506,-0.20145801205663805,-0.03869339688770501,0.1985585961980364,0.06282789507357645,-0.16392764507422394
2019-09-10,1568073600,0.000783,0.0007146,0.0007613,12764534.63,9282.89,0.0007272,multiply,ETH,2019-09-10 02:00:00,-0.04479180349402345,4926,63716,2,8,5,67790,0,140675.315348,9999998120.00001,-0.06519180349402345,9282.369582936,False,False,0.008761827829841886,7271998.632864007,-0.0003345837597042065,-0.3893701041516009,-0.023178824734224796,0.1343539710447073,2.4991400248673224e-07,0.02703010072137447,0.0,0.10541742484892572,0.05270871242446286,0.6025009551829079,2.2505461978136963e-06,22448.419516383645,0.5698353293413174,0.47604096997039363,0.2558420363760069,0.37259157680383126,-0.0451858662813609,-0.0423526454693981,-0.16325248209124044,-0.07615935654141026,0.03569184365967082,0.3710156895127994,0.055700156168662196,-0.16392764507422394
2019-09-11,1568160000,0.0007407,0.0006943,0.0007272,10291815.34,7145.48,0.0006943,multiply,ETH,2019-09-11 02:00:00,-0.045242024202420184,4927,63717,1,11,8,67798,0,8135173.5873125,9999998120.00001,-0.06534202420242018,7145.607390562,False,False,0.009177158573930318,6942998.6947160065,-0.00043323523332401643,-0.37266797978870825,-0.021517277841593754,0.1340839688222649,9.282371328021801e-07,0.02695334481498928,0.0,0.10868743817918794,0.05434371908959397,3.905775172135966,2.244842373668727e-06,22369.048500969006,0.544311377245509,0.47604096997039363,0.22935727746485376,0.3458370886593017,-0.04689218921892202,-0.096545382897675,-0.2494417443846053,-0.15657428083541314,-0.0005254170497832611,0.1782627484874676,0.040227603546380775,-0.16392764507422394
2019-09-12,1568246400,0.0007066,0.0006541,0.0006943,268342.89,175.52,0.0006541,multiply,ETH,2019-09-12 02:00:00,-0.05790004320898745,4928,63721,4,11,8,67806,0,224774.9209275,9999998120.00001,-0.07780004320898745,175.52308434900002,False,False,0.00974178443350408,6540998.770292006,-0.016231694871937135,-0.6886605981332345,-0.024360229118259514,0.13127271332335627,7.145608733936435e-07,0.026811851310103073,0.018696227676022616,0.07348293683295921,0.04608958225449092,2.9631930029745526,2.2369052706350875e-06,22403.841592429253,0.519685628742515,0.47604096997039363,-0.14114944215074318,-0.03363228545758086,-0.047385856258101766,-0.0503300330033003,-0.2026952695269526,-0.2596259625962596,-0.04592959295929577,0.2543103448275863,0.19891891891891889,-0.16392764507422394
2019-09-13,1568332800,0.0006899,0.0006554,0.0006541,380519.67,261.15,0.0006863,multiply,ETH,2019-09-13 02:00:00,0.04922794679712594,4930,63722,1,6,3,67809,0,366983.104964597,9999998120.00001,0.029327946797125942,261.150649521,False,False,0.009284862593579803,6862998.7097560065,-0.011530868477409834,1.3472232192351257,0.00048582961694921276,0.09637308753900517,1.755231173473459e-08,0.020617441720155356,0.018696227676022616,0.013892604105558995,0.016294415890790805,3.2994595208919932,2.2403845804352226e-06,22524.964263782265,0.4895958083832336,0.2441840609985379,-0.10129017430579462,0.008262605710839128,-0.061458492585231506,0.013826875990205933,-0.2075471698113207,-0.2472994382831628,-0.02160449373469664,-0.21312600045735208,0.06485066371681414,-0.16392764507422394
2019-09-14,1568419200,0.0007443,0.000714,0.0006863,494138.53,359.37,0.0007273,multiply,ETH,2019-09-14 02:00:00,0.059740638204866636,4930,63722,0,6,4,67813,0,946465.5347,9999998120.00001,0.039840638204866635,359.38695286899997,False,False,0.008761448092910518,7272998.632676006,-0.007840414797243284,1.0296712388274432,0.003186177726471218,0.09010202878370065,2.611506986173311e-08,0.01533094492973149,0.009306487420246555,0.014167810074695813,0.011737148747471185,4.558188083879214,2.2524968498476313e-06,22343.558918543757,0.5136976047904193,0.2441840609985379,-0.06350401279954974,0.04200937513978385,0.04691825732187094,-0.09050603883198294,-0.2501146613667635,-0.45512918513988687,-0.622076135147531,0.14682729007633588,-0.09623303339942058,-0.16392764507422394
2019-09-15,1568505600,0.0007579,0.0006802,0.0007273,697348.56,512.68,0.0007352,multiply,ETH,2019-09-15 02:00:00,0.010862092671524826,4932,63723,1,11,12,67825,0,444204.807882128,9999998120.00001,-0.009037907328475175,512.690661312,False,False,0.00866743906146983,7351998.617824007,-0.008821062346082695,1.0941877631208492,0.00657552889853094,0.08962995900053004,3.593870204337595e-08,0.015445947501041838,0.0479437840046145,0.030115081495166514,0.03902943274989051,8.496087398578688,2.2343563119133596e-06,22171.49220269153,0.5443862275449102,0.2441840609985379,-0.020601424876275115,0.07939025157723469,0.05637288601677426,-0.15940550779542462,-0.22934576715721966,-0.6392248287920732,-0.042255573364417875,0.13611348905466547,-0.09316213795162742,-0.16392764507422394
2019-09-16,1568592000,0.0007993,0.0006766,0.0007352,1477816.99,1052.59,0.0007123,multiply,ETH,2019-09-16 02:00:00,-0.031147986942328565,4933,63725,2,4,2,67827,0,197402.5,9999998120.00001,-0.051947986942328564,1052.649041977,False,False,0.008946372593050988,7122998.660876007,-0.0032955007055020732,1.13070909914087,0.004362025159571385,0.08908344675610341,5.126907576978619e-08,0.015632276850461767,0.06970041177111536,0.06786295168735701,0.06878168172923618,10.339454657490329,2.2171496370932828e-06,21328.259491687528,0.5502994011976048,0.2441840609985379,0.05877721429474012,0.15382277519689452,0.010745375408052316,-0.04674824694073987,-0.1403822356661626,-0.31087584215591924,0.02873642238416052,0.09766504681758914,-0.07846175517678544,-0.16392764507422394
2019-09-17,1568678400,0.0007484,0.0006798,0.0007123,376840.2,258.54,0.0006861,multiply,ETH,2019-09-17 02:00:00,-0.03678225466797691,4933,63725,0,7,4,67831,0,409008.968112275,9999998120.00001,-0.057782254667976915,258.55006122000003,False,False,0.009288006410188338,6860998.710132007,-0.012774082298154864,1.2153871480993277,0.00023886905769523125,0.08503281107699208,1.0526492398750561e-07,0.015188071047672003,0.031063115186747415,0.051915680266886303,0.04148939772681686,3.206347619721919,2.1328263501401063e-06,20081.662213327494,0.5331586826347305,0.2441840609985379,-0.07134647051473428,0.011288699193553879,-0.032149375263231805,0.01088139281828071,-0.1354733405875952,-0.30223068552774746,-0.03550054406964098,-0.03327706775982642,-0.022662889518413776,-0.16392764507422394
2019-09-18,1568764800,0.0007199,0.000642,0.0006861,281732.97,195.71,0.0006946,multiply,ETH,2019-09-18 02:00:00,0.012388864596997395,4933,63725,0,4,2,67833,0,325208.26009,9999998120.0,-0.007011135403002605,195.69172096199998,False,False,0.009174346671509107,6945998.694151999,-0.022438134861378394,1.1586568478018653,-5.196675061460409e-06,0.08528341868493551,2.5855010982742067e-08,0.014880957344796128,0.0,0.0,0.0,5.576401055008098,2.008166598868072e-06,17730.74198654675,0.5135479041916168,0.2441840609985379,-0.08706414280054886,-0.0159940822273559,-0.03818685322839244,0.025270251298610158,-0.07230099677102353,-0.700126351256493,-0.20314474238382707,-0.025754671777671323,0.02343749999999989,-0.16392764507422394
2019-09-19,1568851200,0.0007382,0.0006873,0.0006946,71602.41,49.22,0.0006873,multiply,ETH,2019-09-19 02:00:00,-0.010509645839332005,4935,63727,2,7,4,67837,0,440647.70535,9999998120.00001,-0.030609645839332,49.212336393,False,False,0.009272080893449467,6872998.707876006,-0.09256747649159772,1.3138304334102944,0.005848869581106661,0.08435823581723148,1.9569175775205024e-08,0.014898061884810165,0.016069091354725624,0.02670977702226176,0.02138943418849369,6.099291118075328,1.773074531992693e-06,17702.245025608565,0.5199101796407185,0.2441840609985379,-0.2117386465736821,-0.15593090530984086,0.012237258854016608,0.04664043142399066,0.002040518874799613,-0.34907447893892996,-0.24806879463635045,-0.15278868813825608,-0.43427941581702956,-0.16392764507422394
2019-09-20,1568937600,0.0007879,0.0006548,0.0006873,11301323.26,7868.54,0.0006962,multiply,ETH,2019-09-20 02:00:00,0.012949221591735949,4935,63727,0,0,0,0,0,0.0,9999998120.00001,-0.006550778408264051,7867.981253612,False,False,0.00915354955195033,6961998.691144006,-0.000552456781641921,1.4849962966814143,0.007772174323011078,0.0839247685239096,4.921234564492094e-09,0.014900933520069876,0.07665137205054756,0.07603728586623515,0.07634432895839136,-4.603956775458705,1.7702248353631323e-06,17704.590700429635,0.5144461077844311,0.2441840609985379,0.31417774255899467,0.363381078378657,-0.010621271642659691,0.011949323351569174,-0.02692196947883696,-0.36942124964008083,-0.2676360495249064,-0.3378121805170149,-0.41340530814215026,-0.16392764507422394
2019-09-21,1569024000,0.0008195,0.000669,0.0006962,6360023.58,4883.91,0.0007679,multiply,ETH,2019-09-21 02:00:00,0.10298764722780795,4936,63728,1,17,19,67856,0,598777.720023125,9999998120.00001,0.08348764722780795,4883.862107082,False,False,0.008298998825480687,7678998.556348007,-0.0004654402966200698,1.4873023020951162,0.010053766894163206,0.08602359560535686,7.867982732792746e-07,0.015195959581544129,0.11193254003326555,0.04932750884397339,0.08063002443861947,6.647759198637779,1.770459402889338e-06,16792.45479454053,0.5211077844311377,0.2441840609985379,0.26714389659662563,0.3153923913792939,0.01278368284975584,-0.05819874872690245,-0.15771860904990542,-0.2725156409137204,-0.3327513458460645,-0.2140754240852376,-0.5332297600552389,-0.16392764507422394
2019-09-22,1569110400,0.0008618,0.0006949,0.0007679,5981736.03,4611.86,0.000771,multiply,ETH,2019-09-22 02:00:00,0.004036983982289355,4937,63730,2,14,27,67883,0,976339.572229136,9999998120.00001,-0.015463016017710645,4611.91847913,False,False,0.00826589001053725,7709998.5505200075,-0.0011952200434135255,1.2621932310897972,0.002698416804212571,0.08346494536902975,4.883863025248244e-07,0.015041785709392068,0.1268943052021176,0.0,0.0634471526010588,8.192475463409712,1.6792457951522656e-06,15261.381544769727,0.5747754491017965,0.2441840609985379,0.2750357549188047,0.310256079551747,0.09337153275166032,-0.056018385521401814,-0.09350761275495545,-0.20425165182418836,-0.24389543234702682,-0.19617946462234515,-0.3641043239533288,-0.16392764507422394
2019-09-23,1569196800,0.0009526,0.0006793,0.000771,19094340.12,14889.07,0.0007798,multiply,ETH,2019-09-23 02:00:00,0.011413748378728883,4937,63732,2,25,84,67967,0,2103143.20688189,9999998120.0,-0.007986251621271118,14889.766425576001,False,False,0.008172866373636607,7797998.533976,-0.00030040341293709313,1.2196588149935168,-0.0025595733839665863,0.08046615626378435,4.6119193461708377e-07,0.01640163478588301,0.07554404586467402,0.17993677553498913,0.12774041069983158,8.140803970195835,1.5261384413909985e-06,13076.174373363512,0.5770958083832335,0.2441840609985379,0.4162740275924648,0.42969474772486516,0.004020752269779493,0.07240526110170586,0.053001692928766664,-0.06485219429613243,-0.239484307852585,-0.47773545251543403,-0.3637749915282955,-0.16392764507422394
2019-09-24,1569283200,0.0007857,0.000601,0.0007798,14199826.97,8675.31,0.0006109,multiply,ETH,2019-09-24 02:00:00,-0.2165939984611438,4937,63734,2,19,29,67996,0,803057.803276019,9999998120.00001,-0.2355939984611438,8674.674295973002,False,False,0.010432806020951741,6108998.851508006,-0.0001763444482803097,1.84394280241114,0.01147527063376404,0.08182014172935037,1.48897692248526e-06,0.015714539924986136,0.0,0.2929085903902181,0.14645429519510905,1.839486064775551,1.3076176831684743e-06,10322.824378893123,0.5836826347305389,0.2441840609985379,0.3831493517567208,0.3732235339527095,0.011284944857655854,0.11011673151750967,0.0994811932555123,-0.09429312581063543,-0.45914396887159525,-0.31105610561056096,-0.41906721536351155,-0.19742092814371257
2019-09-25,1569369600,0.0006485,0.0005566,0.0006109,6306624.33,3553.33,0.0005634,multiply,ETH,2019-09-25 02:00:00,-0.07775413324603042,4938,63736,2,13,20,68016,0,3611682.26337195,9999998120.0,-0.09575413324603042,3553.152147522,False,False,0.011312746180754393,5633998.940808,-0.0007188556702803875,1.6175976500727662,0.008441874804141736,0.0822922896694654,8.674675926812076e-07,0.015912647749609363,0.03654478813736211,0.19990257163587602,0.11822367988661907,-29.589600686382877,1.0322826319584462e-06,8809.639317500078,0.45726047904191625,0.2441840609985379,0.32066377587603145,0.28158366922631073,-0.2764773285316744,0.10925878430366764,0.16119517825083352,-0.06360605283406007,-0.22262118491921012,-0.3789428201065821,-0.519616705839812,-0.19742092814371257
2019-09-26,1569456000,0.000626,0.0005414,0.0005634,3746764.66,2028.33,0.0005414,multiply,ETH,2019-09-26 02:00:00,-0.03904863329783459,4941,63739,3,13,15,68031,0,573801.267826667,9999998120.00001,-0.05814863329783459,2028.4983869240002,False,False,0.011772998149784667,5413998.982168006,-0.001598693606555703,1.431598648952238,-0.004506548826190565,0.0653230162489109,3.553152815514726e-07,0.015660633801496543,0.03654478813736211,0.11523468580729211,0.07588973697232711,-11.378062434563429,8.809640973712572e-07,4199.274240070407,0.4217065868263474,0.0950194167951772,0.28739464251218966,0.22439766928670057,-0.08430954916577926,-0.1250613848420361,-0.1234244557210673,-0.3665084301849728,-0.5671959404157798,-0.8513988686745146,-0.5611536407334876,-0.19742092814371257
2019-09-27,1569542400,0.0005737,0.0005284,0.0005414,817705.84,444.91,0.0005441,multiply,ETH,2019-09-27 02:00:00,0.004987070557813,4941,63739,0,8,8,68039,0,219541.1834575,9999998120.00003,-0.014012929442187,444.91374754400005,False,False,0.011714576729081796,5440998.977092017,-0.011914459001170101,1.1563095592064756,-0.00514954913930251,0.05658163747304416,2.0284987682817624e-07,0.015546615830501967,0.02181074403416919,0.05310178700735456,0.037456265520761874,-11.27836722125689,4.1992750295341093e-07,3587.796790495299,0.40523952095808385,0.0950194167951772,0.17891083105990294,0.06985625821187519,-0.04063538973032865,-0.2357117500887469,-0.2909123180688675,-0.3556975505857294,-1.149449769258076,-0.34868133469328266,-0.47912491649966604,-0.19742092814371257
2019-09-28,1569628800,0.0005625,0.0005311,0.0005441,59705.71,33.58,0.0005625,multiply,ETH,2019-09-28 02:00:00,0.033817312993934756,4941,63739,0,3,2,68041,0,1767620.7026,9999998120.00001,0.014817312993934757,33.584461874999995,False,False,0.01133137990807719,5624998.942500005,-0.10084372950450753,1.3102889547993224,-0.0024233916816917595,0.05534126294306379,4.449138311877999e-08,0.01481258259183202,0.04475215338748734,0.061648705415721955,0.053200429401604646,-0.4811856766948033,3.587797465001219e-07,3615.40087908274,0.4072604790419162,0.0950194167951772,-0.11187502042265465,-0.19309517596971232,0.00496232310237088,-0.41835980790543026,-0.35796084226080516,-0.264684152198005,-0.7096416697451051,-0.30785095558916553,-0.46977748256393226,-0.19742092814371257
2019-09-29,1569715200,0.0005701,0.0005277,0.0005625,114334.27,60.33,0.0005277,multiply,ETH,2019-09-29 02:00:00,-0.061866666666666625,4941,63740,1,6,4,68045,0,655994.9353,9999998120.00001,-0.08086666666666663,60.334194279,False,False,0.012078834940898654,5276999.007924004,-0.04612266361642162,1.294953712078458,-0.0017539685968248797,0.05425335890752708,3.3584468188879984e-09,0.01434557054106736,0.022941409353318152,0.05690373287503332,0.039922571114175735,6.092083942780148,3.615401558778231e-07,3637.7232579689644,0.42103293413173654,0.0950194167951772,-0.036198008046261915,-0.13255171343493355,0.03271111111111091,-0.41701893034368664,-0.3091343503032531,-0.3109722477485757,-0.7482080499908104,-0.18960826985854196,-0.40778716918387126,-0.19742092814371257
2019-09-30,1569801600,0.0005789,0.0005535,0.0005277,1073863.9,613.85,0.0005716,multiply,ETH,2019-09-30 02:00:00,0.08319120712526074,4939,63740,0,4,4,68049,0,510320.66295,9999998120.00001,0.06409120712526073,613.82060524,False,False,0.011151156750021377,5715998.925392006,-0.004051042925413435,1.372504174774958,0.0039028466787276836,0.054995345130219905,6.03342056218306e-09,0.013075727610429534,0.0,0.04955851338123447,0.024779256690617237,6.954958206807131,3.6377239418610625e-07,3637.3116615889503,0.39498502994011975,0.0950194167951772,0.2493550913600712,0.10503542029658963,-0.06594656054576453,-0.38631111111111127,-0.21973333333333356,-0.41457777777777793,-0.5548444444444445,-0.17703214937526313,-0.28553406223717404,-0.19742092814371257
2019-10-01,1569888000,0.0005574,0.0005239,0.0005716,6424189.98,3422.15,0.0005327,multiply,ETH,2019-10-01 02:00:00,-0.06805458362491257,4940,63740,0,2,1,68050,0,1266560.38158,9999998120.0,-0.08595458362491257,3422.1660023460004,False,False,0.01196546123204848,5326998.998524,-0.0007853053281427565,1.305111399161845,0.0010268867079094126,0.056237023476715435,6.138207206382954e-08,0.0127016472903405,0.01784952894187703,0.057049596437316545,0.03744956268959679,-2.0181487164443084,3.637312345403668e-07,3621.004362937326,0.42784431137724555,0.0950194167951772,0.4588931097305735,0.2815747950625189,0.07680195941217638,-0.15766534015539135,-0.3162781883646011,-0.44267576274398346,-0.5887815046427896,-0.1918087742311616,-0.1645142353977107,-0.19742092814371257
2019-10-02,1569974400,0.0005486,0.0005233,0.0005327,113863.64,59.58,0.0005233,multiply,ETH,2019-10-02 02:00:00,-0.017645954571053113,4941,63741,1,5,7,68057,0,672745.461857143,9999998120.00001,-0.035145954571053115,59.584842812,False,False,0.01218058704057141,5232999.016196005,-0.06775630402156436,1.4566740303972918,0.005975433046873782,0.05563303009210261,3.4221666457133264e-07,0.009636143130564023,0.01784952894187703,0.02754396849610293,0.02269674871898998,0.9647310685539914,3.621005043686271e-07,3622.088607513369,0.39872754491017964,0.0950194167951772,-0.040362547185168234,-0.13100754318121072,-0.07302421625680511,0.014345696291112597,-0.20241427571728465,-0.27221833449965005,-0.43054583624912524,-0.2146559170745752,-0.34705719812102775,-0.19742092814371257
2019-10-03,1570060800,0.0005255,0.0005062,0.0005233,6654360.87,3461.96,0.0005203,multiply,ETH,2019-10-03 02:00:00,-0.0057328492260653174,4942,63742,1,5,3,68060,0,665423.953333333,9999998120.00001,-0.023532849226065317,3462.263960661,False,False,0.012251011336440167,5202999.021836005,-0.0014907998590970055,1.7566136349172334,0.016698818654145468,0.054204089153230495,5.95848540139525e-09,0.00861454237472095,0.0,0.024702615523100904,0.012351307761550452,7.231028267241953,3.6220892884661524e-07,3612.9812916191204,0.3916916167664671,0.0950194167951772,0.4554326671798229,0.28385451093515185,-0.01796292757500484,-0.016331894124272717,-0.30692697578374317,-0.3033602402853388,-0.5838182842125024,-0.20675105485232081,-0.7792792792792791,-0.19742092814371257
2019-10-04,1570147200,0.0005744,0.0005163,0.0005203,9878608.05,5431.01,0.0005498,multiply,ETH,2019-10-04 02:00:00,0.05669805881222367,4942,63742,0,5,3,68063,0,1441380.5684,9999998120.0,0.03939805881222368,5431.258705890001,False,False,0.011593672605219763,5497998.966376,-0.0005284254461747621,1.738285071961893,0.018938373730947724,0.05599321258899858,3.462264611566747e-07,0.00821409444145013,0.0,0.04918847351416887,0.024594236757084435,5.47767795693885,3.6129819708597274e-07,3623.2963442418304,0.3894461077844312,0.0950194167951772,0.5063210747289728,0.3295309568804414,-0.005765904285988777,-0.03974775463405322,-0.4674183068985285,-0.24995222625644953,-0.5849417160328685,-0.19908072392990528,-1.2589345920431558,-0.19742092814371257
2019-10-05,1570233600,0.0005997,0.0005431,0.0005498,2372004.63,1367.92,0.0005767,multiply,ETH,2019-10-05 02:00:00,0.04892688250272825,4942,63742,0,7,9,68072,0,342628.631555556,9999998119.99987,0.03162688250272826,1367.9350701209999,False,False,0.011052889194294969,5766998.915803925,-0.0022058271295409128,1.816109274877323,0.02567606609472717,0.05424373537649053,5.4312597269669e-07,0.00832936125060092,0.0,0.06265441168116674,0.03132720584058337,7.036097272554596,3.6232970254216696e-07,3598.9484653316485,0.4540049545829893,0.0950194167951772,0.33007756419951295,0.1895981644444026,0.053655874863586805,-0.08110705362290971,-0.4818374014991351,-0.31904670382471645,-0.6044589659811648,0.0053392368798019785,-1.1570410792784598,-0.16392764507422394
2019-10-06,1570320000,0.000555,0.0005295,0.0005767,1075647.37,571.4,0.0005312,multiply,ETH,2019-10-06 02:00:00,-0.07889717357378179,4944,63743,1,9,6,68078,0,210958.617466667,9999998120.00001,-0.09619717357378178,571.3838829440001,False,False,0.011999814002952972,5311999.001344006,-0.00444466487500377,1.8094460718921832,0.026883331910989038,0.052737803558592235,1.36793532729284e-07,0.008252620375792231,0.0,0.03816855369009877,0.019084276845049385,10.225631731026986,3.598949141934086e-07,3591.7417042175653,0.4762180016515276,0.0950194167951772,0.22183531019503913,0.10117039971099988,0.046644702618345635,0.04019643506729731,-0.41833393961440524,-0.32284467078937773,-0.3892324481629683,0.11193255512321654,-0.8578924975180826,-0.16392764507422394
2019-10-07,1570406400,0.000583,0.0005487,0.0005312,193942.4,106.41,0.0005487,multiply,ETH,2019-10-07 02:00:00,0.03294427710843362,4945,63744,1,7,5,68083,0,672409.236,9999998119.99992,0.015344277108433616,106.41619487999999,False,False,0.011617279384704715,5486998.968443955,-0.03207160076604272,1.789110196803372,0.024893270230685844,0.05259850936449051,5.713839903641949e-08,0.008241286390525683,0.017988177709077364,0.004147564611666093,0.011067871160371728,6.247229896197604,3.591742379465131e-07,3590.957422471168,0.43864574731626754,0.0950194167951772,0.016109724623852132,-0.06900763868914171,-0.08565512048192758,0.008843419455522694,-0.05930293046644719,-0.2748396046471302,-0.18727241199930655,0.08527827648114894,-0.9222128615557428,-0.16392764507422394
2019-10-08,1570492800,0.0005958,0.0005306,0.0005487,1195442.95,677.59,0.0005668,multiply,ETH,2019-10-08 02:00:00,0.03298706032440335,4945,63744,0,7,7,68090,0,617341.150580517,9999998120.0,0.01608706032440335,677.57706406,False,False,0.011246297103718111,5667998.934416,-0.0050350581310276464,1.707294133550422,0.019265109050520556,0.04859272704802173,1.064162148862484e-08,0.007545935599141926,0.02186866276800647,0.004147564611666093,0.013008113689836282,2.252792601606961,3.5909580975712895e-07,3577.882080070267,0.45309661436829063,0.08348764722780795,0.24219792076520016,0.12125292168349079,0.03189356661199183,-0.0028237951807228434,-0.060617469879518104,-0.34092620481927716,-0.34280873493975905,-0.30250450155508246,-0.4522877581320015,-0.16392764507422394
2019-10-09,1570579200,0.0006054,0.0005648,0.0005668,125613.81,70.95,0.0005648,multiply,ETH,2019-10-09 02:00:00,-0.003528581510232942,4945,63744,0,5,4,68094,0,833089.49245,9999998120.0,-0.02042858151023294,70.94667988799999,False,False,0.01128612110196074,5647998.938176,-0.07959300331137385,1.5271733282675704,0.013141706492853112,0.049824710511860486,6.77577191444512e-08,0.007064579802711692,0.003880485058929108,0.07721799459766555,0.040549239828297334,9.39632679309571,3.5778827527122235e-07,3611.4974391179185,0.46804293971924027,0.08348764722780795,-0.034318399709789206,-0.10740032842990056,0.031933662667607776,0.04629123382540545,0.013304173501002214,-0.2504100601421544,-0.45015491160925847,-0.3512602058927936,-0.40101655154437643,-0.16392764507422394
2019-10-10,1570665600,0.0005599,0.0005119,0.0005648,385881.54,197.54,0.0005119,multiply,ETH,2019-10-10 02:00:00,-0.09366147308781858,4945,63744,0,7,5,68099,0,687218.20688,9999998120.00001,-0.11106147308781858,197.532760326,False,False,0.012452434456705252,5118999.037628005,-0.011988230931449632,1.198759017016945,0.0012152456909934773,0.053762234330564526,7.094669322597825e-09,0.0069823718300599516,0.0,0.07721799459766555,0.03860899729883278,-0.7020123636511713,3.611498118079564e-07,3426.136344628302,0.46639141205615187,0.08348764722780795,0.09427667966929262,-0.002023646328340855,-0.003541076487252104,0.0820395201129146,0.04004940014114322,-0.22547635850388148,-0.3431545518701482,-0.34318433690432193,-0.3325456216358147,-0.16392764507422394
2019-10-11,1570752000,0.0005012,0.0004578,0.0005119,8807945.01,4255.2,0.0004831,multiply,ETH,2019-10-11 02:00:00,-0.05626098847431149,4945,63744,0,4,3,68102,0,359481.656626667,9999998120.00001,-0.0738609884743115,4255.118234330999,False,False,0.013194786169297082,4830999.091772004,-0.0006763040996378056,1.2036925525941276,0.0025893660060202547,0.05296223426681452,1.9753279746216572e-08,0.007102614561554382,0.0,0.034779461400539884,0.017389730700269942,5.958511389288214,3.4261369887420554e-07,3331.640725786904,0.4227085053674649,0.08348764722780795,0.48647474300729704,0.3109940603346702,-0.1033404961906621,0.02655807365439078,0.004072237960339953,-0.21689093484419275,-0.28753541076487266,-0.27605219628744715,-0.33710228766763084,-0.16392764507422394
2019-10-12,1570838400,0.0005187,0.0004772,0.0004831,8817496.44,4478.0,0.0005079,multiply,ETH,2019-10-12 02:00:00,0.05133512730283596,4945,63744,0,4,4,68106,0,615996.404175,9999998120.00001,0.033735127302835954,4478.406441876,False,False,0.01255050442683091,5078999.045148005,-0.0006630438878043308,1.3643587577777367,0.011503669008757643,0.05073220499391654,4.2551190342933736e-07,0.007134405524023505,0.01730888986031748,0.05345577333923136,0.03538233159977442,3.018395516793966,3.3316413521354777e-07,3328.062665374677,0.3989265070189925,0.08348764722780795,0.499435676662177,0.31613951195692613,-0.0596149865452289,-0.12658722406720058,-0.030865403399101377,-0.3600312561047079,-0.3563195936706387,-0.16284444444444457,-0.32666008741012265,-0.16392764507422394
2019-10-13,1570924800,0.0005205,0.0004915,0.0005079,441952.92,217.23,0.0004915,multiply,ETH,2019-10-13 02:00:00,-0.032289820830872396,4945,63744,0,12,9,68115,0,12005312.6688111,9999998120.00004,-0.0498898208308724,217.21986017999998,False,False,0.012969280159486063,4914999.07598002,-0.015804278854301218,1.2664653311394818,0.006088797856878902,0.05008895554574842,4.478407283816551e-07,0.007155566480012459,0.038403655023971126,0.020444106232908783,0.029423880628439952,12.848588422298807,3.3280632910505755e-07,3329.0489326304546,0.4194054500412882,0.08348764722780795,0.11903474817369397,0.008010303427457939,0.04882850954912399,-0.09956530738977443,-0.18319188573794265,-0.589525978058373,-0.3539639826122958,-0.3005495546712149,0.13958529688972676,-0.14277233066825118
2019-10-14,1571011200,0.0005179,0.0004936,0.0004915,6763975.63,3414.4,0.0005048,multiply,ETH,2019-10-14 02:00:00,0.027060020345880176,4945,63744,0,13,14,68129,0,7654479.11695,9999998120.00006,0.009460020345880175,3414.454898024,False,False,0.012627577651322084,5047999.05097603,-0.0010571813106825618,1.27689195195977,0.004784136220293549,0.04870500534970897,2.1721990101734008e-08,0.007141976557450525,0.021094765163653648,0.033549062155390164,0.027321913659521906,9.670904697279227,3.329049558491771e-07,3309.2817194269096,0.4058629232039636,0.08348764722780795,0.4587718543866509,0.29388878605147767,-0.03336724313326567,-0.08033077377436482,-0.048828509549123655,-0.5180153573538095,-0.3512502461114393,-0.27239328201539537,-0.2842164126939746,-0.14277233066825118
2019-10-15,1571097600,0.0005097,0.0004772,0.0005048,26150947.9,12619.81,0.0004826,multiply,ETH,2019-10-15 02:00:00,-0.04397781299524561,4948,63747,3,7,4,68133,0,199456.76135,9999998120.00006,-0.06137781299524561,12620.44745654,False,False,0.013209078322510956,4825999.092712029,-0.0002475403533121052,1.2765289845650016,0.0035883163910894666,0.04861146397951382,3.4144555399416214e-07,0.006992444806625714,0.0,0.031781267861172864,0.015890633930586432,10.494601545075692,3.3092823415719895e-07,3742.277744194006,0.41684558216350126,0.08348764722780795,0.6154499018819557,0.43446114459256435,0.026347068145800456,-0.1532044760935911,-0.06469989827060019,-0.5865717192268567,-0.4797558494404883,-0.38013891496151686,-0.38660815402038473,-0.14277233066825118
2019-10-16,1571184000,0.0004788,0.0004299,0.0004826,9043094.21,4172.18,0.0004614,multiply,ETH,2019-10-16 02:00:00,-0.04392871943638632,4949,63748,1,7,6,68139,0,359967.905833333,9999998120.00004,-0.061028719436386325,4172.483668494,False,False,0.013816214127573905,4613999.1325680185,-0.0007489992100175087,1.2908080298452678,0.003846596204740514,0.048658425121050265,1.2620449829184517e-06,0.006823211571248083,0.0,0.011314596142040044,0.005657298071020022,8.125049553388106,3.742278447742349e-07,3730.444738794111,0.39851362510322047,0.08348764722780795,0.4540740029183437,0.32699410277801305,-0.046000828843763,-0.11885895404120439,-0.03070522979397783,-0.21018225039619653,-0.45641838351822495,-0.36116950124211744,-0.32667805070274536,-0.14277233066825118
2019-10-17,1571270400,0.0005112,0.0004473,0.0004614,15481417.87,7419.47,0.0004793,multiply,ETH,2019-10-17 02:00:00,0.038794971824880786,4949,63748,0,6,4,68143,0,1027715.2265,9999998120.00005,0.021394971824880787,7420.243585091,False,False,0.013300232001799694,4792999.098916024,-0.0004379188628553754,1.2910298168561019,0.005437392526539166,0.048912258069586025,4.1724844529210564e-07,0.006948259798821088,0.010038651964119018,0.08156637396338413,0.045802512963751575,5.213514846087103,3.730445440117849e-07,3770.5658283690136,0.3810074318744839,0.08348764722780795,0.5200859115934342,0.3966100597627967,-0.04594711746857394,-0.06071280563613768,-0.1392457521757149,-0.16742644011603813,-0.4759635308744301,-0.3186623102056507,-0.16511085180863483,-0.14277233066825118
2019-10-18,1571356800,0.0005701,0.000461,0.0004793,13153200.57,7043.09,0.0005355,multiply,ETH,2019-10-18 02:00:00,0.11725432923012713,4949,63748,0,6,4,68147,0,731172.23625,9999998120.00003,0.09975432923012713,7043.538905234999,False,False,0.01190439066006089,5354998.993260016,-0.0003043086689949119,1.364867803003427,0.0108824885930848,0.054050993996309776,7.420244980097034e-07,0.007296135606797895,0.05931940850678083,0.07623063460452102,0.06777502155565093,9.392235432557756,3.7705665372355164e-07,3781.2692213679725,0.39578860445912467,0.09975432923012713,0.5040458769838568,0.40373360660027735,0.037346129772585,-0.04703077589943638,-0.24989163415691373,-0.17338534893801483,-0.4869960988296489,-0.26336849763550374,-0.12367161041690977,-0.14277233066825118
2019-10-19,1571443200,0.0005619,0.0004895,0.0005355,9077859.58,4647.31,0.0005119,multiply,ETH,2019-10-19 02:00:00,-0.044070961718020385,4950,63749,1,2,1,68148,0,6.4,9999998120.00004,-0.06157096171802039,4646.956319002,False,False,0.012453411210160968,5118999.037628021,-0.0006718277434823676,1.364543563048498,0.01015205696693855,0.05454949038759078,7.043540229420534e-07,0.007421303313619832,0.0803912850743517,0.03001304805991673,0.05520216656713421,7.3797901201034986,3.781269932246713e-07,3728.813699589008,0.44219653179190743,0.09975432923012713,0.4453340508250868,0.37841466398726276,0.10494864612511667,-0.05967035259753817,-0.1082829125808471,-0.13519716252868785,-0.4491967452534946,-0.1917808219178081,-0.09528676888131749,-0.14277233066825118
2019-10-20,1571529600,0.0005416,0.00048,0.0005119,7547971.17,3795.89,0.0005029,multiply,ETH,2019-10-20 02:00:00,-0.017581558898222327,4950,63749,0,0,0,0,0,0.0,9999998120.00003,-0.03508155889822233,3795.874701393,False,False,0.012676279973118721,5028999.054548016,-0.0010645516604234583,1.2215330475795754,0.0035032706155360338,0.055684941198499774,4.646957192629938e-07,0.00705559587299799,0.041337840620790586,0.02403419127673979,0.03268601594876519,10.782940747390306,3.728814400606109e-07,3648.22768003458,0.4227085053674649,0.09975432923012713,0.41636171562710406,0.3621045748697357,-0.04610275444422718,0.08216619981325857,-0.024649859943977503,-0.050420168067226934,-0.2834733893557424,-0.3106174698795181,0.06844978165938875,-0.14277233066825118
2019-10-21,1571616000,0.0005047,0.000482,0.0005029,8203573.05,4083.12,0.0004977,multiply,ETH,2019-10-21 02:00:00,-0.010340027838536492,4950,63749,0,2,1,68149,0,3.2,9999998120.00003,-0.027940027838536493,4082.918306985,False,False,0.012808722520557377,4976999.064324015,-0.001119721819995585,1.319757079402019,0.001620947007703567,0.05024052954066327,3.7958754150175664e-07,0.0065754931191243475,0.010227312089100698,0.0,0.005113656044550349,7.994696301609295,3.648228365901506e-07,3641.4702606782316,0.4152766308835673,0.09975432923012713,0.4309029859290538,0.37214436943723656,-0.017896202028236274,0.013869896464153153,-0.10724750927915605,-0.030865403399101377,-0.3600312561047079,-0.39948970293420816,0.10265588914549661,-0.12777682258049985
2019-10-22,1571702400,0.0004909,0.0004789,0.0004977,2639229.79,1286.51,0.0004875,multiply,ETH,2019-10-22 02:00:00,-0.02049427365883072,4950,63750,1,2,1,68150,0,811753.36204,9999998120.00004,-0.03799427365883072,1286.624522625,False,False,0.013076925535385026,4874999.083500019,-0.0030215573364346347,1.3131505375757964,0.001969682918598483,0.05027331271847079,4.08291907457377e-07,0.0059259095962200395,0.0,0.027112329290023128,0.013556164645011564,8.80362190582862,3.641470945274763e-07,3657.955902467407,0.41098265895953756,0.09975432923012713,0.2910891655616769,0.2616855855016498,-0.010448061080972515,0.04036587790813284,-0.12308610061642455,-0.1366076754822032,-0.5269437263869554,-0.3602681721947776,0.2525740701828115,-0.12777682258049985
2019-10-23,1571788800,0.0004621,0.0004524,0.0004875,701154.63,317.18,0.0004524,multiply,ETH,2019-10-23 02:00:00,-0.07199999999999995,4950,63750,0,2,1,68151,0,5858.50652244,9999998120.00005,-0.08939999999999995,317.202354612,False,False,0.014091514585544194,4523999.149488023,-0.008294670962277107,1.2629980754914707,-0.0002999587855037504,0.04943059765194258,1.2866247645104494e-07,0.004193794398741894,0.0,0.027112329290023128,0.013556164645011564,8.481088282092037,3.6579565901632395e-07,3016.0583797518575,0.4025598678777869,0.09975432923012713,0.12413422371265863,0.12786380589604399,-0.020923076923077044,0.07293550331525023,-0.02853124372111715,-0.07032348804500699,-0.5491259795057264,-0.3806657223796035,0.47706666666666664,-0.12777682258049985
2019-10-24,1571875200,0.0004478,0.0003689,0.0004524,196308.39,85.06,0.0004333,multiply,ETH,2019-10-24 02:00:00,-0.04221927497789557,4950,63751,1,3,3,68154,0,417298.787,9999998120.00005,-0.05971927497789557,85.06042538700001,False,False,0.014712903758409864,4332999.185396021,-0.03720741337455243,0.875860439201929,-0.00773443270003164,0.04694165509012152,3.172024142460523e-08,0.004695959074879988,0.0,0.0,0.0,-2.4532461912332373,3.016058946770933e-07,2862.9274723377475,0.3735755573905863,0.09975432923012713,-0.018137488552183487,0.003994454747074334,-0.0775862068965516,0.01682051282051278,0.009025641025641074,-0.07343589743589751,-0.5995897435897437,-0.19339714788044549,0.31896370883155023,-0.12777682258049985
2019-10-25,1571961600,0.0004908,0.0004381,0.0004333,327646.46,146.52,0.0004472,multiply,ETH,2019-10-25 02:00:00,0.0320793907223631,4950,63752,1,5,5,68159,0,931895.067036,9999998120.00003,0.0147793907223631,146.523496912,False,False,0.014255816633581856,4471999.159264013,-0.023474333885676806,0.09784839149913005,-0.024715435404290526,0.04654751411301876,8.506044137836273e-09,0.004731893761535494,0.0,0.0,0.0,7.7926069116582735,2.862928010568205e-07,2892.835632416898,0.3578034682080925,0.09975432923012713,0.06288946390804404,0.08566189153840571,-0.04408031387029765,-0.18368700265251992,-0.12267904509283833,-0.15008841732979672,-0.35035366931918666,-0.16621817429103714,0.12011698349697097,-0.12777682258049985
2019-10-26,1572048000,0.000454,0.0004126,0.0004472,261452.32,114.93,0.0004396,multiply,ETH,2019-10-26 02:00:00,-0.016994633273702986,4950,63753,1,7,4,68163,0,111050.253885,9999998120.00004,-0.03429463327370298,114.934439872,False,False,0.014502505001266151,4395999.173552018,-0.035453756759824887,0.14140089279989054,-0.02292078455328033,0.046485120685898294,1.4652352445842203e-08,0.004449328332252112,0.0017240913025895284,0.0,0.0008620456512947642,-13.246460060007596,2.8928361762700915e-07,2924.5766322090717,0.36928158546655654,0.09975432923012713,0.037804513513145996,0.07669769859463978,0.03108228980321992,-0.18139856912070162,-0.13431802446342012,-0.2688668359104547,-0.30025386568197554,-0.06595786572159867,0.44748142031379035,-0.12777682258049985
2019-10-27,1572134400,0.0004498,0.0004424,0.0004396,109354.81,48.38,0.0004424,multiply,ETH,2019-10-27 02:00:00,0.006369426751592355,4950,63753,0,2,1,68164,0,436092.231,9999998120.00004,-0.010930573248407644,48.378567944000004,False,False,0.014410716994929023,4423999.168288018,-0.10451416857152741,0.1738960819810118,-0.02146223276694586,0.04665409521804209,1.1493446147967829e-08,0.004352134803424457,0.0017240913025895284,0.011343366851611513,0.006533729077100521,-45.3075257825734,2.924577182029574e-07,2934.6560017289453,0.3630057803468208,0.09975432923012713,-0.06749631785342772,0.006869049526935077,-0.017288444040036266,-0.1245527728085869,-0.1288014311270127,-0.2895796064400715,-0.21064400715563525,-0.10701932858596153,0.3038029386343992,-0.12777682258049985
2019-10-28,1572220800,0.0004425,0.000437,0.0004424,190.6,0.0833,0.000437,multiply,ETH,2019-10-28 01:00:00,-0.01220614828209765,4951,63754,1,4,3,68167,0,2997646.14480596,9999998120.00004,0.0,0.0832922,False,False,0.014589018761042105,4369999.178440018,-52.895895373611175,0.16072405548032162,-0.021309650221917734,0.04696022681950235,4.837857703917229e-09,0.0043044053596549845,0.0012341379457786298,0.03988678461629623,0.02056046128103743,-9.585118753901757,2.934656553444369e-07,2935.5906650456645,0.3653179190751445,0.09975432923012713,-0.8639168441912595,-0.7675717254516646,0.006329113924050667,-0.13216560509554132,-0.09781619654231122,-0.20837124658780715,-0.2377161055505006,-0.11430269413629146,0.3059293523969723,-0.12777682258049985
2019-10-29,1572307200,0.0004701,0.0004357,0.000437,134235.71,61.83,0.0004606,multiply,ETH,2019-10-29 01:00:00,0.054004576659038905,4951,63754,0,0,0,0,0,0.0,9999998120.00004,0.0,61.82896802599999,False,False,0.01384151367471863,4605999.134072018,-0.047205809449005764,0.13945613021991865,-0.019708661032284323,0.04609782718446353,8.329221565893621e-12,0.00432307862515397,0.01369565255692008,0.05064858178885247,0.032172117172886275,-4.672103259385651,2.935591216936805e-07,2935.5497281440903,0.36085879438480595,0.09975432923012713,-0.03601738909051405,0.05102425898422812,-0.01235697940503444,-0.10194394213381552,-0.04294755877034362,-0.24028028933092216,-0.2714737793851716,-0.0934521342726895,0.24937114109307112,-0.12777682258049985
2019-10-30,1572393600,0.0004606,0.0004258,0.0004606,82607.13,36.08,0.0004368,multiply,ETH,2019-10-30 01:00:00,-0.05167173252279633,4951,63754,0,3,2,68169,0,401919.85971742,9999998120.00004,-0.06777173252279634,36.082794384,False,False,0.01459569871468727,4367999.178816018,-0.0821123878372057,0.1523312042887419,-0.023045206623439358,0.04437172065149591,6.182897964984792e-09,0.004364657248425134,0.022853371627289246,0.08159803976270442,0.052225705694996835,0.6442889980571849,2.935550280027535e-07,2949.544745572503,0.38034682080924853,0.09975432923012713,-0.1034688742043297,-0.014167058744715666,0.05123751628310891,-0.035240274599542376,-0.09679633867276882,-0.2970251716247141,-0.2075514874141875,-0.23883831816211543,0.23747614503816794,-0.12777682258049985
2019-10-31,1572480000,0.0005478,0.0004273,0.0004368,865220.68,431.29,0.0004985,multiply,ETH,2019-10-31 01:00:00,0.14125457875457892,4951,63754,0,2,1,68170,0,437802.111,9999998120.00004,0.12535457875457892,431.3125089800001,False,False,0.012789169906871413,4984999.06282002,-0.004537757316957637,0.09660825667907219,-0.01701634990145274,0.05016660428511115,3.608280116756648e-09,0.005135920574463923,0.02929064500618478,0.0759153030900003,0.05260297404809254,3.42636650663224,2.9495453000870114e-07,2965.62790693235,0.3606936416184971,0.12535457875457892,0.20810956802277195,0.2924081718569017,-0.054487179487179516,0.059270516717325195,-0.16261398176291797,-0.22622666087711685,-0.24099001302648726,-0.11141247652827047,0.22771187477069832,-0.12777682258049985
2019-11-01,1572566400,0.0005135,0.0004695,0.0004985,242935.97,116.29,0.0004787,multiply,ETH,2019-11-01 01:00:00,-0.03971915747241739,4951,63754,0,0,0,0,0,0.0,9999998120.00004,-0.05551915747241739,116.29344883899999,False,False,0.013318155835753917,4786999.100044019,-0.027739495938137144,0.09295123352895968,-0.01792174456031849,0.05066147026194708,4.313125900667653e-08,0.005194903343087078,0.024893615407611057,0.025172443104463982,0.02503302925603752,2.9378262589271387,2.9656284644704933e-07,2964.1825558366086,0.4116432700247729,0.12535457875457892,0.04921101939486671,0.13059722210783656,0.1237713139418255,-0.023809523809523725,-0.1719322344322345,-0.1719322344322345,-0.21955128205128216,0.022782446311857996,0.2169017423254711,-0.12777682258049985
2019-11-02,1572652800,0.0004935,0.0004788,0.0004787,51796.31,25.56,0.0004935,multiply,ETH,2019-11-02 01:00:00,0.03091706705661168,4951,63754,0,0,0,0,0,0.0,9999998120.00004,0.015117067056611679,25.561478985,False,False,0.012918746096404051,4934999.07222002,-0.13600335558315868,0.1003622604473185,-0.016714860498831606,0.051070989681759785,1.1629347070217202e-08,0.005172581961181626,0.009782837552044654,0.014912502942615959,0.012347670247330307,6.209949233377721,2.9641831131030254e-07,2985.5438072778697,0.39529314616019817,0.12535457875457892,-0.1403988528381373,-0.05633991618688803,-0.041362022143304866,0.11815446339017055,-0.008826479438315049,0.03089267803410245,-0.04974924774322953,-0.01640945497167423,0.08476006751868825,-0.12777682258049985
2019-11-03,1572739200,0.0004894,0.000473,0.0004935,34339.64,16.74,0.0004875,multiply,ETH,2019-11-03 01:00:00,-0.012158054711246313,4951,63754,0,2,1,68171,0,275011.3557984,9999998120.00004,-0.027958054711246315,16.740574499999997,False,False,0.013077746048359795,4874999.083500019,-0.26341768555466677,0.1355710250346337,-0.0183973952146268,0.04987717261260265,2.556148379055885e-09,0.005054513203281312,0.0037880101344705806,0.015095917212229016,0.009441963673349799,10.332105743041708,2.9855443685602027e-07,2950.7079743359786,0.407514450867052,0.12535457875457892,-0.18693937354907053,-0.107833155454327,0.02998986828774075,0.07583037392939207,-0.03969082932943402,-0.06099853770628805,-0.08690202632128696,-0.09325909723603099,0.105294681360805,-0.12777682258049985
2019-11-04,1572825600,0.0004998,0.0004793,0.0004875,10195.4,4.886,0.0004793,multiply,ETH,2019-11-04 01:00:00,-0.01682051282051278,4952,63755,1,2,1,68172,0,28.8,9999998120.00004,-0.03262051282051278,4.88665522,False,False,0.013301692465249738,4792999.098916019,-0.8359820679486566,0.15322311068824598,-0.0205736042081121,0.04916941212757965,1.674057764722853e-09,0.004953143928400126,0.0,0.04370814923207152,0.02185407461603576,10.978385268098524,2.9507085290691704e-07,2971.449160612696,0.4025598678777869,0.12535457875457892,-0.33081899554054034,-0.2594164504227833,-0.012307692307692353,0.11448834853090173,0.012158054711246313,0.004052684903748882,-0.11408308004052681,-0.1587301587301586,-0.054857292484943754,-0.11821129080258459
2019-11-05,1572912000,0.0004856,0.0004611,0.0004793,62709.71,29.03,0.000463,multiply,ETH,2019-11-05 01:00:00,-0.03400792822866683,4953,63756,1,2,1,68173,0,51.2,9999998119.99993,-0.04960792822866683,29.03459573,False,False,0.013770196973246374,4629999.129559967,-0.11645285609605656,0.10771191095625385,-0.019644173413198247,0.04802977929868232,4.886656138691388e-10,0.004991251818433409,0.004734858323767923,0.045343522115888754,0.02503919021982834,5.1159398650041314,2.9714497192452313e-07,2981.8115353427597,0.39578860445912467,0.12535457875457892,-0.10490496900954806,-0.03957994306566748,-0.01710828291258082,0.055179487179487174,0.07199999999999995,-0.03548717948717961,-0.18297435897435887,-0.0896410256410256,0.029355922301738002,-0.11821129080258459
2019-11-06,1572998400,0.0004724,0.0004628,0.000463,35010.93,16.27,0.0004647,multiply,ETH,2019-11-06 01:00:00,0.003671706263498997,4953,63756,0,2,1,68174,0,1009946.9355,9999998120.00004,-0.011828293736501003,16.269579171,False,False,0.013719821817544652,4646999.126364019,-0.3446369905509612,0.10750771444361953,-0.019954151328807967,0.04795850959209539,2.9034601188504906e-09,0.004832771144617391,0.004734858323767923,0.06553334769742601,0.03513410301059697,7.048868650363373,2.981812095923423e-07,2983.7603800580446,0.3823286540049545,0.12535457875457892,-0.17612934707433403,-0.11081455117573968,-0.035205183585313105,0.08867097851032757,0.09597329438764857,-0.006885040684331267,-0.1082829125808471,-0.21286472148541113,0.03028178886863886,-0.11821129080258459
2019-11-07,1573084800,0.0004533,0.0004253,0.0004647,103293.33,43.93,0.0004253,multiply,ETH,2019-11-07 01:00:00,-0.08478588336561232,4953,63756,0,0,0,0,0,0.0,9999998120.00007,-0.10048588336561233,43.930653249,False,False,0.014990832820627747,4252999.20043603,-0.05617094300420434,0.1125110344541185,-0.023982517702416665,0.04890659057865731,1.6269582229681344e-09,0.004630583984470558,0.0076857029671455026,0.054964544790995364,0.03132512387907043,7.874361697573537,2.98376094100509e-07,2995.227552760511,0.3837324525185797,0.12535457875457892,-0.05177696385585299,0.011727312889223221,0.0036582741553691234,-0.07667386609071292,0.03412526997840171,0.003455723542116651,-0.18509719222462206,-0.30810062312485575,0.07125801181349756,-0.11821129080258459
2019-11-08,1573171200,0.0004486,0.0004008,0.0004253,11658170.96,4994.02,0.0004284,multiply,ETH,2019-11-08 01:00:00,0.007288972490007151,4953,63756,0,9,7,68181,0,1074148.47198571,9999998120.00004,-0.00831102750999285,4994.360439264001,False,False,0.014882355739059291,4283999.194608017,-0.0009853899714722474,0.0871576795164016,-0.02282683367278805,0.049180896780347386,4.393066150796419e-09,0.004684307522242326,0.03165729328235498,0.015224270417910019,0.0234407818501325,8.472293504276037,2.9952281158633855e-07,3021.2701148643478,0.35119735755573905,0.12535457875457892,0.5409065032957499,0.5954543492807757,-0.09264048906654132,-0.030126963632451043,0.05401334194103724,-0.0314181192166989,-0.21971164191951797,-0.26296958855098396,0.028766583475633878,-0.11821129080258459
2019-11-09,1573257600,0.0004406,0.0004109,0.0004284,8781329.81,3673.66,0.0004183,multiply,ETH,2019-11-09 01:00:00,-0.023576097105508897,4953,63757,1,7,9,68190,0,872271.392333333,9999998120.00004,-0.0391760971055089,3673.230259523,False,False,0.015241934493501794,4182999.2135960166,-0.0010202251560491682,0.16149720092858696,-0.020114195518912793,0.04725780561292972,4.99436137820392e-07,0.004731213173943383,0.02397159031520948,0.015224270417910019,0.01959793036655975,1.2450989279683675,3.0212706828632247e-07,3011.287617458589,0.353757225433526,0.12535457875457892,0.4920120193171406,0.5551062975820854,0.007236227824463204,-0.16035739478015532,-0.04020691276745825,-0.2591112156125088,-0.32800376205031734,-0.1644676979071884,0.05473047304730472,-0.11821129080258459
2019-11-10,1573344000,0.0004619,0.0004221,0.0004183,14845194.15,6435.01,0.0004335,multiply,ETH,2019-11-10 01:00:00,0.03633755677743267,4954,63757,0,2,1,68191,0,1508081.2655,9999998120.00004,0.020737556777432664,6435.391664025001,False,False,0.014707499881503576,4334999.185020017,-0.0005151051596636805,0.1536784552000508,-0.017700716986899862,0.04707931475772653,3.6732309500904037e-07,0.004749262697538791,0.021763622563850466,0.0,0.010881811281925233,11.681641115120502,3.011288183580756e-07,3084.1540745503994,0.34541701073492975,0.12535457875457892,0.5556292469703916,0.6317858090036624,-0.02414535022710984,-0.13795518207282909,-0.02007469654528471,-0.1949112978524743,-0.1949112978524743,-0.09199819168173584,-0.04148062797061791,-0.11821129080258459
2019-11-11,1573430400,0.000453,0.0004142,0.0004335,11523925.44,5071.52,0.0004401,multiply,ETH,2019-11-11 01:00:00,0.0152249134948097,4953,63758,1,4,2,68193,0,18002567.165,9999998120.00004,-0.0003750865051903012,5071.679586144,False,False,0.014487164732221312,4400999.172612018,-0.0008251353572535007,0.17397799642879164,-0.017942705020851154,0.04660106331408076,6.435392873878836e-07,0.004787459822096861,0.02880948258948504,0.0,0.01440474129474252,9.363596713248151,3.084154654371462e-07,3099.75541221419,0.3579686209744013,0.12535457875457892,0.5203828407185433,0.6033166432560578,0.03506343713956184,-0.1458283528568014,-0.101123595505618,-0.202247191011236,-0.15491274205115957,-0.1622425629290618,-0.2658614890689497,-0.11821129080258459
2019-11-12,1573516800,0.0004546,0.0004359,0.0004401,11151711.08,4944.71,0.0004434,multiply,ETH,2019-11-12 01:00:00,0.00749829584185413,4956,63760,2,7,5,68198,0,8261.916368,1391302551.32762,-0.008101704158145871,4944.668692872,False,False,0.1033548921381805,616903.5512586667,-0.000989566704923677,0.1714427407414767,-0.017031407627433773,0.04631794449801232,3.645274409440607e-06,0.004771712710493908,0.01598481313401843,0.01899016942231415,0.01748749127816629,6.216508869935234,6.858793404109279e-07,3107.701281012767,0.3634186622625929,0.12535457875457892,0.5158481934265223,0.5957696632386343,0.01499659168370826,-0.06805074971164937,-0.007612456747404739,-0.14809688581314884,-0.17162629757785464,-0.06708640903169782,-0.15998834329010636,-0.11821129080258459
2019-11-13,1573603200,0.0004496,0.0004326,0.0004434,10710358.58,4653.77,0.0004345,multiply,ETH,2019-11-13 01:00:00,-0.020072169598556622,4957,63761,1,5,4,68202,0,218497.2995,1391302551.32762,-0.035672169598556625,4653.65080301,False,False,0.10547359706558644,604520.9585518509,-0.0008398612585878024,0.16992616208406264,-0.018381849224780113,0.04606747225847526,3.5539852120257078e-06,0.004749354485181494,0.008938953108383852,0.031400130740877885,0.020169541924630868,7.293375923985094,8.931459458287861e-07,3127.7095000030245,0.36614368290668864,0.12535457875457892,0.5000555766945014,0.5842359955599931,0.007442489851150147,-0.05589638718473067,-0.13269711429220643,-0.10770279481935918,-0.11679163826403083,-0.1556776556776558,-0.06709748384435588,-0.10858145035163033
2019-11-14,1573689600,0.0004395,0.0004266,0.0004345,13966678.66,6009.92,0.0004303,multiply,ETH,2019-11-14 01:00:00,-0.009666283084004634,4957,63761,0,2,1,68203,0,423966.825,1391302551.32762,-0.025566283084004635,6009.861827398,False,False,0.10650308604461377,598677.4878362749,-0.0007719164853786077,0.15751260199749695,-0.017442694365846577,0.04562458659559254,3.3448158336009346e-06,0.004719727411745555,0.004811786710529627,0.03741286588022051,0.02111232629537507,9.836717801060647,1.032105919975333e-06,2598.1075239315,0.3587943848059455,0.12535457875457892,0.5294010413853373,0.6124041032871587,-0.02048331415420024,0.04082092918358138,-0.07961208840775824,-0.020297699594046037,-0.13847541723049162,0.03189568706118351,-0.34616430903155604,-0.10858145035163033
2019-11-15,1573776000,0.0004519,0.0004051,0.0004303,18986831.77,7964.4,0.0004195,multiply,ETH,2019-11-15 01:00:00,-0.02509876830118518,4958,63761,0,7,4,68207,0,26965783.996995,1391302551.32762,-0.04099876830118518,7964.975927515,False,False,0.10924500101310441,583651.4202819366,-0.0004626425163426763,0.1406958099763049,-0.01697379275702232,0.04518805926435222,4.31959376604551e-06,0.0046526649871979735,0.03113848364191935,0.030603650880815948,0.03087106726136765,8.758743010930583,1.2288957143636256e-06,2771.448164200686,0.35532617671345995,0.12535457875457892,0.5892347610637192,0.6424709216646423,-0.009760632117127521,0.014039125431530408,-0.13578826237054087,0.002761795166858372,-0.11070195627157653,0.03613954459995816,-0.42496139267162714,-0.10858145035163033
2019-11-16,1573862400,0.0004437,0.0004127,0.0004195,1763560.98,750.36,0.0004255,multiply,ETH,2019-11-16 01:00:00,0.014302741358760418,4958,63761,0,0,0,0,0,0.0,1391302551.32762,-0.001597258641239583,750.3951969899999,False,False,0.10770453096356594,591999.2355899023,-0.0056600896084037814,0.14701387047134695,-0.01764277851735242,0.04472972011007501,5.7248338399973434e-06,0.004476843516367411,0.05417512000810101,0.020828287449273702,0.03750170372868736,4.365624177491325,1.5272128713304015e-06,2627.6620475553495,0.3464079273327828,0.12535457875457892,0.279761928976455,0.3441407600032015,-0.025744934445768752,0.02788752033465025,-0.13293051359516617,-0.0392749244712991,-0.0722751568673019,0.028774062816616097,-0.2052178982655588,-0.10858145035163033
2019-11-17,1573948800,0.0004402,0.0004108,0.0004255,6620519.41,2780.46,0.00042,multiply,ETH,2019-11-17 01:00:00,-0.012925969447708519,4958,63761,0,0,0,0,0,0.0,1391302551.32762,-0.02882596944770852,2780.6181522,False,False,0.10911494744046978,584347.0715576004,-0.0015638669597026476,0.1726811727366476,-0.021699003551972903,0.038484757592647016,5.393472442596699e-07,0.004000613499583075,0.027848423076711294,0.015227541130114524,0.021537982103412907,12.235076087526753,1.5280610860621473e-06,2474.2056103431005,0.35136251032204785,0.12535457875457892,0.4600853441472342,0.5055467073862626,0.014101057579318454,-0.033373063170440975,-0.14255065554231217,-0.04791418355184751,-0.14255065554231217,-0.09846153846153838,-0.12683558882810253,-0.10858145035163033
2019-11-18,1574035200,0.0004081,0.0003992,0.00042,8412783.03,3418.66,0.0004064,multiply,ETH,2019-11-18 01:00:00,-0.0323809523809524,4959,63764,3,11,7,68214,0,9074993.14228572,1391302551.32762,-0.0482809523809524,3418.955023392,False,False,0.11277173764217897,565425.3568595448,-0.001003284598676079,0.1713398769281903,-0.02091762736271598,0.0379373534308558,1.998571877516257e-06,0.0037760444297521263,0.0,0.0337844526449604,0.0168922263224802,10.365850228704716,1.5421346339228398e-06,2441.442497265448,0.3468208092485549,0.12535457875457892,0.49851049348540655,0.52950131053117,-0.013095238095238049,-0.03431257344300831,-0.08813160987074031,-0.03971797884841366,-0.2585193889541715,-0.06801585645733366,-0.06969300160046554,-0.10858145035163033
2019-11-19,1574121600,0.0004012,0.0003836,0.0004064,6774074.88,2598.49,0.0003836,multiply,ETH,2019-11-19 01:00:00,-0.05610236220472442,4961,63765,1,3,2,68216,0,2000.0,1391302551.32762,-0.07190236220472443,2598.535123968,False,False,0.11947641535117207,533703.658689275,-0.001108538935546576,0.21379438360667427,-0.021289567724285172,0.03879783095242948,2.457377096110071e-06,0.0035653927342778158,0.010049634889100668,0.09149880464795543,0.05077421976852805,4.788400444840841,1.5658816702859366e-06,2422.20891302474,0.33559042113955406,0.12535457875457892,0.46672657720249766,0.49352896418982345,-0.0334645669291338,-0.055714285714285605,-0.10642857142857154,-0.04047619047619033,-0.2188095238095238,-0.08617710583153348,-0.0794311979316289,-0.10858145035163033
2019-11-20,1574208000,0.0004122,0.0003668,0.0003836,11327875.01,4175.17,0.0003686,multiply,ETH,2019-11-20 01:00:00,-0.039103232533889476,4961,63765,0,0,0,0,0,0.0,1391302551.32762,-0.05480323253388948,4175.454728686,False,False,0.12433845070187087,512834.12041936076,-0.0007763346395871898,0.21777877130976364,-0.02228642001691847,0.039156455169562746,1.8676995319877798e-06,0.0037659232270940094,0.010049634889100668,0.0948003684412961,0.05242500166519839,6.495924566172308,1.5709474176921579e-06,2424.9100514629445,0.31676300578034683,0.12535457875457892,0.5305928681031833,0.5573845442198262,-0.05943691345151203,-0.06914370078740162,-0.046505905511810885,-0.13336614173228334,-0.23745078740157477,-0.07101355713363455,-0.04987628597473637,-0.10858145035163033
2019-11-21,1574294400,0.0003933,0.0003401,0.0003686,8515371.58,3060.69,0.0003594,multiply,ETH,2019-11-21 01:00:00,-0.024959305480195315,4971,63767,2,27,16,68232,0,275800.754604514,1391302551.32762,-0.04065930548019532,3060.424545852,False,False,0.12752529335160198,500034.1369471467,-0.0012058812448693514,0.2144454801404987,-0.022114268626938514,0.039137439149531425,3.001111961378683e-06,0.004044148758550907,0.013367967356430832,0.09760919275994875,0.055488580058189796,8.815990825035378,1.607558503196187e-06,2428.2127685220494,0.30437654830718414,0.12535457875457892,0.4904573729489779,0.5195394647990356,-0.04069451980466621,-0.12174139728884259,-0.11678832116788329,-0.13868613138686126,-0.29744525547445266,-0.1462497060898189,-0.07315175097276283,-0.10858145035163033
2019-11-22,1574380800,0.0003725,0.0003275,0.0003594,8199382.22,2746.72,0.000335,multiply,ETH,2019-11-22 01:00:00,-0.06789092932665552,4971,63767,0,2,1,68233,0,5858.50652244,1391302551.32762,-0.08369092932665553,2746.7930437,False,False,0.13681370277780822,466086.3546947527,-0.0009792702978550587,0.21933918426350554,-0.02218142837740976,0.03931182782187449,2.1996829826349823e-06,0.004242966189778137,0.02627782502692904,0.060523176321647686,0.04340050067428836,0.0,1.6099167811909107e-06,2408.923938378221,0.2967795210569777,0.12535457875457892,0.4727789744014271,0.5074681246318985,-0.025598219254312715,-0.1380900705371677,-0.13483450895279425,-0.3524145415084101,-0.32257189365165484,-0.05602240896358546,-0.05950243652218523,-0.10858145035163033
2019-11-23,1574467200,0.000349,0.0003308,0.000335,10343296.7,3531.42,0.0003414,multiply,ETH,2019-11-23 01:00:00,0.01910447761194023,4974,63769,2,5,3,68236,0,3.2,1391302551.32762,0.0033044776119402278,3531.2014933799996,False,False,0.13425315738846488,474990.69102324947,-0.0011208175316189846,0.1606834573640939,-0.0210222121780838,0.038985806967115975,1.9742600493896404e-06,0.003347993785446671,0.012909857670498206,0.0,0.006454928835249103,-14.91323746621706,1.602938760976069e-06,2389.8775649854388,0.27663088356729976,0.12535457875457892,0.5005886402662661,0.5579019993432567,-0.07283582089552243,-0.18391764051196424,-0.20617696160267118,-0.331942125765164,-0.25876460767946563,-0.035859431030361044,-0.3660173514486822,-0.10374110695873329
2019-11-24,1574553600,0.0003173,0.0003075,0.0003414,15107085.2,4730.58,0.0003131,multiply,ETH,2019-11-24 01:00:00,-0.08289396602226118,4974,63769,0,3,2,68238,0,1098647.0589,1391302551.32762,-0.09869396602226119,4730.02837612,False,False,0.14638782476021048,435616.8288206779,-0.0005264647075444889,0.29337983211809593,-0.019516314703270768,0.0402001297961571,2.538054350587101e-06,0.0030689067465316518,0.004720141944460135,0.04056325214313489,0.02264169704379751,6.964602274760777,1.6041290376255533e-06,2396.1652085286373,0.2819157720891825,0.12535457875457892,0.531978532319954,0.6023239580220747,0.018746338605741042,-0.25373134328358216,-0.3137313432835822,-0.473134328358209,-0.2934328358208955,-0.031603229527104926,-0.5514731984380548,-0.10374110695873329
2019-11-25,1574640000,0.0003261,0.0002881,0.0003131,10193655.16,3025.75,0.0002968,multiply,ETH,2019-11-25 01:00:00,-0.052060044714148934,4974,63770,1,6,5,68243,0,952171.58112,1391302551.32762,-0.06806004471414893,3025.476851488,False,False,0.15442973949915761,412938.59723403765,-0.000976823709315815,0.5632576385211803,-0.014958468667927329,0.04096605635298153,3.3997122851578715e-06,0.0030974402552804772,0.005102623719810429,0.04056325214313489,0.022832937931472657,4.572555828815858,1.629113682837459e-06,2359.670428718112,0.25854665565648227,0.12535457875457892,0.4659792933368771,0.5442899123106771,-0.0903864580006386,-0.19039250146455777,-0.2987697715289983,-0.42794376098418274,-0.3099004100761569,0.0011361054305839557,-0.5088659032138898,-0.10374110695873329
2019-11-26,1574726400,0.0003019,0.0002842,0.0002968,18509097.62,5451.3,0.0002945,multiply,ETH,2019-11-26 01:00:00,-0.007749326145552571,4974,63770,0,2,1,68244,0,50000.0,1391302551.32762,-0.02404932614555257,5450.929249090001,False,False,0.15563581216757208,409738.6013659841,-0.0008916185050777337,0.6528993143847718,-0.012582989735517738,0.04090683924819545,2.174564294876772e-06,0.0031411300597844346,0.0003824817753502944,0.0,0.0001912408876751472,-11.602005028916395,1.6136086473629204e-06,2370.817638053293,0.312026913372582,0.12535457875457892,0.53763535852034,0.6181012010713309,-0.05491913746630739,-0.2251676780581282,-0.3877355477483231,-0.5308208240178856,-0.4040242733950814,0.00225529995489393,-0.44973350487042807,-0.10106006887701506
2019-11-27,1574812800,0.0003092,0.000303,0.0002945,19693982.62,5998.19,0.0003046,multiply,ETH,2019-11-27 01:00:00,0.034295415959252784,4974,63770,0,0,0,0,0,0.0,1391302551.32762,0.017795415959252783,5998.787106052,False,False,0.1504752025060735,423790.75713439303,-0.0005622375856348979,0.692908116985633,-0.012695231070325502,0.04025596977552283,3.917860456655219e-06,0.003168191070559195,0.0017082292206859289,0.027959911527365773,0.014834070374025852,3.7888284476149856,1.647081615534334e-06,2388.1427451429718,0.30960891505466775,0.12535457875457892,0.5407279697267299,0.6257052568819583,-0.007809847198641862,-0.24191374663072773,-0.44979784366576814,-0.5599730458221024,-0.49056603773584917,-0.005753739930955071,-0.43573333333333353,-0.10106006887701506
2019-11-28,1574899200,0.0003268,0.0002829,0.0003046,15709695.91,4658.99,0.0002966,multiply,ETH,2019-11-28 01:00:00,-0.02626395272488502,4976,63771,1,8,6,68250,0,232679.0183,1391302551.32762,-0.04276395272488502,4659.495806906,False,False,0.15453629613714787,412660.3367237721,-0.0007811055207704906,0.6518071898946872,-0.014744354805523267,0.04022764394189402,4.311633799799899e-06,0.003395811717940467,0.03176943963216323,0.027959911527365773,0.0298646755797645,-6.770774467292782,1.6880872362179302e-06,2348.722187523194,0.34827349645552247,0.12535457875457892,0.49853311702730624,0.5885010792050692,0.03315824031516734,-0.22037351443123931,-0.4244482173174873,-0.5779286926994907,-0.4838709677419355,-0.07041598884499178,-0.48986166382414265,-0.09967952056110431
2019-11-29,1574985600,0.0003347,0.0002944,0.0002966,11943748.16,3738.14,0.000313,multiply,ETH,2019-11-29 01:00:00,0.055293324342548855,4978,63771,0,7,5,68255,0,332988.96831406,1391302551.32762,0.03909332434254885,3738.3931740800003,False,False,0.1464391866909842,435477.6985655451,-0.0007744244545883406,0.7491179450603835,-0.010413671911957993,0.040448651394273546,3.3490169355757873e-06,0.0035972264605676494,0.05901389247036838,0.028373029503983873,0.04369346098717613,5.37028112938391,1.6794835890267572e-06,2283.6671675841812,0.35154675832641935,0.12535457875457892,0.4645752399609946,0.5573086331735845,-0.026972353337828547,-0.09980302035456345,-0.39691398555482604,-0.39625738673670385,-0.5121470781352593,-0.041239570917759316,-0.35689293212036377,-0.09967952056110431
2019-11-30,1575072000,0.0003288,0.0003029,0.000313,10892488.03,3332.25,0.0003059,multiply,ETH,2019-11-30 01:00:00,-0.02268370607028758,4980,63772,1,5,3,68258,0,7.46666666666667,1391302551.32762,-0.038883706070287585,3332.012088377,False,False,0.14984041904284448,425599.450451119,-0.0011362829143687376,0.9135931933902175,-0.0122380216069714,0.028677862186080726,2.686973563379669e-06,0.0028968227390523934,0.02895268205889108,0.04648060136715644,0.03771664171302376,2.4933012814517124,1.6492402028811516e-06,2226.3569432702866,0.37098494725613373,0.03909332434254885,0.4462472707796325,0.5406621170402226,0.05239616613418541,-0.15104517869184098,-0.41604855023600806,-0.44436952124072837,-0.47269049224544846,-0.17156286721504133,-0.31199549464989684,-0.09967952056110431
2019-12-01,1575158400,0.0003163,0.0002876,0.0003059,11393625.35,3414.59,0.0002997,multiply,ETH,2019-12-01 01:00:00,-0.02026806145799276,4981,63772,0,5,3,68261,0,665680.397,1391302551.32762,-0.036468061457992765,3414.669517395,False,False,0.15294022083819195,416973.3746328878,-0.0011417529395582858,0.9328060119774677,-0.010122660831211942,0.027911313615617047,2.3948867808784655e-06,0.0029255014014984986,0.021083798738209383,0.03929474393109189,0.030189271334650637,6.402216636923374,1.61208137319388e-06,2148.1371744684134,0.3625696337560745,0.03909332434254885,0.4469996837659193,0.5438451800433403,-0.02321019941157254,-0.00031948881789145567,-0.298402555910543,-0.33642172523961644,-0.5926517571884984,-0.13976190476190475,-0.28549589145805476,-0.09967952056110431
2019-12-02,1575244800,0.0003062,0.0002883,0.0002997,12914028.93,3780.53,0.0002927,multiply,ETH,2019-12-02 01:00:00,-0.02335669002335672,4981,63772,0,4,5,68266,0,140608.482516,1391302551.32762,-0.03935669002335672,3779.936267811,False,False,0.15659782775950162,407234.2567735944,-0.000993898192744648,0.8737265970034847,-0.01256176227592188,0.02723207960455645,2.454296884697456e-06,0.0029597104586851146,0.03882315793295128,0.024584864911265252,0.03170401142210827,4.431052571564175,1.5691381878227598e-06,2056.68482158339,0.35900814566363204,0.03909332434254885,0.45801456227276943,0.5548497487714106,-0.020687354020687332,0.029748283752860427,-0.25400457665903886,-0.4171297809741745,-0.5648904870872833,-0.21432086614173218,-0.31059004420526626,-0.09967952056110431
2019-12-03,1575331200,0.0003028,0.0002896,0.0002927,6904467.03,2039.99,0.0002955,multiply,ETH,2019-12-03 01:00:00,0.009566108643662474,4980,63772,0,2,1,68267,0,0.2579854,1391302551.32762,-0.006033891356337527,2040.2700073650003,False,False,0.15511399047447083,411129.90391731175,-0.0022788791482170174,0.8756012187991306,-0.01190123708817395,0.027524947628631505,2.7168327005539367e-06,0.0029571353844059602,0.017739359194741903,0.1338050606587818,0.07577220992676185,6.333633550949692,1.5224231415465948e-06,1972.755676493444,0.3506229036895065,0.03909332434254885,0.37502805195587385,0.47630821720839317,-0.023915271609156186,0.017350684017350737,-0.2298965632298966,-0.46846846846846835,-0.6466466466466465,-0.2708550573514077,-0.5107311749727173,-0.09967952056110431
2019-12-04,1575417600,0.0002915,0.0002375,0.0002955,12306878.17,2977.18,0.0002419,multiply,ETH,2019-12-04 01:00:00,-0.18138747884940787,4981,63773,1,15,16,68283,0,899314.686329674,1391302551.32762,-0.19728747884940787,2977.0338293229997,False,False,0.1894869902279215,336556.08716615126,-0.0005734297514373924,0.8856000205526685,-0.016419089833907354,0.04003271288774317,1.4664459613174125e-06,0.0031276721259451785,0.004992600571617439,0.14156355604160606,0.07327807830661175,8.549946004541216,1.4737497655936079e-06,1862.8397517459798,0.3713711197687571,0.03909332434254885,0.4243732507946864,0.5272784179195342,0.009475465313028786,-0.040655961735565294,-0.22787837376153064,-0.514861633071404,-0.6655278442090877,-0.30032555615843726,-0.3631003988208774,-0.09967952056110431
2019-12-05,1575504000,0.0002566,0.0002462,0.0002419,14902571.61,3735.49,0.0002507,multiply,ETH,2019-12-05 01:00:00,0.03637866887143448,4986,63774,1,19,20,68303,0,1334094.21625151,1391302551.32762,0.021178668871434485,3736.074702627,False,False,0.18283853883949852,348799.5496178344,-0.0008869663911703265,0.9546659538336748,-0.01330749047517354,0.04038424710131764,2.1397458277369148e-06,0.00315063756095855,0.01846949071728985,0.02784165316603872,0.023155571941664285,-1.0652756954900475,1.4136170460309094e-06,1735.972870720149,0.30400904863642075,0.03909332434254885,0.45412913505945324,0.5551079812468032,-0.22157916494419183,-0.0037225042301183286,-0.13367174280879857,-0.4703891708967849,-0.6219966159052452,-0.2882582081246521,-0.7253388554216866,-0.09757040942044545
2019-12-06,1575590400,0.0002609,0.000243,0.0002507,16411576.14,4060.87,0.0002474,multiply,ETH,2019-12-06 01:00:00,-0.01316314319904277,4987,63775,1,6,4,68307,0,461530.3,1391302551.32762,-0.02836314319904277,4060.2239370360003,False,False,0.185280276628902,344208.2511984532,-0.0010665260349785016,0.886417762813831,-0.016220509431240582,0.040389457195122595,2.6853071598711096e-06,0.0032151931031569963,0.030145199132354694,0.016685464939868548,0.02341533203611162,4.623260278019929,1.3473051249078403e-06,1588.2956335760616,0.31506849315068497,0.03909332434254885,0.46513589887078227,0.5637421527732692,0.0351017151974472,-0.29392310872261285,-0.4113269946258784,-0.7788342290202563,-0.9140140553947911,-0.38716417910447753,-0.31164570803717884,-0.09757040942044545
2019-12-07,1575676800,0.0002793,0.0002439,0.0002474,9846955.27,2503.08,0.0002542,multiply,ETH,2019-12-07 01:00:00,0.027485852869846505,4987,63775,0,3,4,68311,0,120185.35560856,1391302551.32762,0.012285852869846505,2503.096029634,False,False,0.1803239198976804,353669.108547481,-0.0014358553588141186,0.9432724483125114,-0.011539989943151502,0.03936012912568217,2.918289722937416e-06,0.003591223314891064,0.022042737791391577,0.013750572688121536,0.017896655239756556,5.0441021287228445,1.2730051123156943e-06,1442.569912657932,0.31092120145783586,0.03909332434254885,0.40037850389890817,0.49989046231332546,-0.01333872271624914,-0.22018348623853212,-0.24890307140007972,-0.6733147187873951,-0.8536098923015556,-0.24575278265963663,-0.34297812279463646,-0.09757040942044545
2019-12-08,1575763200,0.0002644,0.0002553,0.0002542,9691070.97,2488.69,0.0002568,multiply,ETH,2019-12-08 01:00:00,0.010228166797797034,4987,63775,0,0,0,0,0,0.0,1391302551.32762,-0.004971833202202966,2488.667025096,False,False,0.17849821042831135,357286.49518093286,-0.0018413913422391818,1.1214279521101507,-0.009208357580915831,0.037897968952977305,1.799102594360569e-06,0.003440608887044894,0.013635155868956186,0.03124579192348096,0.022440473896218574,9.725326245811827,1.1935495754681812e-06,1455.5548532923353,0.3259810207745576,0.03909332434254885,0.4020402880646434,0.49825760109369355,0.02675059008654601,-0.21139854486661291,-0.19967663702506067,-0.7198868229587712,-0.7190784155214227,-0.3682529543276907,-0.34560906515580747,-0.09757040942044545
2019-12-09,1575849600,0.0002688,0.0002466,0.0002568,8925367.06,2267.13,0.000254,multiply,ETH,2019-12-09 01:00:00,-0.010903426791277315,4988,63776,1,8,5,68316,0,358061.56688108,1391302551.32762,-0.026303426791277316,2267.04323324,False,False,0.1804687369642458,353390.8480372155,-0.0019932033445064314,1.098956784847116,-0.008864736936472984,0.03811678565375757,1.7887317339576816e-06,0.003485825630271199,0.008260727064246895,0.06885830755732719,0.03855951731078704,9.095292010516005,1.1402550831069037e-06,1485.247517963305,0.3293152090279559,0.03909332434254885,0.3916303427958373,0.48533288978092776,0.010124610591900396,-0.1514555468135328,-0.15853658536585358,-0.6522423288749017,-0.6852871754523997,-0.4093665768194068,-0.5108419613205704,-0.09757040942044545
2019-12-10,1575936000,0.0002612,0.0002276,0.000254,9514728.44,2249.19,0.0002364,multiply,ETH,2019-12-10 01:00:00,-0.06929133858267711,4990,63777,1,3,2,68318,0,380933.4206,1391302551.32762,-0.08459133858267712,2249.281803216,False,False,0.19390769010087353,328903.9231338494,-0.0011867945408875402,1.1099719965283557,-0.010735587427278913,0.038474856986420274,1.6294394278776557e-06,0.0035112426818628495,0.05293015828657609,0.08684172135648202,0.06988593982152905,2.925282607388967,1.0782333504203193e-06,1434.206900328706,0.3257245447550654,0.03909332434254885,0.39111547705757943,0.48349334617289597,-0.011023622047244164,-0.15070093457943923,-0.18613707165109017,-0.5825545171339563,-0.6288940809968846,-0.47198641765704585,-0.631546263713517,-0.09757040942044545
2019-12-11,1576022400,0.0002671,0.0002298,0.0002364,6442060.98,1526.49,0.000237,multiply,ETH,2019-12-11 01:00:00,0.002538071065989689,4991,63779,2,5,3,68321,0,159122.407703587,1391302551.32762,-0.012861928934010312,1526.76845226,False,False,0.19342284996499012,329738.70466464595,-0.00391437935493853,1.1058556583612993,-0.011915366234066447,0.03739516376862032,1.6166733835639645e-06,0.003835131144404582,0.09299174977489602,0.0759584934842499,0.08447512162957296,6.7471019682810685,1.0308375406629892e-06,1465.2059058964758,0.3031546550397538,0.03909332434254885,0.3447313275232352,0.43545650027865795,-0.0744500846023688,0.04763779527559053,-0.16771653543307097,-0.5102362204724409,-0.7066929133858268,-0.4448456992777414,-0.5111242370545381,-0.09757040942044545
2019-12-12,1576108800,0.0002611,0.000235,0.000237,6243023.64,1485.1,0.0002379,multiply,ETH,2019-12-12 01:00:00,0.0037974683544304,4992,63780,1,7,5,68326,0,866069.6799218,9999998120.00002,-0.011902531645569602,1485.215323956,False,False,0.02680958889896685,2378999.5527480044,-0.0037526010989084478,1.049958367599658,-0.01149386953872593,0.038313370274688806,1.52676873929252e-07,0.004067319886792168,0.08414817090987675,0.0872874236100734,0.08571779725997508,7.96520119820428,1.1102197483850242e-06,1492.3320265649238,0.3039240830982303,0.03909332434254885,0.3443405336986543,0.4340185803774616,0.0025316455696201556,-0.06049069373942473,-0.3240270727580372,-0.5592216582064298,-0.8616751269035534,-0.49494268374915706,-0.6048830111902341,-0.09757040942044545
2019-12-13,1576195200,0.0002609,0.0002291,0.0002379,6967330.93,1797.9,0.000258,multiply,ETH,2019-12-13 01:00:00,0.08448928121059263,4993,63781,1,9,7,68333,0,1222746.47428571,1391302551.32762,0.06898928121059263,1797.5713799399998,False,False,0.17768470133162328,358956.05824252596,-0.001374705132614186,1.1404673391758187,-0.006865009151959555,0.04012116742906786,1.0674998924847552e-06,0.004257201979085503,0.07625044072014431,0.054565445744117744,0.06540794323213103,5.26399248897504,1.1264161065753326e-06,1507.0552589000026,0.30507822518594513,0.06898928121059263,0.3740239661333439,0.45792896542406625,0.003783102143757988,-0.043881856540084474,-0.29071729957805914,-0.5164556962025317,-0.8708860759493671,-0.38817891373801916,-0.5532884310618067,-0.09757040942044545
2019-12-14,1576281600,0.0002545,0.0002332,0.000258,5594851.16,1376.17,0.000246,multiply,ETH,2019-12-14 01:00:00,-0.046511627906976605,4994,63782,1,2,1,68334,0,3.2,1391302551.32762,-0.062011627906976605,1376.3333853600002,False,False,0.18635516948978406,342260.42762659455,-0.0022291495416505687,1.1215116454476988,-0.008368051917582005,0.04013238018856632,1.2920060976131372e-06,0.004390992398873982,0.039146082127124705,0.00775788258377998,0.023451982355452344,8.057321090915725,1.1346000594113383e-06,1469.6572476420142,0.33085406514490895,0.06898928121059263,0.3407974148963232,0.42484335203596085,0.0779069767441859,-0.06851618327028164,-0.2597730138713745,-0.4081546868432113,-0.8263976460697771,-0.4066688460281138,-0.6970576046415249,-0.09757040942044545
2019-12-15,1576368000,0.0002641,0.0002398,0.000246,2290109.59,565.52,0.0002469,multiply,ETH,2019-12-15 01:00:00,0.003658536585365635,4994,63782,0,0,0,0,0,0.0,1391302551.32762,-0.011841463414634365,565.4280577709999,False,False,0.18567586753538634,343512.5999227894,-0.009922910570990087,1.1263489386336527,-0.008208092280166026,0.04014079551566497,9.89240898068263e-07,0.004386585403025859,0.006982220828537225,0.007664285699138971,0.007323253263838098,9.099137193016286,1.105810111373514e-06,1265.2907265711642,0.3154655039753783,0.06898928121059263,0.22634465254246908,0.32534712739474947,-0.04878048780487787,0.0046511627906975495,-0.13449612403100786,-0.32325581395348846,-0.6678294573643413,-0.39973306639973294,-0.6967923710446469,-0.09757040942044545
2019-12-16,1576454400,0.0002521,0.0002242,0.0002469,5547037.72,1317.41,0.0002375,multiply,ETH,2019-12-16 01:00:00,-0.038072093965167975,4994,63782,0,0,0,0,0,0.0,1391302551.32762,-0.05377209396516798,1317.4214585,False,False,0.1930247229241553,330434.35594030976,-0.002480811046448564,1.1341564012669492,-0.008946665611148359,0.039876341076065455,4.06401941282615e-07,0.004496538124716424,0.0,0.007664285699138971,0.0038321428495694857,8.578678796371912,9.606795398948123e-07,1235.2925218486469,0.31661964606309306,0.06898928121059263,0.360534717589314,0.43805626366263345,0.0036452004860265674,-0.03252032520325199,-0.2012195121951219,-0.27276422764227637,-0.7052845528455283,-0.4537068670994191,-0.6332151053619863,-0.09757040942044545
2019-12-17,1576540800,0.0002259,0.0002076,0.0002375,13799688.9,3033.14,0.0002198,multiply,ETH,2019-12-17 01:00:00,-0.07452631578947366,4995,63785,3,11,7,68341,0,46352588.322439,1391302551.32762,-0.09012631578947367,3033.17162022,False,False,0.208578380105874,305808.3007818109,-0.0008560686004659958,1.203287742449065,-0.00828068812354594,0.04019183272490643,9.468978959629445e-07,0.004624805440305184,0.0,0.0,0.0,1.442566213332114,9.40749071796572e-07,1234.4400032206825,0.30456527314696075,0.06898928121059263,0.47801099069850367,0.5542617519521996,-0.039578947368420936,0.04252733900364514,0.020251113811259547,-0.20210611583637106,-0.7233697853381937,-0.42131979695431454,-0.40298786181139135,-0.09757040942044545
2019-12-18,1576627200,0.0002688,0.0002355,0.0002198,5111110.39,1285.46,0.0002515,multiply,ETH,2019-12-18 01:00:00,0.14422202001819828,4996,63787,2,11,9,68350,0,21537748.9287333,1391302551.32762,0.12862202001819828,1285.4442630849999,False,False,0.18229409721322967,349912.5916588964,-0.0015064063193522086,1.3788293123216213,-0.003945412786623992,0.04073303826756139,2.1800949170442204e-06,0.004969423978177001,0.03776131421902342,0.09228447736980654,0.06502289579441498,0.0,9.403734286924728e-07,1271.2460160448245,0.28186714542190305,0.12862202001819828,0.35706326351650564,0.44761724848739626,-0.08052775250227473,0.002105263157894832,-0.05557894736842117,-0.24,-0.7684210526315791,-0.6800330715171559,-0.445790193397148,-0.09757040942044545
2019-12-19,1576713600,0.0002643,0.0002258,0.0002515,3477807.73,785.38,0.0002258,multiply,ETH,2019-12-19 01:00:00,-0.1021868787276341,4998,63789,2,8,5,68355,0,710559.2032,1391302551.32762,-0.1175868787276341,785.2889854340001,False,False,0.20304872874660498,314156.1160897766,-0.002904602050897254,1.0198031938855097,-0.01230943414960021,0.04191615922702744,9.239142570811739e-07,0.005241831842561444,0.05220489549166639,0.12002422151677555,0.08611455850422098,-9.683946953862982,9.637044767769189e-07,1329.027013584607,0.3225185945114132,0.12862202001819828,0.2899657587107405,0.3860465905005509,0.12604373757455267,-0.08234758871701553,-0.12556869881710653,-0.3858052775250227,-0.848953594176524,-0.5301156761069006,-0.3288924239411415,-0.09967952056110431
2019-12-20,1576800000,0.0002417,0.000225,0.0002258,7285937.71,1676.92,0.0002302,multiply,ETH,2019-12-20 01:00:00,0.019486271036315284,5001,63791,2,11,11,68366,0,6891325.52286323,1391302551.32762,0.0037862710363152814,1677.222860842,False,False,0.199173937675237,320277.8473156181,-0.0023479557801963,1.0122789351314634,-0.010943527430650975,0.04185367099119185,5.644271870878518e-07,0.005106374137226332,0.01444358127264297,0.02773974414696901,0.02109166270980599,2.2350874477634335,1.0018024036598004e-06,1325.0499051564893,0.2895614260066684,0.12862202001819828,0.39654637702012446,0.48839223498080475,-0.11381753764393254,-0.025844930417495027,-0.01073558648111339,-0.17932405566600407,-0.5252485089463221,-0.48989490703314487,-0.7291541089009443,-0.09967952056110431
2019-12-21,1576886400,0.0002295,0.0002193,0.0002302,2935929.85,662.67,0.0002257,multiply,ETH,2019-12-21 01:00:00,-0.019548218940052098,5001,63792,1,2,1,68367,0,98.67,1391302551.32762,-0.0352482189400521,662.639367145,False,False,0.20314824636139847,314016.9858346438,-0.005938178886752549,1.1348293385871302,-0.010500667530428505,0.04062602531412317,1.2055054878189843e-06,0.004849959329213699,0.0,0.02441313316567942,0.01220656658283971,5.391741292437222,9.971887952160674e-07,1379.417986423411,0.2952038984354963,0.12862202001819828,0.27158313150693286,0.3686340358109363,0.019113814074717683,-0.08945969884853855,-0.1372896368467671,-0.38618246235606724,-0.6324180690876882,-0.4138473642800944,-0.9280000000000002,-0.09967952056110431
2019-12-22,1576972800,0.0002386,0.000228,0.0002257,1758725.25,414.98,0.000236,multiply,ETH,2019-12-22 01:00:00,0.04563579973416032,5001,63793,1,9,8,68375,0,648343.3557575,1391302551.32762,0.02993579973416032,415.05915899999997,False,False,0.1942850760792191,328347.4021133183,-0.007437645264895604,1.0572318987193172,-0.0117026315697782,0.0406100398326186,4.762726601145746e-07,0.004689221503137464,0.0047393596275245396,0.02441313316567942,0.014576246396601981,8.991520837785938,1.0328248263717648e-06,1441.2310323637896,0.2894331879969223,0.12862202001819828,0.20933851607215984,0.30748726553040195,-0.01993797075764281,-0.07254561251085989,-0.10338835794960888,-0.32884448305821024,-0.5612510860121633,-0.30451713395638635,-1.015030946065429,-0.09967952056110431
2019-12-23,1577059200,0.0002357,0.0002229,0.000236,3727080.17,854.62,0.0002293,multiply,ETH,2019-12-23 01:00:00,-0.028389830508474545,5002,63795,2,11,11,68386,0,1048213.8434,1391302551.32762,-0.04408983050847455,854.6194829809999,False,False,0.19996823138487513,319025.67501942324,-0.004167614183338102,1.1351844267805218,-0.010453983118703134,0.040645594292735183,2.9832415573732606e-07,0.004693802481507761,0.005579903995087231,0.008193686375194997,0.006886795185141114,3.6432077919084467,1.0739087626353133e-06,1467.3748854369474,0.3863152725486986,0.12862202001819828,0.3113314659426043,0.40244133758037576,0.04364406779661012,-0.05228178998670807,-0.04740806380150642,-0.3278688524590163,-0.4842711564023039,-0.3440944881889765,-1.0182321717055158,-0.09757040942044545
2019-12-24,1577145600,0.0002292,0.0002202,0.0002293,2246285.24,503.25,0.000224,multiply,ETH,2019-12-24 01:00:00,-0.023113824683820283,5002,63796,1,2,1,68387,0,28.44,1391302551.32762,-0.03861382468382028,503.16789376,False,False,0.2047028312833926,311651.77149738686,-0.007487211358327872,1.1239722272355201,-0.010482487335249474,0.040637125647942814,6.142585465436673e-07,0.004660971917565759,0.0008405443675626913,0.053806539318864026,0.02732354184321336,-1.8564753994338243,1.0901949322744438e-06,1456.5237959407903,0.3976070747355644,0.12862202001819828,0.24258303210312224,0.33232949855331706,-0.02921936327954655,0.06864406779661014,-0.004237288135593209,-0.24025423728813577,-0.44661016949152543,-0.324450084602369,-0.7819767441860466,-0.09757040942044545
2019-12-25,1577232000,0.0002189,0.0002014,0.000224,647534.68,132.85,0.0002052,multiply,ETH,2019-12-25 01:00:00,-0.08392857142857146,5003,63799,3,12,9,68396,0,1355916.94635556,1391302551.32762,-0.09942857142857146,132.87411633600001,False,False,0.2234677897673692,285495.2835324276,-0.018647643727342105,1.0733861597994439,-0.01054939278401353,0.03943193654951845,3.616523906176001e-07,0.004514329682140872,0.004390018382380818,0.06698450138965165,0.03568725988601623,3.6556737030197315,1.0797021118907696e-06,1508.9479875927352,0.38841685451707997,0.12862202001819828,0.06775163198278744,0.1567661976082176,-0.023660714285714146,-0.0968163977322285,-0.03750545137374628,-0.2887047535979068,-0.36546009594417805,-0.2523206751054854,-0.963375796178344,-0.09909799899573184
2019-12-26,1577318400,0.0002075,0.0002024,0.0002052,126661.74,25.64,0.0002024,multiply,ETH,2019-12-26 01:00:00,-0.013645224171540016,5003,63800,1,5,3,68399,0,1065544.29973333,1391302551.32762,-0.029545224171540017,25.636336176,False,False,0.22656279254541617,281599.6363887103,-0.1675108980719216,1.0663993994679466,-0.010921243209674917,0.039420261527924924,9.55033944336606e-08,0.004465857455803055,0.004390018382380818,0.02137164844598262,0.012880833414181718,7.803186388065067,1.1143179148787074e-06,1448.8379015979906,0.3558175827986822,0.12862202001819828,-0.15185800760190374,-0.05997044747082767,-0.09161793372319682,-0.008035714285714368,-0.1517857142857142,-0.07991071428571428,-0.32499999999999996,-0.23791509037410674,-0.9367088607594936,-0.09909799899573184
2019-12-27,1577404800,0.0002176,0.0002037,0.0002024,429223.78,89.59,0.0002087,multiply,ETH,2019-12-27 01:00:00,0.031126482213438722,5002,63800,0,14,9,68408,0,598317.362738467,1391302551.32762,0.015526482213438721,89.57900288600001,False,False,0.21972357072923926,290364.8424620743,-0.03873336599237912,1.1452283459684875,-0.0077325902679886175,0.03969801519627055,1.8426140418945603e-08,0.004530038024434445,0.007832277960519017,0.0,0.0039161389802595085,5.081610356927721,1.068489606009621e-06,1307.8805762993054,0.35096237211721865,0.12862202001819828,0.03024951795840792,0.10483791959334447,-0.013833992094861802,-0.12183235867446407,-0.19883040935672525,-0.22173489278752445,-0.4351851851851851,-0.1806201550387596,-0.8590389016018307,-0.09909799899573184
2019-12-28,1577491200,0.0002167,0.0002103,0.0002087,444253.21,93.98,0.0002115,multiply,ETH,2019-12-28 01:00:00,0.013416387158600829,5005,63802,2,6,4,68412,0,736208.82602,1391302551.32762,-0.0021836128413991723,93.959553915,False,False,0.21682149746122167,294260.48960579163,-0.045884406824687286,1.1266818392185287,-0.007931066143065922,0.039727687971073955,6.438499146035577e-08,0.004261664084289854,0.007832277960519017,0.0,0.0039161389802595085,4.131609961251998,9.654078764458494e-07,1249.1380489188273,0.36188659615051155,0.12862202001819828,0.05068284722943901,0.11105852182918763,0.03018687110685203,-0.11511857707509887,-0.21986166007905128,-0.22233201581027684,-0.5049407114624507,-0.205691056910569,-0.7883195831524101,-0.09909799899573184
2019-12-29,1577577600,0.0002247,0.0002153,0.0002115,1350629.83,290.76,0.0002153,multiply,ETH,2019-12-29 01:00:00,0.017966903073286078,5007,63803,1,5,4,68416,0,747660.09345805,1391302551.32762,0.002366903073286077,290.790602399,False,False,0.21299798171842296,299547.4393008366,-0.013821711907454038,1.1427934380036147,-0.007024560905116247,0.039891751898475214,6.753351657792991e-08,0.004074044019745088,0.0,0.014779603261880181,0.007389801630940091,7.543472579668666,9.20612187238602e-07,1224.5234637175774,0.36674180683197505,0.12862202001819828,0.22079322516694966,0.2598580844100376,0.013238770685579104,-0.13080977479635836,-0.1379971250598946,-0.21801629132726408,-0.42117872544322,-0.2677197245848524,-0.8692765567765568,-0.09909799899573184
2019-12-30,1577664000,0.0002195,0.0002063,0.0002153,3862268.08,817.14,0.0002116,multiply,ETH,2019-12-30 01:00:00,-0.01718532280538787,5008,63805,2,7,4,68420,0,653558.267911411,1391302551.32762,-0.03228532280538787,817.255925728,False,False,0.21672922006537151,294399.6198609244,-0.004972370902175166,1.0828379040984215,-0.008383644326905177,0.03956834748772288,2.0900601534980257e-07,0.0040138688683403105,0.0,0.014779603261880181,0.007389801630940091,6.01751830989819,9.004830827067576e-07,1195.122848273731,0.3733310213282469,0.12862202001819828,0.3759830740420054,0.3958822116182417,0.017649790989317293,-0.08416075650118193,-0.03924349881796707,-0.21418439716312077,-0.479905437352246,-0.28800000000000003,-0.57592778335005,-0.09909799899573184
2019-12-31,1577750400,0.0002088,0.0002024,0.0002116,483272.4,99.68,0.0002063,multiply,ETH,2019-12-31 01:00:00,-0.02504725897920601,5008,63805,0,2,1,68421,0,80.32,1391302551.32762,-0.03984725897920601,99.69909612000001,False,False,0.2222971544635609,287025.716338888,-0.036981186619669315,1.1550380862119893,-0.008203063393001765,0.03957479898357781,5.874034550918859e-07,0.00390968642491566,0.001990540363389324,0.0,0.000995270181694662,4.530148892543452,8.776814083809336e-07,1176.1061444519182,0.3669152072134559,0.12862202001819828,0.08754780676218141,0.11835151799290661,-0.017485822306238186,-0.040408732001857794,-0.1681374825824431,-0.179749187180678,-0.42080817464003717,-0.36351228389444956,-0.6440359306454984,-0.09909799899573184
2020-01-01,1577836800,0.000209,0.0002063,0.0002063,96954.91,20.01,0.0002063,multiply,ETH,2020-01-01 01:00:00,0.0,5008,63806,1,2,1,68422,0,9.64,1391302551.32762,-0.0148,20.001797933000002,False,False,0.22230063847193743,287025.716338888,-inf,1.1462156726758046,-0.007917674918630688,0.03961305497503422,7.165881786449995e-08,0.003870067531900946,0.001990540363389324,0.0,0.000995270181694662,5.8069705651567025,8.614102425257132e-07,1125.4920359690072,0.3577249869949714,0.12862202001819828,-0.12939171412601236,-0.09339080743727483,-0.02569074163839069,0.03024574669187141,-0.06710775047258988,-0.1172022684310019,-0.41635160680529304,-0.1638170974155071,-0.5635258358662614,-0.09909799899573184
2020-01-02,1577923200,0.0002035,0.0001882,0.0002063,444843.51,88.82,0.0001997,multiply,ETH,2020-01-02 01:00:00,-0.031992244304411055,5008,63806,0,0,0,0,0,0.0,1391302551.32762,-0.047292244304411056,88.835248947,False,False,0.22964757995373405,277843.1195001257,-0.03874882787910589,1.1068520050387827,-0.008270856350071524,0.03974774965796261,1.4376310827514637e-08,0.003988411302868034,0.003984549025936887,0.0,0.0019922745129684434,8.175475924962285,8.222977052889643e-07,1141.3026288634123,0.3577249869949714,0.12862202001819828,0.09444198384559743,0.10315908133427797,0.0,0.018904507998061093,-0.11585070285991272,-0.14881240911294236,-0.4188075618031992,-0.30868024800708604,-1.7405128205128206,-0.09909799899573184
2020-01-03,1578009600,0.0002108,0.0001933,0.0001997,1347320.58,264.08,0.000196,multiply,ETH,2020-01-03 01:00:00,-0.01852779168753138,5009,63808,2,8,7,68429,0,713205.955685689,1391302551.32762,-0.03372779168753138,264.07483368,False,False,0.2339900980541675,272695.30006021354,-0.015103610462194751,0.8677826337124679,-0.009554235578546861,0.03180335612557405,6.385041762644e-08,0.003896497476600268,0.015243257621833034,0.011218432185694889,0.013230844903763962,3.7736541370130308,8.317113410368981e-07,1112.5537953949188,0.346280561817236,0.12862202001819828,0.25590432741279673,0.24673342461979647,-0.03304957436154221,-0.011633543383422262,-0.09403780901599612,-0.15317498788172568,-0.43238002908385864,-0.05082536924413539,-1.244940538284999,-0.09909799899573184
2020-01-04,1578096000,0.0002028,0.0001921,0.000196,299166.11,60.68,0.0002028,multiply,ETH,2020-01-04 01:00:00,0.03469387755102038,5009,63810,2,9,8,68437,0,975654.62125,1391302551.32762,0.019493877551020382,60.670887107999995,False,False,0.22615136449937367,282156.15740924136,-0.05540041043186352,1.0331579557007529,-0.005691683027135921,0.03302424698013057,1.898040317887812e-07,0.0038968717702326378,0.02832800452684734,0.033806610395221745,0.031067307461034543,-5.196025196464527,8.088118165223138e-07,1027.5367101965678,0.34580098800282283,0.12862202001819828,0.05737476069774265,0.05261677903867731,-0.018877551020408223,-0.059088632949424014,-0.18177265898848272,-0.2919379068602903,-0.21131697546319472,-0.11076650420912726,-1.1183585313174946,-0.09909799899573184
2020-01-05,1578182400,0.0002045,0.0001937,0.0002028,38664.12,7.488,0.0001937,multiply,ETH,2020-01-05 01:00:00,-0.044871794871794934,5009,63811,1,4,3,68440,0,25000.0056666667,1391302551.32762,-0.06007179487179493,7.489240044,False,False,0.23677963588746034,269495.30419215997,-0.414454048736353,1.122518957490907,-0.004644056249240461,0.03332487864241892,4.360725641601543e-08,0.0038401351691447643,0.017069295930951193,0.062334841832384545,0.03970206888166787,4.495085961576596,7.4474014138367e-07,885.3264464322176,0.35779816513761464,0.12862202001819828,-0.22833002273034386,-0.22331684390524117,0.033530571992110514,-0.09846938775510217,-0.16989795918367356,-0.2551020408163267,-0.2790816326530614,-0.04830508474576267,-0.9545943619539488,-0.09909799899573184
2020-01-06,1578268800,0.0002135,0.0002005,0.0001937,587561.5,124.62,0.0002121,multiply,ETH,2020-01-06 01:00:00,0.09499225606608164,5010,63812,1,8,6,68446,0,994707.079933334,1391302551.32762,0.07959225606608164,124.62179415,False,False,0.21624202839381956,295095.27113658824,-0.018888830174958685,1.1944265010686275,-0.0037900760406777453,0.03308232799345483,5.382898232202303e-09,0.003499983396689215,0.009652205419971546,0.04787251335234465,0.0287623593861581,3.7990980651761745,6.387424613888329e-07,849.3083287487736,0.34174311926605505,0.12862202001819828,0.20042755608568782,0.14753162638377773,-0.046979865771812124,-0.04339250493096647,-0.10453648915187386,-0.2174556213017751,-0.21992110453648905,-0.10859136502398603,-1.0700681871620032,-0.09909799899573184
2020-01-07,1578355200,0.0002105,0.0001947,0.0002121,191908.7,38.74,0.0002019,multiply,ETH,2020-01-07 01:00:00,-0.048090523338048086,5010,63813,1,7,5,68451,0,17530844.01768,1391302551.32762,-0.06329052333804809,38.74636653,False,False,0.22717014845595448,280903.9851130465,-0.07832141212339921,0.6391672164717619,-0.015289857691328792,0.03742085380840571,8.957203020369823e-08,0.003555052866901919,0.009652205419971546,0.00812584972948696,0.008889027574729253,-4.422721786106328,6.100218338093125e-07,807.4758898762997,0.37553116147308785,0.12862202001819828,0.04123282247058555,-0.006616478913521527,0.08675153229608679,-0.06504904491481667,-0.05937016004130102,-0.22612287041817258,-0.3123386680433662,-0.14642857142857157,-0.8242296918767507,-0.09909799899573184
2020-01-08,1578441600,0.0001983,0.0001786,0.0002019,361447.28,68.13,0.0001885,multiply,ETH,2020-01-08 01:00:00,-0.06636948984645863,5012,63815,2,11,7,68458,0,488027.766571429,1391302551.32762,-0.08136948984645863,68.13281228000001,False,False,0.2433267399210258,262260.5309252564,-0.03981220982357968,0.6287379870656691,-0.017145495589139727,0.03731808674388434,2.7848986902976015e-08,0.0036273104430317718,0.005160280562935591,0.018016889921272407,0.011588585242103999,-15.81835276200354,5.76737058685787e-07,769.7682863396129,0.37703081232493,0.12862202001819828,0.14040864550425114,0.07238784112837507,-0.050520059435364084,0.027345591702027328,0.045733144743045795,-0.03630363036303619,-0.2107496463932108,-0.23781676413255348,-0.8369591202486255,-0.0948385234175068
2020-01-09,1578528000,0.0001848,0.0001793,0.0001885,192771.22,34.82,0.0001806,multiply,ETH,2020-01-09 01:00:00,-0.04190981432360741,5012,63816,1,4,2,68460,0,89656.84035,1391302551.32762,-0.05720981432360741,34.814482332,False,False,0.2539745804321231,251269.24076976816,-0.09111826558740199,0.513110618535684,-0.016658623739009854,0.0359275102134725,4.897052205861749e-08,0.0034120863658563738,0.005160280562935591,0.03062137742854647,0.017890828995741032,-18.72801589937312,5.464277169088529e-07,724.954915163287,0.3520074696545285,0.12862202001819828,0.05487999302816322,-0.012789372666661407,-0.07108753315649863,0.0108964834076275,-0.03368003962357613,-0.24566617137196634,-0.25804853888063395,-0.1679841897233203,-0.7432525951557092,-0.0948385234175068
2020-01-10,1578614400,0.0001927,0.0001811,0.0001806,391927.01,70.98,0.0001811,multiply,ETH,2020-01-10 01:00:00,0.002768549280177224,5013,63817,1,4,2,68462,0,30.57,1391302551.32762,-0.012431450719822776,70.97798151100001,False,False,0.253277349403476,251964.892045432,-0.0829754762838682,0.5261960375321679,-0.018133429029502178,0.036692454530614094,2.5022941486579638e-08,0.0030844362403449977,0.0,0.0621460040843535,0.03107300204217675,-2.1502719846747844,5.105271473869372e-07,713.3679805887263,0.33725490196078434,0.12862202001819828,0.17983543845854216,0.08768640537746479,-0.0437430786267996,-0.039787798408488007,-0.12201591511936338,-0.19787798408488078,-0.2541114058355438,-0.13560134163871584,-1.1017950465803228,-0.0948385234175068
2020-01-11,1578700800,0.0001826,0.0001698,0.0001811,395642.16,67.75,0.0001712,multiply,ETH,2020-01-11 01:00:00,-0.05466593042517953,5013,63819,2,7,4,68466,0,665262.251163175,1391302551.32762,-0.06986593042517954,67.73393779199999,False,False,0.26793204134828075,238190.99678728852,-0.042910757922775135,0.6155164306638553,-0.01898075976961909,0.03568092085150526,5.10154900839295e-08,0.0028633292882319517,0.0,0.08317993923430625,0.041589969617153125,-8.64045722347699,5.127338981072165e-07,700.1842443912353,0.33818860877684415,0.12862202001819828,0.18493882219833851,0.08672821335675371,0.002760905577029349,-0.12292358803986714,-0.19213732004429684,-0.27464008859357714,-0.31229235880398676,-0.12482269503546117,-0.6310329273793416,-0.0948385234175068
2020-01-12,1578787200,0.000189,0.0001759,0.0001712,148340.73,27.61,0.0001861,multiply,ETH,2020-01-12 01:00:00,0.08703271028037385,5015,63823,4,15,16,68482,0,1472851.3338243,1391302551.32762,0.07183271028037384,27.606209853000003,False,False,0.24649565009423946,258921.4048020701,-0.08843920493819293,0.5774724245620946,-0.01837641259440589,0.03733770806643465,4.8683830650181994e-08,0.0027078104526119893,0.0,0.16094373868156914,0.08047186934078457,0.48021788400651033,5.032580754797725e-07,666.82698484048,0.3197012138188609,0.12862202001819828,0.060920909671826194,-0.027006430322966256,-0.057827102803738484,-0.06957482054113728,-0.16841524019878507,-0.2462727774710105,-0.31363887355052444,-0.19832791453785403,-0.509090909090909,-0.0948385234175068
2020-01-13,1578873600,0.0002184,0.0001825,0.0001861,334880.92,73.15,0.0002184,multiply,ETH,2020-01-13 01:00:00,0.1735626007522837,5017,63825,2,9,6,68488,0,207249.41384115,1391302551.32762,0.1581626007522837,73.13799292799999,False,False,0.21004706036810492,303860.4772099522,-0.023944011358686908,0.5677940147711569,-0.01201478976834967,0.0515456768729146,1.984198895248009e-08,0.0027955511197543872,0.01065344453942167,0.20728786335359106,0.10897065394650636,5.048255336367044,4.792825142196246e-07,650.3496015697842,0.3475256769374417,0.1581626007522837,0.22847619298787092,0.10747522385836278,0.08006448146157985,-0.23890186915887868,-0.20502336448598135,-0.37850467289719636,-0.5070093457943925,-0.1625708884688093,-0.5565884266790613,-0.0948385234175068
2020-01-14,1578960000,0.0002521,0.0001907,0.0002184,1509934.98,288.0,0.0001907,multiply,ETH,2020-01-14 01:00:00,-0.12683150183150182,5019,63827,2,6,6,68494,0,176566.31,1391302551.32762,-0.14213150183150183,287.944600686,False,False,0.24056484261274388,265321.39653817716,-0.007171156624427213,0.25845351523777804,-0.02030422322691031,0.05997967320743133,5.256800029455107e-08,0.003864967086967309,0.053541914260047875,0.07998254732924871,0.0667622307946483,3.4651786129215782,4.674393797015627e-07,650.6608856675482,0.407843137254902,0.1581626007522837,0.45505517850732247,0.2976642708552786,0.14789377289377292,-0.08490059108006442,-0.10854379365932298,-0.2321332616872649,-0.3218699623858141,-0.19680077556955888,-0.6922526817640047,-0.09909799899573184
2020-01-15,1579046400,0.0002211,0.0001912,0.0001907,1150004.97,250.41,0.0002177,multiply,ETH,2020-01-15 01:00:00,0.14158363922391204,5020,63828,1,3,2,68496,0,32766.63,1391302551.32762,0.12628363922391203,250.356081969,False,False,0.21073235754330885,302886.5654240229,-0.007808336954418794,0.580557387515208,-0.011620197797785663,0.06673820274679913,2.0696044897728044e-07,0.0038137404049354675,0.059333784380100146,0.0336513458485833,0.04649256511434172,-23.9544653046977,4.676631154357255e-07,630.8028737081839,0.3561157796451914,0.1581626007522837,0.4366109598078422,0.29250193616793346,-0.14525432616675404,0.13690476190476186,0.08562271062271054,-0.02564102564102555,-0.13049450549450547,-0.15123606398448852,-0.7421856639247943,-0.09909799899573184
2020-01-16,1579132800,0.0002117,0.0001985,0.0002111,953196.38,189.26,0.0001985,multiply,ETH,2020-01-16 01:00:00,-0.08819476343592103,5021,63829,1,5,3,68499,0,3694897.0281,1391302551.32762,-0.10359476343592103,189.20948143,False,False,0.231119158630259,276173.5564385326,-0.014896902203812784,0.48820568607523673,-0.013121464606814416,0.06750621908544863,1.7994366626446793e-07,0.0036594810577002114,0.03688236511347818,0.057635843407584916,0.04725910426053155,-9.402718751895746,4.5339015091020586e-07,401.0942337092213,0.40653594771241836,0.1581626007522837,0.40822774569266723,0.2551638209666195,0.12402388608176396,0.052962768746722566,-0.02779234399580499,-0.07603565810173052,-0.24541164132144733,-0.100650976464697,-0.7371428571428569,-0.10001009299394394
2020-01-17,1579219200,0.0002105,0.0002003,0.0001985,164642.45,32.98,0.0002003,multiply,ETH,2020-01-17 01:00:00,0.00906801007556668,5025,63832,3,13,8,68507,0,3271227.0015,1391302551.32762,-0.006331989924433321,32.977882735,False,False,0.22905296675432174,278677.90103092225,-0.14261080594582123,0.18002765260672296,-0.018765769705039344,0.06514497069519934,1.3599449037842345e-07,0.0033960900152992224,0.020437050454004232,0.09309727720793463,0.056767163830969435,-1.8198194029930104,2.882868527240793e-07,360.93590204507086,0.38777104903301424,0.1581626007522837,0.19167869597565368,0.02251491111387952,-0.09672544080604539,0.16812126779972436,0.0684428112080846,0.07028020211299968,-0.009646302250803762,-0.28316326530612246,-0.7859251968503935,-0.10001009299394394
2020-01-18,1579305600,0.0002053,0.0001862,0.0002003,671835.18,125.08,0.0001862,multiply,ETH,2020-01-18 01:00:00,-0.07039440838741884,5025,63833,1,5,3,68510,0,67007.89062,1391302551.32762,-0.08579440838741884,125.09571051600001,False,False,0.2464018689141714,259060.53505720285,-0.021212889189739594,0.464974977006297,-0.015518310468844955,0.06400955756293612,2.370288382173351e-08,0.0032126829890097653,0.024413283669283074,0.10891431075107685,0.06666379721017997,-8.130658425261448,2.594230145705229e-07,348.8846006790169,0.3982899184728574,0.1581626007522837,0.44578124163388877,0.20727268395518395,0.00898652021967039,0.13753148614609578,0.024181360201511404,-0.05138539042821155,-0.2670025188916876,-0.1134122287968442,-0.7385297184567257,-0.10001009299394394
2020-01-19,1579392000,0.0002154,0.0001719,0.0001862,468584.81,94.65,0.000202,multiply,ETH,2020-01-19 01:00:00,0.0848549946294308,5028,63839,6,22,25,68535,0,1007244.58219548,1391302551.32762,0.0694549946294308,94.65413162,False,False,0.22715020048211465,281043.1153681793,-0.026061318006839317,0.3420292742220207,-0.014417404118192001,0.06609291938951777,8.991265803159073e-08,0.003785500020678634,0.09167039991244824,0.10891423045198043,0.10029231518221433,2.4556853296656627,2.5076113052915877e-07,227.6519438209403,0.37352056168505515,0.1581626007522837,0.41515790956249354,0.17300131693737708,-0.07572502685284643,0.0708936595107339,-0.058911632551173376,-0.055916125811283024,-0.1273090364453322,-0.1884357253484772,-0.5716223548562127,-0.10001009299394394
2020-01-20,1579478400,0.0002151,0.0001818,0.000202,331328.5,60.23,0.0001818,multiply,ETH,2020-01-20 01:00:00,-0.09999999999999998,5030,63841,2,6,4,68539,0,19948827.20135,1391302551.32762,-0.11539999999999997,60.2355213,False,False,0.252397018697708,252938.80383136132,-0.038226366159033236,0.5609517888239081,-0.014722061271718203,0.06784686558034556,6.803274494801894e-08,0.004097739594472189,0.12713548791350018,0.0932650559397266,0.11020027192661339,-7.200055493333561,1.6362504589940443e-07,211.71090671477054,0.40521564694082246,0.1581626007522837,0.4082407227340633,0.11816317503934494,0.07821782178217829,-0.1729323308270676,-0.08431793770139628,-0.1562835660580022,-0.23630504833512367,-0.06412069778406404,-0.6215915414579853,-0.10219576740428211
2020-01-21,1579564800,0.0002219,0.0001711,0.0001818,355801.32,68.09,0.0001914,multiply,ETH,2020-01-21 01:00:00,0.05280528052805278,5031,63842,1,4,2,68541,0,173.89,1391302551.32762,0.03760528052805278,68.100372648,False,False,0.23974136233109403,266295.30832410645,-0.04318836988560833,0.42667470606387914,-0.015550592090416435,0.06829849548723335,4.329433683746326e-08,0.005132350872197146,0.06156892424551902,0.02415235658989001,0.042860640417704515,2.6114443878339166,1.5216741068486512e-07,207.83154706445666,0.3646940822467402,0.1581626007522837,0.4567576006298661,0.13935508252350984,-0.11111111111111116,0.05594059405940599,0.06683168316831689,-0.04752475247524757,-0.11732673267326743,-0.1688954928182267,-0.7617910447761194,-0.10219576740428211
2020-01-22,1579651200,0.0001913,0.0001862,0.0001914,37139.11,7.104,0.0001913,multiply,ETH,2020-01-22 01:00:00,-0.0005224660397074032,5031,63842,0,3,2,68543,0,114572.35,1391302551.32762,-0.0157224660397074,7.104711742999999,False,False,0.23986668452781698,266156.1780689737,-1.063653367704679,0.4583615243301588,-0.013874158669932257,0.0679623841359278,4.894720604301107e-08,0.005105853362697508,0.006792345454013051,0.0,0.0033961727270065255,2.310765689486587,1.4937911733586485e-07,165.52605207795395,0.3839518555667001,0.1581626007522837,0.04747991809625294,-0.16232182908147105,0.050156739811912154,-0.19746974697469755,0.0066006600660065695,-0.13476347634763486,-0.29812981298129815,-0.216445623342175,-0.7082601054481545,-0.10219576740428211
2020-01-23,1579737600,0.0002017,0.0001854,0.0001913,1001082.88,192.11,0.0001919,multiply,ETH,2020-01-23 01:00:00,0.003136434918975528,5032,63843,1,3,2,68545,0,655974.05,1391302551.32762,-0.012363565081024472,192.10780467200001,False,False,0.23912045597237863,266990.9595997703,-0.03000746643299899,0.4077341897517141,-0.013731801781860595,0.06798433216665535,5.106518158987406e-09,0.0051912605750054856,0.009462104698426595,0.00988566131696242,0.009673883007694508,4.438460361092567,1.1897200355163895e-07,151.41693190954936,0.38375125376128383,0.1581626007522837,0.731619789453112,0.2899760332473728,-0.000522739153162588,-0.03709508881922674,0.05381400208986409,-0.07784743991640553,-0.19801462904911182,-0.24031007751937983,-0.7665282657297985,-0.10219576740428211
2020-01-24,1579824000,0.0001949,0.0001901,0.0001919,453290.11,88.36,0.0001949,multiply,ETH,2020-01-24 01:00:00,0.015633142261594513,5033,63844,1,3,2,68547,0,294953.16,1391302551.32762,0.0002331422615945121,88.346242439,False,False,0.23544348000014131,271164.8672537531,-0.04706891883055188,0.2536205046901833,-0.011966779950822121,0.06663637453099794,1.3807766289847262e-07,0.005149881341436921,0.010019231787453715,0.029865944093525672,0.019942587940489694,-3.240620884783329,1.0883106033627486e-07,151.56842061026475,0.3849548645937813,0.1581626007522837,0.6055210972374191,0.19341778768537096,0.0031266284523190357,-0.04704652378463159,0.10507056978567697,-0.04391008886565606,-0.17093570308416095,-0.13307564881281064,-0.8925202156334233,-0.10219576740428211
2020-01-25,1579910400,0.0001972,0.0001908,0.0001949,31180.88,6.15,0.0001972,multiply,ETH,2020-01-25 01:00:00,0.011800923550538744,5034,63845,1,3,2,68549,0,12849.71,1391302551.32762,-0.003599076449461256,6.148869536,False,False,0.23270108013669177,274364.86312180664,-0.7220152350909159,0.23513297501218752,-0.011406311064524128,0.06662405753567259,6.349894374498022e-08,0.005161839110667471,0.005658919967856175,0.019980282776563253,0.012819601372209714,0.5582581665563744,1.0893994298050694e-07,152.03532878566472,0.3909729187562688,0.1581626007522837,0.0769793678348956,-0.16419451668018262,0.015392508978963493,0.02970297029702973,0.030224075039082865,-0.021365294424179115,-0.06930693069306937,-0.18224299065420557,-1.033276740237691,-0.10219576740428211
2020-01-26,1579996800,0.0002063,0.0002063,0.0001972,35507.0,7.325,0.0002063,multiply,ETH,2020-01-26 01:00:00,0.04614604462474636,5035,63846,1,3,2,68551,0,42973.81,1391302551.32762,0.030746044624746362,7.3250941,False,False,0.22243999880699802,287025.716338888,-0.4199187050232887,0.26137454831902324,-0.010567163165983598,0.06694983121323834,4.419505685612792e-09,0.005084986807045989,0.0,0.0,0.0,5.691386776495442,1.0927553366490153e-07,153.37936157532582,0.3955867602808425,0.1581626007522837,0.11280607809274291,-0.1310366709665431,0.01166328600405675,-0.03642893791688051,-0.12057465366854792,-0.0405336069779374,-0.03848127244740884,-0.12144008597528222,-0.9770190413657256,-0.10219576740428211
2020-01-27,1580083200,0.000209,0.0002073,0.0002063,40366.0,8.369,0.0002073,multiply,ETH,2020-01-27 01:00:00,0.004847309743092554,5037,63849,3,11,7,68558,0,382943.968882854,1391302551.32762,-0.010452690256907447,8.3678718,False,False,0.22137736616820028,288417.0188902156,-0.6368801467629096,0.2539844629473734,-0.011106717677026812,0.06691916895901333,5.264918182612538e-09,0.00506240508481504,0.0,0.019527132754203296,0.009763566377101648,2.2905229600082126,1.1024155847983383e-07,154.66395039439774,0.41384152457372114,0.1581626007522837,0.14347156083262785,-0.10156166175971447,0.04411051866214255,0.07809330628803246,0.03296146044624748,0.01774847870182561,-0.05831643002028408,0.03159340659340659,-1.433243425488874,-0.10219576740428211
2020-01-28,1580169600,0.0002182,0.0002147,0.0002073,8000.0,1.746,0.0002182,multiply,ETH,2020-01-28 01:00:00,0.05258080077182825,5039,63851,2,7,4,68562,0,67992.97,1391302551.32762,0.03728080077182825,1.7456,False,False,0.21032523147811216,303582.21669968666,-1.6873305626756623,0.40666367220504207,-0.008940209372904726,0.06722675557611073,6.01441562226357e-09,0.004983040549461139,0.0,0.019527132754203296,0.009763566377101648,-4.080335612964969,1.1116485788573666e-07,152.6574824900507,0.41584754262788365,0.1581626007522837,-0.16296451137480683,-0.31196977701991485,0.004823926676314483,0.07222491517207952,-0.05525933107125547,-0.02811439650993708,-0.025206010664081457,-0.12899842684845297,-1.2792332268370608,-0.10219576740428211
2020-01-29,1580256000,0.0002308,0.0002152,0.0002182,23954.33,5.238,0.0002187,multiply,ETH,2020-01-29 01:00:00,0.0022914757103575933,5039,63851,0,5,3,68565,0,279565.786666667,1391302551.32762,-0.012908524289642407,5.2388119710000005,False,False,0.20984437818255172,304277.8679753505,-1.160293457296687,0.36538688360789473,-0.009156017388387543,0.06719994348437167,1.254651620047918e-09,0.00502291952508571,0.0,0.07071397813343523,0.035356989066717616,-10.3564742426455,1.0972270721733431e-07,78.95608448056159,0.43771313941825474,0.1581626007522837,0.07195793371667361,-0.14888937543089786,0.04995417048579287,0.07718282682103239,0.04245055475156778,0.02604920405209843,-0.038591413410516084,0.028020211299954134,-1.2275253350768223,-0.10219576740428211
2020-01-30,1580342400,0.0002822,0.0002324,0.0002187,1505716.67,397.2,0.0002638,multiply,ETH,2020-01-30 01:00:00,0.2062185642432557,5040,63852,1,9,13,68578,0,337854.957864577,1391302551.32762,0.1903185642432557,397.208057546,False,False,0.17397150970224465,367025.61304022616,-0.0039747901664639535,0.21353989351479313,-0.002793108566311949,0.07636043723268025,3.765400966167265e-09,0.005431036566814785,0.05472291303384849,0.10042626250884013,0.07757458777134431,-4.225348750090962,5.674975899758069e-08,97.10582790535099,0.443161094224924,0.1903185642432557,1.1385665004337178,0.47437698003913986,0.0022862368541380906,0.12053162236480286,0.0820348304307974,0.13611365719523372,0.030247479376718567,-0.039294710327455906,-1.4150817484150817,-0.10219576740428211
2020-01-31,1580428800,0.0002678,0.0002319,0.0002638,682942.62,166.96,0.0002445,multiply,ETH,2020-01-31 01:00:00,-0.073161485974223,5041,63853,1,3,2,68580,0,435290.17,1391302551.32762,-0.08876148597422301,166.97947058999998,False,False,0.18770716977660623,340173.47379960306,-0.015661123700610083,0.2584647576209907,-0.004892684994318094,0.07770947193127291,2.8549366000010057e-07,0.005694614083371432,0.05493894691997721,0.029712284375404893,0.04232561564769105,-8.13020816537405,6.979490392847328e-08,97.04226987525126,0.534549138804458,0.1903185642432557,0.8728570154018696,0.3622317590484047,0.17096285064442762,0.10882487425697307,0.14860539551897578,0.17421124828532242,0.056698673982624626,-0.029955067398901747,-1.4270584215920739,-0.10219576740428211
2020-02-01,1580515200,0.0002516,0.0002498,0.0002445,112378.09,28.07,0.0002498,multiply,ETH,2020-02-01 01:00:00,0.021676891615542093,5042,63855,2,5,3,68583,0,195317.774066667,1391302551.32762,0.006076891615542092,28.072046882,False,False,0.18373034632600627,347547.3773216395,-0.1364883901933647,0.16054987847046415,-0.0039749300231025865,0.07751365976440537,1.2001664945605358e-07,0.0055450591214392985,0.00021603388612871971,0.00717237031633473,0.003694202101231725,-2.0899794830131597,6.974922153535248e-08,97.82665770070767,0.5015384615384615,0.1903185642432557,0.47194226120794774,0.11969059738678481,-0.07893660531697355,0.2524639878695982,0.23426838514025783,0.31349507202426086,0.2179681576952237,-0.07250268528464021,-1.5093062605752956,-0.10219576740428211
2020-02-02,1580601600,0.0002562,0.0002506,0.0002498,333.96,0.08493,0.0002543,multiply,ETH,2020-02-02 01:00:00,0.01801441152922334,5043,63857,2,7,4,68587,0,72439.90025,1391302551.32762,0.0,0.084926028,False,False,0.18048477394452425,353808.23880261375,-47.29507897055076,0.16443206267569302,-0.002334740244719589,0.07718567052570649,2.0176809749405592e-08,0.005420053009883926,0.0,0.00717237031633473,0.003586185158167365,4.450988241026491,7.031300101287008e-08,94.03778548691815,0.5211767160442312,0.1903185642432557,-0.789947650321796,-0.7117157259683178,0.021216973578863207,0.15623721881390584,0.256441717791411,0.29979550102249486,0.18323108384458076,0.02970297029702973,-1.7271599834642415,-0.10219576740428211
2020-02-03,1580688000,0.0002903,0.0002543,0.0002543,2053056.54,529.87,0.0002581,multiply,ETH,2020-02-03 01:00:00,0.01494298073141942,5045,63858,1,7,4,68591,0,75393.577075,1391302551.32762,0.0,529.893892974,False,False,0.17783028580015728,359095.1884976587,-0.00793274589768106,0.10144312034702657,-0.003570258792397604,0.07700273182876338,6.104066144273307e-11,0.005831668338107458,0.0390248066832225,0.044098181380333626,0.041561494031778064,0.5947092199566075,6.758974559285085e-08,123.01800975606159,0.5472347751237358,0.1903185642432557,1.147783852708391,0.5651616226932804,0.017695635076681038,0.17013610888710973,0.23378702962369902,0.2550040032025621,0.2153722978382706,-0.11551155115511547,-1.8125249301954525,-0.10219576740428211
2020-02-04,1580774400,0.0002827,0.0002563,0.0002581,285652.28,80.74,0.0002827,multiply,ETH,2020-02-04 01:00:00,0.09531189461449041,5046,63859,1,6,8,68599,0,236223.23917765,1391302551.32762,0.07981189461449041,80.75389955600001,False,False,0.1623583852704233,393321.2312603182,-0.029108200058576648,-0.06861278871745657,-0.00030093854418042354,0.07778304562455748,3.808617273563973e-07,0.0058532987705778,0.0390248066832225,0.2837841420579453,0.1614044743705839,-2.851461499284131,8.841930868212263e-08,121.83881073941971,0.5554120938239724,0.1903185642432557,0.6582010491839416,0.3082943804811149,0.014722975590856224,0.14195831694848604,0.2477388910735352,0.14117184427841134,0.20251671254423909,-0.012016718913270719,-1.8787388843977362,-0.10219576740428211
2020-02-05,1580860800,0.0004036,0.0002956,0.0002827,1478391.22,590.69,0.0003995,multiply,ETH,2020-02-05 01:00:00,0.41315882561018746,5047,63860,1,16,12,68611,0,338448.289004788,1391302551.32762,0.39765882561018745,590.61729239,False,False,0.11489220091833978,555825.3692553842,-0.0014966090659630407,0.08186978963154279,0.011797132395729857,0.1026327762877122,5.804194025155949e-08,0.006107415713426649,0.020852796457271523,0.252294765610084,0.13657378103367776,0.08537619314505207,8.757175829452603e-08,149.89410687352319,0.6375732972485341,0.39765882561018745,1.0688960816341078,0.6326369803576508,0.08701804032543337,0.1526540100736148,0.256489732661759,0.2611390933746609,0.24951569159240605,-0.10872974385781498,-1.9146341463414633,-0.10171997703261372
2020-02-06,1580947200,0.0004172,0.000347,0.0003995,1264007.33,481.66,0.0003811,multiply,ETH,2020-02-06 01:00:00,-0.04605757196495619,5049,63862,2,13,11,68622,0,383671.525243505,1391302551.32762,-0.06195757196495619,481.71319346300004,False,False,0.12044311668520831,530225.402310956,-0.006389410010684703,0.4884232329871526,0.016900884932277586,0.1017759721763911,4.245067270425231e-07,0.006516421091615912,0.035306887686985,0.02980226979453037,0.032554578740757685,-9.01381323662987,1.0773652842833502e-07,162.45504496901876,0.9009923319801534,0.39765882561018745,0.9563274743552578,0.6168039424954613,0.2923654568210263,0.06685532366466207,0.3105765829501238,0.22992571630703917,0.2497347010965687,-0.05211047420531534,-1.9879283489096569,-0.10171997703261372
2020-02-07,1581033600,0.0004106,0.0003838,0.0003811,583496.76,233.06,0.0003994,multiply,ETH,2020-02-07 01:00:00,0.04801889267908699,5050,63863,1,6,4,68626,0,692093.2045,1391302551.32762,0.03231889267908698,233.048605944,False,False,0.11492636584792432,555686.2390002514,-0.013028015060351854,0.6540004120373762,0.0215037874673137,0.10123888626925255,3.462318048675579e-07,0.006364721469462033,0.014454091229713476,0.16041080570612454,0.087432448467919,-7.3990156735035715,1.1676471434196652e-07,162.89724854858667,0.8594948128101038,0.39765882561018745,0.7757693760813378,0.5224554511581564,-0.04828129099973766,0.38798498122653324,0.5063829787234042,0.5031289111389237,0.4946182728410513,0.03283735248845554,-1.9988188976377956,-0.10171997703261372
2020-02-08,1581120000,0.0005625,0.0003995,0.0003994,2229654.69,1144.62,0.0005134,multiply,ETH,2020-02-08 01:00:00,0.28542814221332,5051,63865,2,15,11,68637,0,620893.429808074,1391302551.32762,0.26972814221332003,1144.704717846,False,False,0.08940987148717787,714294.7298516001,-0.001095273700755282,0.39706463806762593,0.028762532767133277,0.11060039856917256,1.6750390180886138e-07,0.007470380845795263,0.012245997038339455,0.14321734084406654,0.077731668941203,-0.32043838039027683,1.1708254857517908e-07,241.71668709623614,0.900766801984664,0.39765882561018745,1.0800156455540806,0.786397685814776,0.04581872809213827,0.3445289950144319,0.4586722644975072,0.47441616373655215,0.5053791655733404,0.08417849898580121,-2.2174280879864634,-0.10171997703261372
2020-02-09,1581206400,0.0007132,0.0004412,0.0005134,2482896.17,1225.99,0.0004938,multiply,ETH,2020-02-09 01:00:00,-0.03817686014803279,5059,63874,9,36,49,68686,0,822962.694478508,1391302551.32762,-0.05387686014803279,1226.0541287459998,False,False,0.09297184443068002,687025.1998455788,-0.0026634433387867835,0.24408565527137027,0.026814045382537278,0.11093064730804016,8.227575783237733e-07,0.011324988212953423,0.01859564632200309,0.15638790476945189,0.08749177554572748,-0.292782459720355,1.7373409318166152e-07,305.34310709896636,1.0,0.39765882561018745,0.9721977678110787,0.8117571291874651,0.22204908453447603,0.3632949424136205,0.4809714571857787,0.5338007010515774,0.5478217325988983,0.12215220552593309,-1.9928270042194094,-0.10171997703261372
2020-02-10,1581292800,0.0005555,0.0004016,0.0004938,203920.21,87.81,0.0004306,multiply,ETH,2020-02-10 01:00:00,-0.1279870392871607,5059,63874,0,8,7,68693,0,1145468.99795714,1391302551.32762,-0.14378703928716072,87.808042426,False,False,0.106617502972294,599094.8786016732,-0.023412733264049364,0.4226851721827186,0.026215136113371628,0.11276082879066011,8.812275429065119e-07,0.012667558127463266,0.04337765173456574,0.265033556445735,0.15420560409015038,-4.141377132988925,2.1946564160872085e-07,305.0398476275152,0.9618231398519672,0.39765882561018745,0.43734120833617574,0.4013383743794133,-0.03969218307006894,0.49727308141799775,0.5749902610050643,0.6065446045968056,0.6472536034281262,0.17414375301495422,-3.4598570828079023,-0.11008764354616445
2020-02-11,1581379200,0.0004708,0.0003971,0.0004306,703165.05,282.59,0.0004019,multiply,ETH,2020-02-11 01:00:00,-0.06665118439386897,5060,63876,2,14,19,68712,0,1061475.5012714,1391302551.32762,-0.08235118439386897,282.602033595,False,False,0.11423472078060697,559164.4953785705,-0.009583379240808848,0.5359517110584375,0.02148070131634003,0.1155885533005186,6.311211198614643e-08,0.013132278775123445,0.047970025050483214,0.14711600915441925,0.09754301710245122,-6.51885127535205,2.1924767358216774e-07,303.20732966729713,0.8387222438644332,0.39765882561018745,0.6412108471888335,0.5967259960726454,-0.14677194612169053,0.4275010125556905,0.5571081409477521,0.6318347509113,0.6533009315512353,0.1471127406049496,-1.7724806201550387,-0.11008764354616445
2020-02-12,1581465600,0.0005296,0.0004152,0.0004019,3024836.63,1288.0,0.0004258,multiply,ETH,2020-02-12 01:00:00,0.059467529236128414,5061,63881,5,19,16,68728,0,1216168.41658841,1391302551.32762,0.04376752923612841,1287.975437054,False,False,0.10783120722490915,592416.6263553007,-0.002191287784938837,0.6248859456820358,0.018587642791243978,0.1123385413354275,2.0312047392232065e-07,0.014648036257101498,0.07599392479204478,0.03847035747813611,0.057232141135090446,-10.798094596853689,2.1793054959754672e-07,356.6460565578982,0.7828204129333853,0.39765882561018745,0.9005772754049113,0.8541673696251204,-0.07141079870614586,0.07222480260102182,0.3873664653971203,0.5555039479795634,0.5678123548536925,0.001371742112482921,-1.8715447154471545,-0.11008764354616445
2020-02-13,1581552000,0.0006043,0.0004243,0.0004258,2692053.6,1301.36,0.0004834,multiply,ETH,2020-02-13 01:00:00,0.1352747768905589,5063,63883,2,21,19,68747,0,559558.375043649,1391302551.32762,0.11937477689055889,1301.33871024,False,False,0.09498544794832949,672555.6533117715,-0.0015372225301655714,1.0834474457510372,0.03524985220803933,0.10686682658292967,9.257335407205123e-07,0.015670063498542535,0.14451829572915748,0.09950421444238068,0.12201125508576907,-9.265985123023944,2.5633968414531866e-07,402.2556703025014,0.8293728087261394,0.39765882561018745,0.849288071465857,0.8571455852427255,0.05612963832785345,0.051754167703408904,0.39163971137098785,0.5240109479970143,0.45658123911420756,0.27710386656558006,-2.08343458890239,-0.11008764354616445
2020-02-14,1581638400,0.000623,0.0004716,0.0004834,121848.42,57.46,0.0004716,multiply,ETH,2020-02-14 01:00:00,-0.024410426148117392,5068,63888,5,15,10,68757,0,102923.023383554,1391302551.32762,-0.04041042614811739,57.463714872000004,False,False,0.0973697186023385,656138.2832061057,-0.06461024918190339,0.6306815092262512,0.023331419196756714,0.104440437332796,9.35338405725071e-07,0.01759896500701088,0.12193439599752817,0.2051864060364415,0.16356040101698482,-11.162240421113522,2.8912163635339976e-07,404.52018877995374,0.9415660303856641,0.39765882561018745,0.2920173102555682,0.35349142001182193,0.11915597848572612,0.06200093940817286,0.41333959605448567,0.5493189290746829,0.5521371535932362,0.10961145194274013,-2.608421052631579,-0.11008764354616445
2020-02-15,1581724800,0.0005853,0.0004132,0.0004716,8919402.53,5173.45,0.00058,multiply,ETH,2020-02-15 01:00:00,0.22985581000848176,5068,63888,0,20,19,68776,0,1721205.26504571,1391302551.32762,0.21385581000848175,5173.2534674,False,False,0.0791716539532118,806955.4797700197,-0.0002842124571941035,-0.17017273960901114,0.025083339291829102,0.11096264258259751,4.13020983948937e-08,0.01900996715329562,0.13657152734349168,0.2034031862547282,0.16998735679910992,-2.748986332822696,2.9074926111071186e-07,964.1837575467616,0.9185820023373588,0.39765882561018745,1.0450429802542196,1.080823503844013,-0.02502120441051736,-0.06206040546131564,0.47393462970624745,0.5968142325196525,0.5496483243690525,0.2053642914331465,-2.8958143767060966,-0.11008764354616445
2020-02-16,1581811200,0.0005707,0.0004462,0.00058,2044297.95,922.81,0.0004514,multiply,ETH,2020-02-16 01:00:00,-0.2217241379310344,5069,63889,1,12,8,68784,0,247595.585539477,1391302551.32762,-0.23772413793103442,922.79609463,False,False,0.10172857342443714,628033.9716692877,-0.0016323446756034592,0.4812157638146855,0.024988833823346775,0.12236511914088616,3.7182807308615484e-06,0.01928980729658303,0.12080941778684272,0.1672468021031036,0.14402810994497317,-2.651340907965169,6.930079705716851e-07,964.3115979081078,1.0,0.39765882561018745,0.5966531346710359,0.751253913884714,0.18689655172413788,-0.04707379134860035,0.4527141645462257,0.5818490245971162,0.5790924512298559,0.21234762092017312,-2.5009940357852884,-0.11660278330019874
2020-02-17,1581897600,0.000504,0.000453,0.0004514,327262.94,149.14,0.0004557,multiply,ETH,2020-02-17 01:00:00,0.009525919361984991,5069,63890,1,12,8,68792,0,13860995.288875,1391302551.32762,-0.006474080638015009,149.133721758,False,False,0.10077023654755102,634016.5726399964,-0.031205141176826233,0.6371697404596476,0.030504094671934226,0.12078466634635779,6.632605494394027e-07,0.019489827174496266,0.07814585959933372,0.12454289055348686,0.10134437507641028,-1.8208947391149692,6.93099855950048e-07,964.019196245781,0.7782758620689656,0.39765882561018745,0.3222882042923316,0.47846140104555757,-0.2848914488258749,0.25758620689655176,0.5125862068965518,0.6443103448275862,0.6546551724137931,0.27857419604804334,-3.0566873339238265,-0.11660278330019874
2020-02-18,1581984000,0.0005064,0.0004527,0.0004557,319499.78,144.63,0.0004527,multiply,ETH,2020-02-18 01:00:00,-0.006583278472679477,5069,63890,0,2,1,68793,0,57.69,1391302551.32762,-0.022683278472679477,144.637550406,False,False,0.10143803135568588,629842.6649860136,-0.034729725410181836,0.6787849435851702,0.026440922372881103,0.12091574330109602,1.0719000092085824e-07,0.01918361781766987,0.051439966695148304,0.055017083111050614,0.053228524903099456,-5.8818142111735785,6.928896919838801e-07,963.3785623815721,0.7856896551724138,0.39765882561018745,0.3176087028154375,0.4782396574181535,0.009436032477507128,0.1096588391670359,0.11497563136907407,0.5407620735489589,0.5875055383252105,0.2854616200919703,-2.7619461337966986,-0.11660278330019874
2020-02-19,1582070400,0.0004942,0.000326,0.0004527,2262850.5,989.4,0.0004372,multiply,ETH,2020-02-19 01:00:00,-0.03423901038215149,5070,63891,1,12,9,68802,0,9221487.38039365,1391302551.32762,-0.050339010382151494,989.3182386,False,False,0.10503594589580757,608277.4754404355,-0.0034108232304418708,0.2710752608171537,0.024361089919662623,0.11879355398530435,1.039583735888235e-07,0.02188014384420185,0.04444378007754116,0.06777505613227058,0.05610941810490587,-7.020567331001375,6.924292357994234e-07,963.9654946536618,0.7805172413793103,0.39765882561018745,0.597007919428135,0.7836400080389175,-0.0066269052352552205,0.06561334211103798,0.16370419135396097,0.5211762124204521,0.5567259161729208,0.5449311639549437,-3.217102348249889,-0.11660278330019874
2020-02-20,1582156800,0.0004407,0.0003685,0.0004372,770326.85,331.52,0.0004304,multiply,ETH,2020-02-20 01:00:00,-0.015553522415370558,5071,63892,1,5,3,68805,0,148160.047133333,1391302551.32762,-0.03165352241537056,331.54867623999996,False,False,0.106697105707656,598816.6180914077,-0.012557637663757367,0.5295988546761417,0.025254368828265754,0.11924855687276299,7.110734021553864e-07,0.02161372073024201,0.04444378007754116,0.06777505613227058,0.05610941810490587,-8.683610147581648,6.928510939147053e-07,960.9859275583275,0.7537931034482759,0.39765882561018745,0.4289454644818898,0.6144439277961509,-0.035452881976212325,-0.06781533024077757,0.11773801634636627,0.5168986083499005,0.5984095427435387,0.49776961427446864,-3.766949152542373,-0.11660278330019874
2020-02-21,1582243200,0.0004489,0.0004196,0.0004304,211667.31,89.39,0.0004223,multiply,ETH,2020-02-21 01:00:00,-0.018819702602230426,5073,63893,1,6,4,68809,0,1718675.2525,1391302551.32762,-0.034819702602230426,89.38710501300001,False,False,0.10874533044637277,587547.0674256539,-0.04444545940481452,0.5226570059385419,0.02427991173553037,0.11955183662896152,2.3830091874957527e-07,0.021677234172158683,0.0009305325048196241,0.0,0.00046526625240981206,-4.7089452493032855,6.907095272996716e-07,959.6038217098608,0.7420689655172413,0.39765882561018745,0.23585268648537389,0.4157752705805048,-0.01579925650557623,-0.07868252516010976,-0.1742909423604757,0.3966148215919487,0.5622140896614822,0.5210315473209814,-3.1578717836894894,-0.11660278330019874
2020-02-22,1582329600,0.0004302,0.0004171,0.0004223,113974.2,48.43,0.0004249,multiply,ETH,2020-02-22 01:00:00,0.0061567605967320915,5074,63894,1,3,2,68811,0,7313.43,1391302551.32762,-0.009843239403267909,48.427637579999995,False,False,0.10808159990216827,591164.4540591057,-0.10510949472816462,0.4874672293009995,0.02348515519886232,0.11960813679010446,6.424706468604138e-08,0.021583355321801577,0.0009305325048196241,0.0517547068780903,0.02634261969145496,-2.227504390929276,6.897161374383882e-07,961.6522192117611,0.7281034482758622,0.39765882561018745,0.14589149128491616,0.3284305709886945,-0.019180677243665567,-0.34758364312267664,-0.1473048327137545,0.4319237918215614,0.5555297397769516,0.6262173743669653,-3.274107142857143,-0.11660278330019874
2020-02-23,1582416000,0.0004934,0.0004465,0.0004249,657155.95,315.18,0.0004796,multiply,ETH,2020-02-23 01:00:00,0.12873617321722763,5075,63895,1,5,3,68814,0,9910.12586666667,1391302551.32762,0.11273617321722763,315.17199361999997,False,False,0.0957560270003323,667268.7036167266,-0.006504353747130477,0.549152485549769,0.027590391492071202,0.1204073819884898,3.480740945511024e-08,0.021637657313345042,0.017134746754151404,0.151228051211487,0.0841813989828192,5.4093310086708115,6.911884250439459e-07,959.0481823770232,0.7325862068965516,0.39765882561018745,0.4198541055511029,0.6167308086142623,0.0061190868439632284,-0.0689083589865025,-0.019654274212645095,0.40847738574473125,0.5455837082642672,0.60530579181855,-4.901559454191033,-0.11660278330019874
2020-02-24,1582502400,0.0004863,0.0004146,0.0004796,1217562.58,504.75,0.0004146,multiply,ETH,2020-02-24 01:00:00,-0.13552960800667224,5075,63896,1,5,3,68817,0,53490.8764744133,1391302551.32762,-0.15152960800667226,504.80144566800004,False,False,0.11077016232582598,576834.0377804312,-0.003959111390049677,0.6360828978221866,0.024250739730639754,0.12318712917804434,2.265301629176587e-07,0.021825448662952066,0.017134746754151404,0.17288609764288312,0.09501042219851727,0.5842300595182586,6.893167711522361e-07,954.023968287234,0.8268965517241379,0.39765882561018745,0.4865582085610841,0.6870322668993504,0.11405337781484581,-0.07248764415156517,0.05413038361967515,0.4015062367615909,0.5413038361967522,0.5420343706456108,-3.5731225296442686,-0.13108642143476135
2020-02-25,1582588800,0.0003949,0.0003727,0.0004146,249881.49,93.14,0.0003727,multiply,ETH,2020-02-25 01:00:00,-0.10106126386878922,5076,63897,1,6,5,68822,0,2700661.8732,1391302551.32762,-0.11696126386878922,93.130831323,False,False,0.1232251892976,518538.460879804,-0.02461084412662746,1.1003340243361253,0.026693216036980074,0.12462728155049085,3.6282650756753395e-07,0.021822982777224494,0.0,0.07341275330948642,0.03670637665474321,-3.2380514380705065,6.85705612612352e-07,952.5114094619532,0.7148275862068966,0.39765882561018745,0.23612747137585677,0.42639997277181463,-0.15677761698022197,0.05608840700583817,0.11217681401167645,0.4618432026688908,0.5888240200166805,0.4866882309032098,-3.5577383804504077,-0.13108642143476135
2020-02-26,1582675200,0.0003423,0.0003222,0.0003727,162621.45,54.21,0.0003334,multiply,ETH,2020-02-26 01:00:00,-0.10544674000536614,5076,63899,2,6,3,68825,0,94431.0153533333,1391302551.32762,-0.12134674000536613,54.217991430000005,False,False,0.13775484569007698,463860.27061262855,-0.04149082672150177,1.6700785911749407,0.03468835772008473,0.12466846095924422,6.693787144581309e-08,0.02197864072727726,0.01245778868754866,0.03073148769762525,0.021594638192586956,-3.5238985343063405,6.846184595529133e-07,951.6682591788917,0.6425862068965518,0.39765882561018745,0.15655766577791627,0.3440760509422618,-0.1124228602092836,-0.054510371442354044,-0.16594307766521954,0.3181379643029426,0.5024119633381572,0.5131517144199155,-3.135224586288416,-0.13277835900974078
2020-02-27,1582761600,0.0003596,0.0003027,0.0003334,631544.52,215.58,0.0003414,multiply,ETH,2020-02-27 01:00:00,0.023995200959807894,5079,63901,2,11,7,68832,0,260379.86532,1391302551.32762,0.008395200959807893,215.609299128,False,False,0.1345310575715519,474990.69102324947,-0.017299353245532077,2.1479119187375555,0.04593058451141177,0.12387233406282376,3.896923165868105e-08,0.022434169712237377,0.027362110714072567,0.03073148769762525,0.02904679920584891,-14.234077048898795,6.840124445044559e-07,948.2749197827037,0.5748275862068966,0.39765882561018745,0.35746232828079894,0.5543484539245858,-0.117876424715057,-0.15481620606385826,-0.26536088006439496,-0.07190770056345586,0.4437885698953582,0.5486139842780307,-2.8941012540640965,-0.13277835900974078
2020-02-28,1582848000,0.000355,0.0003322,0.0003414,236730.01,80.27,0.0003391,multiply,ETH,2020-02-28 01:00:00,-0.0067369654364382026,5080,63902,1,3,2,68834,0,13383.81,1391302551.32762,-0.0212369654364382,80.275146391,False,False,0.13544565557610114,471790.69515519595,-0.06228759351083317,2.322508263821576,0.049845780331350655,0.12369836837854575,1.5496938384987475e-07,0.022410046872787935,0.01490432202652391,0.0,0.007452161013261955,-7.459392975089612,6.81573478664172e-07,946.8946211178843,0.5886206896551724,0.39765882561018745,0.21165732302614007,0.4046062221878144,0.023432923257176275,-0.2666466706658668,-0.7396520695860826,-0.14307138572285538,0.3455308938212358,0.5362595419847329,-2.864366729678639,-0.13277835900974078
2020-02-29,1582934400,0.0003374,0.0003243,0.0003391,138407.33,46.1,0.0003331,multiply,ETH,2020-02-29 01:00:00,-0.017693895606015864,5085,63905,3,9,6,68840,0,4042.33333333333,1391302551.32762,-0.03219389560601586,46.103481623,False,False,0.13789185847685415,463442.8798472303,-0.08751043170437699,2.17929844045897,0.041433379490046,0.12022444484507594,5.7697835969896845e-08,0.022023640214085115,0.009872368234967607,0.015622610314671218,0.012747489274819413,-5.164147268005506,6.805813877178123e-07,951.0806356182983,0.5846551724137931,0.39765882561018745,0.13013542728330363,0.3260375998645995,-0.006782659982306205,-0.24458113649677782,-0.3222026947861747,-0.16988869361452852,0.359402460456942,0.5451724137931034,-3.089675230247213,-0.13277835900974078
2020-03-01,1583020800,0.0003336,0.0003248,0.0003331,156416.72,50.81,0.0003248,multiply,ETH,2020-03-01 01:00:00,-0.024917442209546836,5086,63906,1,3,2,68842,0,82030.58,1391302551.32762,-0.039417442209546835,50.804150656,False,False,0.14141778574374445,451895.06867121096,-0.0726749130282139,2.282890361702134,0.04509947597323691,0.11934697423545312,3.3136920204025185e-08,0.021761094291751597,0.009872368234967607,0.07190731761386113,0.04088984292441437,3.6662878044226748,6.835900895249206e-07,952.8883899966556,0.5743103448275862,0.39765882561018745,0.14725148703010701,0.34120905637275084,-0.018012608826178278,-0.4143320554408729,-0.34385137127690957,-0.5140076673547627,0.22205838985549986,0.4583517944173683,-3.0203587009209887,-0.13277835900974078
2020-03-02,1583107200,0.0003667,0.0003458,0.0003248,3495184.94,1281.69,0.0003667,multiply,ETH,2020-03-02 01:00:00,0.12900246305418728,5088,63908,2,8,5,68847,0,501933.3064,1391302551.32762,0.11490246305418728,1281.6843174980002,False,False,0.1252629787603609,510190.6455718383,-0.0015978379023605595,2.443909920193057,0.04944491088170235,0.11960836128303542,3.651553043406788e-08,0.021708543941853606,0.02271002708053723,0.06014938988477324,0.04142970848265523,0.8644704769129401,6.848894146620968e-07,956.5049475318565,0.5599999999999999,0.39765882561018745,0.6188124996174265,0.8321990803901831,-0.025554187192118327,-0.24467126988892218,-0.3590513359351546,-0.48243770639447603,0.26598619033323334,0.4518323458415624,-3.180270405608413,-0.13277835900974078
2020-03-03,1583193600,0.0003692,0.0003401,0.0003667,3116753.55,1101.95,0.0003536,multiply,ETH,2020-03-03 01:00:00,-0.035724025088628486,5088,63910,2,9,16,68863,0,2614498.3862625,1391302551.32762,-0.046824025088628485,1102.0840552799998,False,False,0.129907725716291,491964.5821494464,-0.003023301016748351,2.280570610606395,0.04412319429488661,0.12019040720498873,9.212117927010059e-07,0.02180797959150435,0.02981912419389255,0.014069135191237512,0.021944129692565033,-2.3623428470609227,6.874888187469595e-07,954.1814880655386,0.6322413793103449,0.39765882561018745,0.5858296201251062,0.7985303838014853,0.11426233978729217,-0.1474753694581281,-0.34605911330049266,-0.3257389162561577,0.230911330049261,0.4382593328915396,-2.8969387755102045,-0.11965480243038672
2020-03-04,1583280000,0.0003595,0.0003483,0.0003536,7475641.52,2620.22,0.0003505,multiply,ETH,2020-03-04 01:00:00,-0.008766968325791713,5089,63912,2,4,2,68865,0,101.71,1391302551.32762,-0.018766968325791715,2620.2123527599997,False,False,0.13106079690481212,487651.5442403308,-0.001807778752849148,2.2859882705477754,0.042848826908721355,0.12032084596354149,7.921239375492845e-07,0.021378823259221757,0.00710909711335532,0.010204452605654184,0.008656774859504751,-0.6679699630246034,6.858188300991986e-07,1018.4899449718503,0.6096551724137931,0.39765882561018745,0.7035102266959667,0.9227827730219604,-0.037047511312217285,0.09080992637032992,-0.17371148077447507,-0.095991273520589,0.3065175893100628,0.40965233302836235,-2.376232741617357,-0.11965480243038672
2020-03-05,1583366400,0.0003568,0.000311,0.0003505,10500509.71,3506.14,0.0003339,multiply,ETH,2020-03-05 01:00:00,-0.04736091298145517,5090,63913,1,10,9,68874,0,938098.512066667,1391302551.32762,-0.05656091298145517,3506.1201921690003,False,False,0.13757870040750142,464555.9218882923,-0.0008698954525073887,1.9159133018727754,0.028872124321446948,0.12116654520575951,1.8832800603001261e-06,0.02161803286698125,0.0,0.0,0.0,1.9888046020307346,7.320405931836885e-07,1128.752049830465,0.6043103448275862,0.39765882561018745,0.7237888733093051,0.9397000114480593,-0.008844507845934269,0.03450226244343879,-0.19428733031674228,-0.2041855203619911,0.27007918552036203,0.3431691449814127,-2.6824987093443475,-0.11965480243038672
2020-03-06,1583452800,0.000376,0.0003564,0.0003339,3731588.24,1348.1,0.0003613,multiply,ETH,2020-03-06 01:00:00,0.08206049715483688,5093,63916,3,13,8,68882,0,7821375.579,1391302551.32762,0.07416049715483687,1348.222831112,False,False,0.12715107755009397,502677.6117946691,-0.0018545143101406786,1.3521216648937178,0.008933088074209427,0.10096389157403309,2.520027142064364e-06,0.021459881305810176,0.0,0.044354283701107264,0.022177141850553632,-2.6007905099735744,8.112915833823334e-07,1131.9481664652283,0.5756896551724138,0.26972814221332003,0.5557232700105266,0.7630894552999367,-0.04971548367774781,0.032524964336661966,-0.2122681883024251,-0.379172610556348,0.19343794579172613,0.05399005446365146,-2.751532296086751,-0.11965480243038672
2020-03-07,1583539200,0.0003495,0.0003305,0.0003613,4409148.59,1467.77,0.0003329,multiply,ETH,2020-03-07 01:00:00,-0.07860503736507052,5092,63916,0,7,4,68886,0,1139622.3657446,1391302551.32762,-0.08650503736507052,1467.805565611,False,False,0.13799845094277244,463164.61933696474,-0.0017327359648808345,1.7227876249855094,0.01586109868118757,0.10038172028649767,9.69036411113807e-07,0.020962139571138416,0.0,0.044354283701107264,0.022177141850553632,1.7889389321731723,8.135887951798058e-07,1135.4081877213443,0.6229310344827587,0.26972814221332003,0.5632388921921506,0.7684193762594562,0.07583725435925825,0.0023959269242287418,-0.4363581910751724,-0.4123989218328843,-0.1964660077867626,0.10308307837138142,-2.770678553739475,-0.11965480243038672
2020-03-08,1583625600,0.0002835,0.0002636,0.0003329,4953056.77,1404.42,0.0002835,multiply,ETH,2020-03-08 01:00:00,-0.14839291078401928,5093,63918,2,6,3,68889,0,218898.26514487,1391302551.32762,-0.15629291078401927,1404.191594295,False,False,0.16204981241871286,394434.2733013803,-0.0013587118226163388,1.9993090572378542,0.01789518096705195,0.10079158982045112,1.0549866125167231e-06,0.021496263682383155,0.02952740160436788,0.022052118591677827,0.025789760098022856,2.1361248680369798,8.160756886687989e-07,1132.9038629323131,0.5739655172413793,0.26972814221332003,0.5512334015735942,0.7538625063686151,-0.08531090417542808,0.10102407971215066,-0.14752283420979784,-0.6053141433711597,-0.0548021035150843,0.16722268557130937,-2.8578249336870027,-0.13277835900974078
2020-03-09,1583712000,0.0002884,0.000262,0.0002835,6149312.89,1648.42,0.0002681,multiply,ETH,2020-03-09 01:00:00,-0.05432098765432092,5097,63921,3,10,7,68896,0,110272.709076686,1391302551.32762,-0.060020987654320915,1648.630785809,False,False,0.17136619945352227,373008.2140109349,-0.0017668265319447265,1.66346028365361,0.0028979775605520743,0.08680059758673787,1.0092640115948043e-06,0.0203493665179116,0.02952740160436788,0.022052118591677827,0.025789760098022856,-11.195802364566005,8.142757029024811e-07,1139.95988392835,0.48879310344827587,0.21385581000848175,0.5679980801818907,0.7704151100396177,-0.1742504409171075,-0.10153199158906578,-0.1195554220486632,-0.35596275157705026,-0.19975968759387208,-0.23830197780993734,-2.8444075304540424,-0.13277835900974078
2020-03-10,1583798400,0.0002708,0.0002528,0.0002681,17877922.59,4698.54,0.0002628,multiply,ETH,2020-03-10 01:00:00,-0.019768743006341016,5098,63922,1,7,5,68901,0,162271.621437218,1391302551.32762,-0.025468743006341017,4698.3180566519995,False,False,0.17482494986460198,365634.31048889854,-0.0008351186908533413,1.7959084374605485,0.007691047020031083,0.08608000542224808,1.1849549073534223e-06,0.016473466589314575,0.001364016733069188,0.0,0.000682008366534594,-18.68665470119742,8.193472245419004e-07,1325.5433863209412,0.46224137931034487,0.21385581000848175,0.7136859275733518,0.915768430482435,-0.05744125326370764,-0.24726631393298049,-0.17601410934744277,-0.6074074074074074,-0.8109347442680777,-0.32492621411322764,-2.6118166758696852,-0.13277835900974078
2020-03-11,1583884800,0.000265,0.0002416,0.0002628,57745544.04,14740.51,0.0002553,multiply,ETH,2020-03-11 01:00:00,-0.028538812785387946,5099,63923,1,11,9,68910,0,2874519.34702222,1391302551.32762,-0.03273881278538795,14742.437393412001,False,False,0.17996363327593212,355199.54135394143,-0.00024124167335161937,1.7285226710194235,0.008928660981822992,0.08364793639814727,3.376920463610688e-06,0.01527717345717199,0.001364016733069188,0.27093841831462373,0.13615121752384646,-7.837995079264145,9.52735539122005e-07,2782.70116030267,0.4531034482758621,0.21385581000848175,0.8414136239394038,1.0422758327214856,-0.020167427701674345,-0.3073480044759418,-0.27340544572920544,-0.6885490488623647,-0.8418500559492725,-0.29154169166166755,-3.008761682242991,-0.13277835900974078
2020-03-12,1583971200,0.0001504,0.0001208,0.0002553,37960471.79,4625.7,0.0001219,multiply,ETH,2020-03-12 01:00:00,-0.5225225225225225,5099,63923,0,0,0,0,0,0.0,1391302551.32762,-0.5266225225225225,4627.381511201,False,False,0.3769049678043107,169599.78100683689,-0.00014027094787726925,2.2861482533854045,0.021725429530927286,0.08396608647217088,1.0596140558604132e-05,0.014306411731631942,0.0,0.27093841831462373,0.13546920915731187,-6.034723763178333,2.000069041523239e-06,2826.626917776696,0.4401724137931035,0.21385581000848175,0.5682213645420429,0.7537427508506328,-0.029377203290246623,-0.27054794520547953,-0.2903348554033487,-0.6636225266362252,-0.6385083713850839,-0.17721148213239601,-2.908113917248791,-0.1430420474321142
2020-03-13,1584057600,0.0001774,0.0001327,0.0001219,20892820.63,3027.8,0.0001449,multiply,ETH,2020-03-13 01:00:00,0.18867924528301883,5100,63924,1,5,4,68914,0,6231.305,1391302551.32762,0.18537924528301883,3027.3697092869998,False,False,0.31708374276241236,201599.73968737214,-0.0005508764969941023,1.4856534916916209,0.005030622998842666,0.08615543122671143,3.3259347557333393e-06,0.014738198742289115,0.042651878794541735,0.0,0.021325939397270868,-49.135236129574075,2.0316407204740967e-06,2835.8818269355447,0.21017241379310345,0.21385581000848175,0.5023424139595521,0.6850482884437649,-1.0943396226415096,-0.4151978065021542,-0.30473952213082645,-0.6858597728162943,-0.5742264003133568,-0.25567679150693,-2.3663003663003663,-0.1430420474321142
2020-03-14,1584144000,0.0001557,0.0001312,0.0001449,17798487.34,2639.9,0.0001483,multiply,ETH,2020-03-14 01:00:00,0.02346445824706689,5101,63925,1,3,2,68916,0,8884.04,1391302551.32762,0.020164458247066887,2639.515672522,False,False,0.3098189688280622,206330.16836188606,-0.0014215745929325406,1.6036729407010024,0.006767900858300955,0.08337656973703036,2.1759247881765173e-06,0.012822485972794848,0.04614526128912453,0.0456770006847947,0.04591113098695962,-66.57957801340838,2.038292695021271e-06,2839.236356274881,0.24982758620689655,0.21385581000848175,0.4806150266409613,0.6600524336850161,0.15873015873015872,-1.7309269893355212,-1.6644790812141097,-2.4643150123051685,-2.4930270713699754,-0.4512158510957669,-2.735186156266387,-0.1430420474321142
2020-03-15,1584230400,0.0001581,0.0001458,0.0001483,27775574.43,4323.21,0.0001556,multiply,ETH,2020-03-15 01:00:00,0.049224544841537377,5101,63925,0,3,2,68918,0,17897.835,1391302551.32762,0.04592454484153738,4321.879381307999,False,False,0.29528376013625723,216486.67698657766,-0.0006967716207013082,1.608722704842256,0.008191067178771824,0.08329446785525313,1.8971543392939946e-06,0.010896477330082085,0.0034933824945827924,0.0456770006847947,0.02458519158968875,-8.807866000203147,2.0407037660971743e-06,2856.1711422215203,0.25568965517241377,0.21385581000848175,0.5393650246989562,0.718951463060886,0.022926500337154376,-0.9565217391304348,-1.5307108350586613,-1.9323671497584538,-2.336093857832988,-0.4519704433497538,-2.1515847496554894,-0.1430420474321142
2020-03-16,1584316800,0.0001436,0.0001325,0.0001556,20967835.1,3011.04,0.0001436,multiply,ETH,2020-03-16 01:00:00,-0.07712082262210795,5102,63926,1,6,4,68922,0,1814973.249,1391302551.32762,-0.07962082262210796,3010.98112036,False,False,0.319964288496725,199791.04637064622,-0.0008510122978286648,1.6204144098848072,-0.0015472145550721364,0.0652352308585845,3.1063548163438213e-06,0.009633309707531557,0.0,0.0,0.0,-13.417575396509596,2.0528756592130743e-06,2799.9318596134526,0.2682758620689655,0.18537924528301883,0.48388232008815674,0.662137504056495,0.04691516709511556,-0.8078219824679704,-1.3843560350640591,-2.2339851652056644,-2.180040458530007,-0.5816743932369783,-2.499244332493703,-0.1430420474321142
2020-03-17,1584403200,0.0001512,0.0001419,0.0001436,22062605.1,3181.69,0.0001442,multiply,ETH,2020-03-17 01:00:00,0.004178272980501552,5729,63927,1,6,3,68925,0,273.13,1391302551.32762,0.002978272980501552,3181.4276554200005,False,False,0.31863793744145474,200625.82790144283,-0.0017218236193577408,1.572909035637622,0.0022135301029706993,0.05258634031400425,2.164145474675395e-06,0.009529462396791907,0.0,0.0,0.0,-33.22754198307634,2.012453622644247e-06,2804.366704592132,0.24758620689655172,0.18537924528301883,0.49684874900837334,0.663494257756937,-0.0835654596100277,-0.6889460154241647,-1.252570694087404,-1.6645244215938306,-2.7275064267352187,-0.27658371040723995,-2.4313529705441836,-0.1430420474321142
2020-03-18,1584489600,0.0001566,0.0001459,0.0001442,13093429.35,1972.49,0.0001506,multiply,ETH,2020-03-18 01:00:00,0.04438280166435504,5729,63927,0,2,1,68926,0,24.93,1391302551.32762,0.043982801664355045,1971.87046011,False,False,0.30509688299507154,209530.16422993958,-0.0015796693025724718,1.5932389227861314,0.0012919671257503257,0.05153253503607196,2.2866540799369574e-06,0.009314920716347342,0.0,0.06556866115785148,0.03278433057892574,-15.824144017958211,2.015641171588542e-06,2784.917969712611,0.24862068965517242,0.18537924528301883,0.431470171122982,0.5952348681902434,0.004160887656033396,-0.7778551532033429,-1.3252089136490253,-1.5954038997214486,-2.143454038997215,-0.3001426533523539,-2.7389903329752956,-0.1430420474321142
2020-03-19,1584576000,0.0001832,0.0001722,0.0001506,43346520.14,7880.87,0.0001818,multiply,ETH,2020-03-19 01:00:00,0.2071713147410359,5730,63929,2,13,9,68935,0,4266638.80919202,1391302551.32762,0.20677131474103588,7880.397361452,False,False,0.2527449289379204,252938.80383136132,-0.0001997626703763452,1.624058365607562,0.004440362116556811,0.05005598846537058,1.4172837232479635e-06,0.009047410760251836,0.0,0.06556866115785148,0.03278433057892574,-14.254119310584048,2.001662375344e-06,2955.4474565733794,0.2596551724137931,0.20677131474103588,0.6025901235811374,0.7719098439038665,0.04249667994687911,0.1546463245492372,-1.5055478502080444,-1.3120665742024964,-2.1601941747572817,-0.3557951482479784,-2.801485148514851,-0.1430420474321142
2020-03-20,1584662400,0.0001788,0.0001654,0.0001818,44424583.88,7822.64,0.0001761,multiply,ETH,2020-03-20 01:00:00,-0.031353135313531344,5730,63930,1,15,11,68946,0,329091.588903613,1391302551.32762,-0.03175313531353134,7823.169221268,False,False,0.26092985140171493,245008.3792887939,-0.0004425880239800914,1.5292149022787673,-0.0010219343098652658,0.05079955357811478,5.6640429171443e-06,0.0061432547690670105,0.0016426388861631772,0.07561750558000788,0.038630072233085525,-28.000694317033112,2.12423060228935e-06,3109.371289551114,0.31344827586206897,0.20677131474103588,0.5819169577978822,0.7515322495022498,0.17161716171617158,0.03784860557768921,-1.210491367861886,-1.2669322709163349,-2.00597609561753,-0.21007473014115696,-3.240924092409241,-0.1430420474321142
2020-03-21,1584748800,0.0001752,0.000154,0.0001761,160567311.18,24933.28,0.0001553,multiply,ETH,2020-03-21 01:00:00,-0.11811470755252695,5730,63931,1,8,6,68952,0,863308.437666667,1391302551.32762,-0.11851470755252695,24936.103426254,False,False,0.2958819419367036,216069.2862211794,-8.566290379377775e-05,1.4971454502819626,-0.005233609755246314,0.05458110327236171,5.622910138275037e-06,0.005433789279416371,0.0016426388861631772,0.07561750558000788,0.038630072233085525,-28.405523269031306,2.234863500094975e-06,5066.111700157186,0.3036206896551724,0.20677131474103588,0.7103610280941286,0.8828687719713278,-0.03236797274275971,0.1842684268426843,-0.5594059405940595,-0.8652365236523651,-1.404840484048405,-0.29288074496845895,-3.074190177638454,-0.1430420474321142
2020-03-22,1584835200,0.0001531,0.0001335,0.0001553,45925232.2,6803.93,0.0001482,multiply,ETH,2020-03-22 01:00:00,-0.04571796522858984,5731,63932,1,13,9,68961,0,889517.8569,1391302551.32762,-0.04611796522858984,6806.1194120400005,False,False,0.3100619725620658,206191.0381067533,-0.00045330734877345094,1.4921326586152874,-0.003653794319481382,0.05491518749828571,1.792284748019708e-05,0.005794169662257173,0.0,0.0,0.0,-6.951193553534857,3.6412724862201677e-06,5068.080154385198,0.26775862068965517,0.20677131474103588,0.4838910412698375,0.6487999947299281,-0.13393432066967148,0.11641113003975023,-0.5224304372515618,-0.8915388983532084,-1.4440658716638275,-0.489594356261023,-2.1934134866701522,-0.1430420474321142
2020-03-23,1584921600,0.0001709,0.0001531,0.0001482,36358994.11,5568.34,0.0001531,multiply,ETH,2020-03-23 01:00:00,0.03306342780026994,5731,63932,0,5,3,68964,0,19569.9151555533,1391302551.32762,0.03296342780026994,5566.561998241,False,False,0.30013836925994875,213008.42060825863,-0.0006124655593205881,1.4095044131013634,-0.009710047304309211,0.05885538014085816,4.8919046439937955e-06,0.006243592602883579,0.012834862202215783,0.0,0.0064174311011078915,-7.937071155963004,3.6426873145234247e-06,5038.975558748063,0.2555172413793103,0.20677131474103588,0.4525871612175161,0.6167265544853169,-0.0479082321187585,0.07533805537669036,-0.6922086284610429,-1.0914359304571795,-1.7192530585962653,-0.5848563968668405,-1.9359041167274622,-0.1430420474321142
2020-03-24,1585008000,0.0001905,0.0001558,0.0001531,49875168.53,8392.73,0.0001683,multiply,ETH,2020-03-24 01:00:00,0.09928151534944463,5732,63933,1,15,20,68984,0,2235792.15547866,1391302551.32762,0.09918151534944462,8393.990863599,False,False,0.27303566895202747,234156.21938843845,-0.00027517255050014,1.444177579061816,-0.011445451060006488,0.05583401429206144,4.000971602423376e-06,0.0069237447211460456,0.02604801338728134,0.0,0.01302400669364067,-19.0128546671027,3.6217683593979834e-06,5066.734356116415,0.26396551724137934,0.20677131474103588,0.49509070793640386,0.66073747490988,0.03200522534291317,0.0269905533063427,-0.7226720647773281,-1.4743589743589745,-1.8670715249662617,-0.8249619482496195,-1.7778347870702929,-0.1430420474321142
2020-03-25,1585094400,0.0001676,0.0001567,0.0001683,20009987.54,3272.35,0.0001635,multiply,ETH,2020-03-25 01:00:00,-0.028520499108734443,5734,63936,3,11,8,68992,0,316796.0619875,1391302551.32762,-0.028520499108734443,3271.6329627899995,False,False,0.28106458310342786,227477.96714206587,-0.0010872650519603044,1.4368745160235685,-0.009128027237747032,0.05377667078499083,6.033188723465804e-06,0.0068825754356905584,0.013213151185065556,0.0,0.006606575592532778,-19.55525831593359,3.6417200207687358e-06,5027.88162600127,0.29017241379310343,0.20677131474103588,0.37607955666696274,0.5381748865153435,0.09031491384432555,0.016329196603527163,0.2037883736120184,-1.3096015676028738,-2.13259307642064,-0.6239717978848411,-1.7591277890466537,-0.1430420474321142
2020-03-26,1585180800,0.0001779,0.0001626,0.0001635,26707544.92,4453.86,0.0001668,multiply,ETH,2020-03-26 01:00:00,0.020183486238532167,5735,63937,1,7,5,68997,0,599555.1888,1391302551.32762,0.020083486238532167,4454.818492656,False,False,0.27550826192049477,232069.265561447,-0.0008761053965047036,1.4213780341477404,-0.007140078670314069,0.053253532680381375,2.351489228326445e-06,0.0071052303819769975,0.0,0.05403201938955877,0.027016009694779384,-13.175331143171821,3.6137945849402225e-06,4973.825454807284,0.2818965517241379,0.20677131474103588,0.4099438867025475,0.5726328006822169,-0.029357798165137616,-0.0802139037433156,0.13903743315508021,-1.082590612002377,-1.463458110516934,-2.0574241181296147,-1.7266117304895783,-0.1430420474321142
2020-03-27,1585267200,0.0001631,0.0001473,0.0001668,28172961.15,4260.78,0.0001512,multiply,ETH,2020-03-27 01:00:00,-0.09352517985611508,5735,63937,0,5,3,69000,0,41442.52,1391302551.32762,-0.09362517985611508,4259.75172588,False,False,0.3039337175154665,210364.94576073613,-0.0005562588451512741,1.408278878840306,-0.006755388091480062,0.05304351852788457,3.2019049260026776e-06,0.007061244083640213,0.0,0.08372340974925425,0.04186170487462713,-1.9593139365032304,3.5749416617263584e-06,4913.736705724799,0.2875862068965517,0.20677131474103588,0.401071303187521,0.5634619351569057,0.01978417266187049,-0.07706422018348635,0.09296636085626908,-1.0422018348623854,-1.2795107033639144,-1.3008971704623882,-1.545586107091172,-0.1430420474321142
2020-03-28,1585353600,0.000151,0.0001418,0.0001512,33961718.28,4906.59,0.0001445,multiply,ETH,2020-03-28 01:00:00,-0.0443121693121693,5734,63937,0,9,10,69010,0,575837.9928,1391302551.32762,-0.044412169312169306,4907.46829146,False,False,0.318026145940059,201043.21866684107,-0.0006350516706897228,1.424803106758804,-0.008086383122313821,0.05242561615841744,3.061700506345816e-06,0.006637798856492393,0.01380799333027458,0.03873876641113302,0.0262733798707038,-4.258659300965071,3.53175281755645e-06,4854.08376516271,0.26068965517241377,0.20677131474103588,0.4144405617963349,0.577070624032096,-0.10317460317460325,0.06894484412470014,0.06714628297362113,-1.1660671462829737,-0.9988009592326141,-1.302090357383682,-1.61961503208066,-0.1430420474321142
2020-03-29,1585440000,0.0001619,0.000137,0.0001445,41762446.76,6241.82,0.0001495,multiply,ETH,2020-03-29 01:00:00,0.03460207612456756,5735,63939,2,6,4,69014,0,286605.6448,1391302551.32762,0.03450207612456756,6243.4857906199995,False,False,0.3073994353859176,207999.73142347918,-0.0005387762073827581,1.3791630632317036,-0.005208385545495371,0.05689642527397963,3.527247388986066e-06,0.006979594704860321,0.01380799333027458,0.009047376051437527,0.011427684690856053,-4.9289208432563285,3.488877211165038e-06,4792.604391641243,0.24913793103448273,0.20677131474103588,0.4392403842451152,0.6021492017793411,-0.04636678200692046,0.01984126984126977,0.050264550264550234,-1.2017195767195772,-1.257936507936508,-1.1793059125964014,-1.4357567443987196,-0.1430420474321142
2020-03-30,1585526400,0.0001707,0.0001522,0.0001495,30670553.27,4747.88,0.0001548,multiply,ETH,2020-03-30 02:00:00,0.03545150501672234,5735,63941,2,7,5,69019,0,591205.895396,1391302551.32762,0.03505150501672234,4747.801646196,False,False,0.2968840639021371,215373.63494551557,-0.0007033970290120248,1.358097542159049,-0.008448304604663052,0.05839409476606254,4.487511206431908e-06,0.007327657650847402,0.02961256649496197,0.0,0.014806283247480985,-0.5521830743215226,3.4446888543890078e-06,4713.8200217955955,0.25775862068965516,0.20677131474103588,0.4023222139790514,0.564061335622735,0.033444816053511794,-0.0595155709342563,0.002076124567473858,-0.9619377162629761,-1.3467128027681663,-1.3196378830083568,-0.9836997725549657,-0.1430420474321142
2020-03-31,1585612800,0.0001745,0.0001558,0.0001548,49870340.9,8168.72,0.0001638,multiply,ETH,2020-03-31 02:00:00,0.058139534883721034,5737,63942,1,12,13,69032,0,2383868.07150769,1391302551.32762,0.05763953488372103,8168.76183942,False,False,0.2805761406775269,227895.35790746415,-0.0003482669025911276,1.394637602079462,-0.0059821331845972495,0.059225177496313806,3.412486839519926e-06,0.0075659747789446,0.02961256649496197,0.0,0.014806283247480985,-8.081963886798277,3.3880625154446346e-06,4662.434376391124,0.2668965517241379,0.20677131474103588,0.46339365578562813,0.6261991207210357,0.0342377260981912,-0.12575250836120389,-0.0073578595317724815,-0.7933110367892977,-1.2280936454849498,-1.2524271844660193,-1.1280163599182007,-0.1430420474321142
2020-04-01,1585699200,0.0001809,0.000166,0.0001638,44297401.08,7473.06,0.0001687,multiply,ETH,2020-04-01 02:00:00,0.02991452991453003,5738,63943,1,3,2,69034,0,5400.93,1391302551.32762,0.02961452991453003,7472.971562196,False,False,0.272430886745151,234712.74040896952,-0.00046961385268153114,1.3776764730058721,-0.009778875986209955,0.05661692633521798,5.871305153307695e-06,0.007774363640392722,0.014726699478874172,0.01470194758831281,0.01471432353359349,1.4832710278863637,3.3511290351204332e-06,4624.157421681249,0.2824137931034483,0.20677131474103588,0.4470478389487024,0.6088559159256014,0.05494505494505497,-0.05620155038759678,-0.17441860465116288,-0.6976744186046511,-1.0981912144702841,-1.4349269588313414,-1.200960768614892,-0.1430420474321142
2020-04-02,1585785600,0.0001756,0.0001642,0.0001687,30345150.98,5112.92,0.0001685,multiply,ETH,2020-04-02 02:00:00,-0.0011855364552459946,5739,63944,1,3,2,69036,0,86051.45,1391302551.32762,-0.0020855364552459944,5113.1579401300005,False,False,0.27275851243225546,234434.47989870398,-0.0013176905507078325,1.3698509294934922,-0.01028546669519074,0.056714989337246086,5.371205245807305e-06,0.007751651187625828,0.014726699478874172,0.01470194758831281,0.01471432353359349,-5.478916069448932,3.3236174383988206e-06,4557.142468454979,0.29086206896551725,0.20677131474103588,0.39784902759950946,0.5576398287860921,0.02904564315352698,-0.01831501831501825,-0.07509157509157505,-0.5586080586080588,-1.2387057387057387,-0.9449944994499448,-1.2677939441604402,-0.1430420474321142
2020-04-03,1585872000,0.0001697,0.0001584,0.0001685,29429166.74,4995.31,0.0001697,multiply,ETH,2020-04-03 02:00:00,0.0071216617210683175,5739,63944,0,5,3,69039,0,832847.133333333,1391302551.32762,0.006221661721068318,4994.129595778,False,False,0.270829754536447,236104.0429602971,-0.0009900852787598047,1.3727212401440299,-0.009210696035315326,0.05708030606607858,3.675087014863073e-06,0.007862510039280311,0.0,0.018288414041210416,0.009144207020605208,-15.44533652488362,3.275450378572529e-06,4527.390755084139,0.29051724137931034,0.20677131474103588,0.39280800373885905,0.5515573039436426,-0.001186943620178127,0.10373443983402497,0.07943094250148197,0.27741553052756374,-1.0960284528749256,-0.9903463940942647,-1.058117008911275,-0.1430420474321142
2020-04-04,1585958400,0.0001806,0.0001734,0.0001697,24973775.67,4438.41,0.0001777,multiply,ETH,2020-04-04 02:00:00,0.04714201532115503,5742,63947,3,13,8,69047,0,2910318.0295,1391302551.32762,0.04624201532115503,4437.839936559,False,False,0.2586492155183977,247234.4633709181,-0.0006883057240069825,1.3898029340537095,-0.005324762958444752,0.05536166778297755,3.5895352818928287e-06,0.007618877040594378,0.0,0.06218434257658885,0.031092171288294425,-4.48648482955767,3.2540663069754117e-06,4516.4147028861435,0.29258620689655174,0.20677131474103588,0.3773800452355271,0.5345539562566134,0.00707130229817321,0.14243323442136502,0.12047477744807122,0.14005934718100888,-1.0801186943620178,-1.150032195750161,-0.9409267775026529,-0.1430420474321142
2020-04-05,1586044800,0.0001757,0.0001657,0.0001777,2577995.51,427.28,0.0001657,multiply,ETH,2020-04-05 02:00:00,-0.06752954417557688,5744,63949,2,5,3,69050,0,33390.08,1391302551.32762,-0.06842954417557688,427.1738560069999,False,False,0.2773892763999724,230538.83275498662,-0.006309351678414606,1.3690468166241205,-0.009845362692666424,0.053679009819863864,3.1897015730505838e-06,0.007449283725563215,0.0,0.04389592853537844,0.02194796426768922,1.5741811473158318,3.2461772592715034e-06,4548.134351057313,0.3063793103448276,0.20677131474103588,0.09868014572076052,0.25037978829262203,0.045019696117051256,0.11903358868591629,0.09781968179139655,0.1261048909840896,-0.9675898644667058,-1.4379217273954117,-0.4187734668335419,-0.1430420474321142
2020-04-06,1586131200,0.0001991,0.0001768,0.0001657,5399434.0,954.45,0.0001768,multiply,ETH,2020-04-06 02:00:00,0.06698853349426681,5744,63949,0,3,2,69052,0,10245906.71,1391302551.32762,0.06608853349426681,954.6199311999999,False,False,0.25997399943142213,245982.2910747232,-0.0028317382947537478,1.3582365937630092,-0.009048691546702178,0.05329043330333568,3.0703160545445606e-07,0.008123015851260166,0.0,0.0,0.0,3.9833649858206197,3.2689757858327474e-06,4564.410310065232,0.2856896551724138,0.20677131474103588,0.1947259686944496,0.34722581803090574,-0.07242003621001825,0.12886888013505915,0.05289814293753525,0.12436691052335413,-1.0332020258863253,-1.1743958197256696,-0.4820257150354237,-0.1430420474321142
2020-04-07,1586217600,0.0001844,0.0001696,0.0001768,24126020.32,4369.85,0.0001811,multiply,ETH,2020-04-07 02:00:00,0.024321266968325927,5745,63950,1,3,2,69054,0,2547.35,1391302551.32762,0.023321266968325927,4369.2222799520005,False,False,0.2538052007200635,251964.892045432,-0.0008505871043816175,1.3509343552405972,-0.006387098336515176,0.053597819052991456,6.861339615090008e-07,0.00764615700136752,0.0,0.0,0.0,-13.134950985875983,3.2806741464750015e-06,4505.556055072892,0.30482758620689654,0.20677131474103588,0.3755243996053482,0.530024316238899,0.06278280542986425,0.011466505733252808,0.013277006638503286,0.13337356668678335,-1.0090525045262524,-0.6844919786096257,-0.28167250876314487,-0.1430420474321142
2020-04-08,1586304000,0.0002012,0.0001786,0.0001811,29164972.64,5209.22,0.0001786,multiply,ETH,2020-04-08 02:00:00,-0.013804527885146411,5746,63951,1,3,2,69056,0,2257.59,1391302551.32762,-0.015204527885146412,5208.864113504001,False,False,0.2573619294587434,248486.63566711295,-0.0008222058667094306,1.3419308376896917,-0.006715570273103493,0.05371025351611573,3.1403825686819635e-06,0.00790897820146362,0.0,0.0,0.0,-10.060427981605537,3.238372596078088e-06,4445.437274475664,0.31224137931034485,0.20677131474103588,0.39489432964138343,0.5488765733646978,0.0237437879624518,0.04581447963800889,0.0565610859728507,0.1843891402714931,-0.6035067873303168,-0.6397553516819574,0.059018309310479244,-0.1430420474321142
2020-04-09,1586390400,0.0001801,0.0001733,0.0001786,5491613.02,979.79,0.0001784,multiply,ETH,2020-04-09 02:00:00,-0.0011198208286674616,5748,63952,1,5,3,69059,0,11386.4766666667,1391302551.32762,-0.0031198208286674616,979.7037627679999,False,False,0.2576544806741012,248208.3751568474,-0.006935348050189593,1.34161637970545,-0.006146573798726255,0.05378331882579381,3.7438759157981535e-06,0.007862889690590735,0.0,0.0,0.0,-7.7757087852011555,3.195162166729086e-06,4524.325380125283,0.3079310344827586,0.20677131474103588,0.19412393173874348,0.3452605621632871,-0.01399776035834277,0.0695748205411375,0.16510215350635016,0.1684152401987853,-0.4803975704030923,-0.5755395683453237,-0.02855407047387626,-0.1430420474321142
2020-04-10,1586476800,0.0001739,0.000166,0.0001784,47457918.17,8104.37,0.0001708,multiply,ETH,2020-04-10 02:00:00,-0.04260089686098656,5749,63953,1,6,4,69063,0,10008488.185,1391302551.32762,-0.04460089686098656,8105.812423436,False,False,0.2691234080982888,237634.4757667575,-0.0003893354309222797,1.329694238962058,-0.0037067436044220035,0.05343686707001345,7.041629887281807e-07,0.007770088628230201,0.008066228738361844,0.045080497428200694,0.02657336308328127,-1.8780731936771762,3.2518630658788372e-06,4225.827507286403,0.3075862068965517,0.20677131474103588,0.44734808442307566,0.5998008189412488,-0.0011210762331839152,0.049832026875699875,0.19092945128779404,-0.017917133258678497,-0.4714445688689808,-0.6884920634920637,-0.1414305620065024,-0.1430420474321142
2020-04-11,1586563200,0.0001841,0.0001666,0.0001708,26135916.93,4727.56,0.0001809,multiply,ETH,2020-04-11 02:00:00,0.05913348946135821,5751,63954,1,10,6,69069,0,709454.062983333,1391302551.32762,0.05713348946135821,4727.987372637,False,False,0.25410169626376894,251686.63153516647,-0.0005981314319648838,0.8411462005037824,0.004763629446936511,0.050263417104012754,5.826060202147409e-06,0.00821229423435631,0.008066228738361844,0.045080497428200694,0.02657336308328127,-6.7313639080481344,3.037317442747445e-06,4225.244880713389,0.2944827586206897,0.20677131474103588,0.3912366678594132,0.5298099279749023,-0.04449648711943799,0.003923766816143481,0.1619955156950672,0.01289237668161436,-0.4310538116591929,0.15640138408304494,-0.25603383926349843,-0.1430420474321142
2020-04-12,1586649600,0.0001921,0.000181,0.0001809,41269466.55,7599.77,0.0001841,multiply,ETH,2020-04-12 02:00:00,0.017689331122166863,5790,63954,0,40,39,69108,0,2138.98231148196,1391302551.32762,0.01568933112216686,7597.708791855,False,False,0.24968493674153072,256138.79969941484,-0.0005310539918193506,1.0810410555360463,0.00010953741950815283,0.04663548125571053,3.3982453120102605e-06,0.006197292910486273,0.0,0.0,0.0,4.659026095643328,3.0368986793573705e-06,4218.853863628836,0.31189655172413794,0.20677131474103588,0.4479848890979415,0.5846585040035162,0.05583195135433938,0.029859484777517653,0.0936768149882905,0.09074941451990626,0.28629976580796257,0.03076923076923077,-0.1333959605448567,-0.1430420474321142
2020-04-13,1586736000,0.0001835,0.0001725,0.0001841,52729768.18,9509.44,0.0001803,multiply,ETH,2020-04-13 02:00:00,-0.02064095600217275,5792,63955,1,7,5,69113,0,478058.998483236,1391302551.32762,-0.02234095600217275,9507.177202854,False,False,0.25495127900745357,250851.8500043699,-0.00040816300555982,1.0653985721283246,-0.0023168962604509314,0.04526989225202881,5.46086024539023e-06,0.0058320807717510015,0.01742094563704915,0.06441912928014802,0.04092003745859858,-0.289825956769473,3.032305129896504e-06,4240.12801505144,0.3174137931034483,0.20677131474103588,0.47160030707525274,0.6077354077168059,0.01738185768604017,0.022664455500276515,0.09452736318407962,0.18076285240464351,0.1990049751243781,0.04198966408268734,0.04551096400496479,-0.13368890461035315
2020-04-14,1586822400,0.0001887,0.0001665,0.0001803,22173364.69,3692.53,0.0001665,multiply,ETH,2020-04-14 02:00:00,-0.07653910149750409,5792,63955,0,6,11,69124,0,1642613.19418182,1391302551.32762,-0.0782391014975041,3691.8652208850003,False,False,0.27608237600626956,231651.87479604874,-0.0006961125025658584,1.1381347208076482,-0.006689576810503897,0.04664200265854824,6.833292437925873e-06,0.00595945636818151,0.01742094563704915,0.09414332535386655,0.05578213549545785,-5.8514598729962355,3.047595945975511e-06,4248.921891721256,0.3108620689655172,0.20677131474103588,0.35323912212276976,0.4887053826528198,-0.021075984470327214,0.01629549158066268,0.08365019011406838,0.16838674633351436,0.19445953286257467,0.050061050061050105,-0.01632739609838829,-0.13368890461035315
2020-04-15,1586908800,0.0001666,0.0001574,0.0001665,2233720.27,358.5,0.0001605,multiply,ETH,2020-04-15 02:00:00,-0.03603603603603611,5792,63955,0,11,11,69135,0,4697186.22254545,1391302551.32762,-0.03743603603603611,358.512103335,False,False,0.28640321249248524,223304.059488083,-0.009269522030856379,1.1126382138080355,-0.00521609623163793,0.0461884739222805,2.6535315538393276e-06,0.0055952930724686425,0.0,0.02972419607371852,0.01486209803685926,-0.39409510288175476,3.0539165529933194e-06,4332.2723852838335,0.28706896551724137,0.20677131474103588,0.07446145378003473,0.2068898838839523,-0.0828828828828827,0.009428729894619958,0.06544647809206872,0.06655574043261225,0.136993899057127,0.14878482513337288,0.07672413793103461,-0.13368890461035315
2020-04-16,1586995200,0.0001916,0.0001709,0.0001605,25565390.55,4367.95,0.0001709,multiply,ETH,2020-04-16 02:00:00,0.06479750778816196,5796,63960,5,19,20,69155,0,2103203.35930996,1391302551.32762,0.06339750778816196,4369.125244995001,False,False,0.26899537366696463,237773.60602189027,-0.0006263240312365721,1.1094051862392103,-0.003411574017283225,0.04592630740899681,2.576809069981922e-07,0.0061159795011576775,0.0,0.0542308765523971,0.02711543827619855,-1.1329025219070328,3.11382479759694e-06,4314.600604742299,0.27672413793103445,0.20677131474103588,0.3747225891115003,0.5096834316809414,-0.03738317757009346,-0.07147147147147148,-0.019219219219219097,0.018018018018018167,0.1375375375375376,0.144213649851632,-0.13402747009304394,-0.13368890461035315
2020-04-17,1587081600,0.0001761,0.0001624,0.0001709,6630788.75,1088.38,0.0001641,multiply,ETH,2020-04-17 02:00:00,-0.03978935049736687,5797,63961,1,9,6,69161,0,1218725.21533333,1391302551.32762,-0.04098935049736687,1088.112433875,False,False,0.28014642358691244,228312.74867286245,-0.0029630724524097006,1.0642422493647894,-0.005156069698758525,0.04614565000738952,3.1403128247165638e-06,0.006112454872931692,0.0,0.0542308765523971,0.02711543827619855,-16.828563136994156,3.101123188931973e-06,4343.047826518203,0.29465517241379313,0.20677131474103588,0.20798829217739484,0.34102139746855076,0.06085430076067877,-0.06417445482866047,-0.10716510903426801,-0.03925233644859816,0.10155763239875382,0.1125515615792575,-0.10357691463682239,-0.13368890461035315
2020-04-18,1587168000,0.0001822,0.0001728,0.0001641,40026533.23,7066.34,0.0001765,multiply,ETH,2020-04-18 02:00:00,0.07556368068251063,5798,63962,1,6,5,69166,0,555784.3004,1391302551.32762,0.07436368068251062,7064.683115095,False,False,0.2604688207452714,245564.90030932493,-0.00036559028669898427,0.8045949306345618,-0.004581302253853864,0.043963266361168506,7.820818216977268e-07,0.006195809329751269,0.0,0.0,0.0,-0.5722426119403465,3.121569655984562e-06,4331.822507643788,0.28293103448275864,0.09918151534944462,0.43176833089764804,0.5655749420025444,-0.04143814747105434,-0.058513750731421954,0.030427150380339496,0.11527208894090124,0.11878291398478646,-0.023072594259988755,-0.09940357852882697,-0.13368890461035315
2020-04-19,1587254400,0.0001731,0.0001587,0.0001765,2541685.7,430.87,0.0001695,multiply,ETH,2020-04-19 02:00:00,-0.03966005665722383,5802,63964,2,8,5,69171,0,10940.35672,1391302551.32762,-0.04086005665722383,430.81572615000005,False,False,0.2712341260377378,235825.7824500316,-0.00749139488514012,0.9548913883154553,-0.0046713576016629305,0.043221315388284325,5.077747545531115e-06,0.006224997099343872,0.02723097206697632,0.025673741824247764,0.026452356945612043,1.7698406515234844,3.113501447625638e-06,4411.751259805935,0.30431034482758623,0.09918151534944462,0.09843115142020735,0.22574917627759222,0.07025495750708222,-0.12187690432663012,-0.07739183424741003,0.11943936624009754,-0.10786106032906773,-0.0627640313820157,-0.11505032021957917,-0.13368890461035315
2020-04-20,1587340800,0.0001706,0.000157,0.0001695,27666350.14,4436.69,0.0001604,multiply,ETH,2020-04-20 02:00:00,-0.05368731563421836,5802,63964,0,7,8,69179,0,1381546.31525,1391302551.32762,-0.05468731563421836,4437.682562456,False,False,0.2866220970286568,223164.92923295024,-0.0006590328334974719,0.9693990295404926,-0.0015939508240627937,0.03809893934521342,3.096492029996664e-07,0.006206813355065043,0.04533914187859676,0.04748128729060098,0.04641021458459887,3.981972687929085,3.1709503124220663e-06,2517.0316745293567,0.29224137931034483,0.09918151534944462,0.3814203225649995,0.5064068833265464,-0.041297935103244976,-0.02152974504249272,-0.02606232294617561,0.15297450424929182,0.002266288951841444,0.12160633484162886,-0.0511152416356877,-0.13368890461035315
2020-04-21,1587427200,0.0001693,0.0001607,0.0001604,2018045.18,324.38,0.0001607,multiply,ETH,2020-04-21 02:00:00,0.0018703241895261513,5803,63965,1,7,5,69184,0,1530929.704,1391302551.32762,0.0010703241895261514,324.299860426,False,False,0.28609149417750235,223582.31999834854,-0.01936986186644301,0.9521603225115451,-0.001054099803506325,0.03815052720677157,3.189588460267997e-06,0.005836813953266058,0.018108169811620438,0.021807545466353214,0.019957857638986824,-5.782341492091133,1.809118852062432e-06,2606.876839260191,0.276551724137931,0.09918151534944462,0.09186402303019472,0.189916770090073,-0.05673316708229437,0.017699115044247704,-0.05368731563421836,0.08672566371681423,0.08377581120943944,0.1816675869685257,-0.02604783329386695,-0.13368890461035315
2020-04-22,1587513600,0.000183,0.0001647,0.0001607,26765844.35,4507.28,0.0001684,multiply,ETH,2020-04-22 02:00:00,0.047915370255133816,5804,63966,1,6,4,69188,0,746498.467,1391302551.32762,0.04701537025513382,4507.36818854,False,False,0.27301438162264074,234295.34964357121,-0.000674078268469118,1.05273158732985,0.0009599927239268593,0.037126864160290485,2.3309082565581725e-07,0.005686839887169725,0.015189979708881005,0.0,0.007594989854440503,0.21744179012380727,1.8736951475957806e-06,2599.6603941123094,0.27706896551724136,0.09918151534944462,0.43197051865772645,0.506550978068932,0.0018668326073428831,-0.0006234413965087171,-0.11221945137157108,-0.021197007481296826,0.07605985037406482,0.1427771556550952,-0.05248293716168506,-0.13368890461035315
2020-04-23,1587600000,0.0002024,0.0001671,0.0001684,689905.3,122.98,0.0001783,multiply,ETH,2020-04-23 02:00:00,0.05878859857482177,5804,63967,1,6,4,69192,0,1701655.48445,1391302551.32762,0.05788859857482177,123.01011499,False,False,0.2578594538204194,248069.24490171464,-0.023037189623780575,0.8625410047641537,7.429207667816001e-05,0.03609614182776304,3.2396750686893678e-06,0.0056052618545613655,0.07867130335307623,0.005323686237201941,0.04199749479513909,-0.17649156561103574,1.8685083209483375e-06,2609.2793371591783,0.2903448275862069,0.07436368068251062,-0.024865938189650556,0.0710188101491366,0.04572446555819476,-0.0634723086496578,-0.06285003111387688,-0.04978220286247659,0.04729309271935278,0.05661434977578472,0.08340283569641371,-0.13368890461035315
2020-04-24,1587686400,0.0002177,0.0001577,0.0001783,1528914.37,284.11,0.0001858,multiply,ETH,2020-04-24 02:00:00,0.042063937184520395,5806,63970,3,10,6,69198,0,181297.387813332,1391302551.32762,0.041063937184520394,284.072289946,False,False,0.24746230822909046,258504.01403667178,-0.011154078086705155,0.9424762451324988,0.0019365201203137077,0.036359198905987135,8.841363431168892e-08,0.0070054326949171635,0.08246311273386267,0.029189631378919126,0.0558263720563909,-12.609077850542892,1.8754219451903761e-06,2698.7286711049333,0.3074137931034483,0.07436368068251062,0.08959740653657443,0.1719216830290715,0.055524397083567045,0.025534441805225683,-0.07422802850356303,-0.000593824228028561,0.000593824228028561,0.0427400468384076,-0.06705258080077181,-0.13368890461035315
2020-04-25,1587772800,0.0002002,0.0001808,0.0001858,654613.94,119.62,0.0001827,multiply,ETH,2020-04-25 02:00:00,-0.01668460710441333,5806,63971,1,5,3,69201,0,756015.861333333,1391302551.32762,-0.01768460710441333,119.59796683799999,False,False,0.25166511012530424,254190.97612755618,-0.03422523662490958,0.9481739292731355,0.0008176735387699495,0.036435891984765406,2.041772220391102e-07,0.007050098490154367,0.018981789089667432,0.2320169934347013,0.12549939126218437,-3.3425528198716297,1.9397137369795886e-06,2790.9902329163506,0.32034482758620686,0.07436368068251062,-0.017253942931944447,0.06781968501698407,0.040365984930032295,0.010095344924284877,-0.03252944475602915,0.04823331463825009,0.08300616937745375,0.07794361525704818,-0.17252481888918703,-0.13368890461035315
2020-04-26,1587859200,0.0002789,0.0001859,0.0001827,17704254.97,4622.04,0.0002611,multiply,ETH,2020-04-26 02:00:00,0.4291187739463602,5806,63972,1,11,8,69209,0,1175285.46032676,1391302551.32762,0.4281187739463602,4622.5809726669995,False,False,0.17610085932907377,363269.09615164157,-0.00018301930047955143,1.024810858398631,0.015778079796350354,0.0814966407935664,8.596114966070913e-08,0.008162028103764945,0.0,0.20815104829298411,0.10407552414649206,3.1399460135968233,2.006026820157204e-06,2793.0161705975624,0.315,0.4281187739463602,0.44794114809170477,0.5079754866789474,-0.016967706622879053,0.08772874058127011,0.029601722282023624,0.043595263724434785,0.10226049515608182,0.17870722433460084,-0.38152369526094754,-0.13368890461035315
2020-04-27,1587945600,0.0002932,0.000242,0.0002611,8132329.29,2032.36,0.0002499,multiply,ETH,2020-04-27 02:00:00,-0.04289544235924936,5814,63975,3,24,25,69234,0,2570990.92862148,1391302551.32762,-0.043795442359249356,2032.269089571,False,False,0.18400196327973342,347686.50757677224,-0.001549494460927301,0.8587313843606056,0.015250893113474983,0.0823348284305045,3.3224843642067662e-06,0.008728434054511977,0.0,0.03835746841820389,0.019178734209101943,1.9774419115605255,2.007482964745797e-06,2808.815416176272,0.45017241379310347,0.4281187739463602,0.3439484815705193,0.4071852592560391,0.3002680965147453,0.12205801860974275,0.08866995073891615,0.09304871373836898,0.1724137931034483,0.19855795895729345,-0.27943760984182764,-0.13368890461035315
2020-04-28,1588032000,0.0002599,0.0002284,0.0002499,2220518.66,533.3,0.0002402,multiply,ETH,2020-04-28 02:00:00,-0.03881552621048412,5815,63977,2,15,13,69247,0,1430174.15261538,1391302551.32762,-0.03961552621048412,533.368582132,False,False,0.1914385017712803,334190.87282889435,-0.0060913504491487145,1.1770903453480277,0.008847490526094685,0.08146784641716028,1.460695294227522e-06,0.008568309378249171,0.05128445892721715,0.05541420456652566,0.053349331746871405,-3.2435568240641253,2.0188386871683816e-06,2835.7972510069717,0.43086206896551726,0.4281187739463602,0.17830971764994877,0.24520348346156234,-0.04481792717086841,0.3845270011489851,0.3852929911911145,0.32286480275756424,0.4465721945614708,0.10210210210210213,-0.47006782659982305,-0.13368890461035315
2020-04-29,1588118400,0.0002716,0.0002285,0.0002402,3844866.4,928.21,0.0002414,multiply,ETH,2020-04-29 02:00:00,0.004995836802664355,5815,63979,2,13,13,69260,0,370607.614890794,1391302551.32762,0.003995836802664355,928.15074896,False,False,0.19049281535757115,335860.4358904875,-0.0057093638708902465,0.6444628976852127,0.010763772886308566,0.0841190432940585,3.8335916341348236e-07,0.00869756675808045,0.05128445892721715,0.0501351461805182,0.05070980255386767,0.0,2.0382319059941162e-06,2871.123262411796,0.41413793103448276,0.4281187739463602,0.2540986523053214,0.31189422521675003,-0.04038301415487089,0.32613045218087233,0.31612645058023203,0.27531012404961985,0.40176070428171273,0.03551401869158877,-0.4371059741819272,-0.13368890461035315
2020-04-30,1588204800,0.000231,0.0002063,0.0002414,1468544.65,318.06,0.0002166,multiply,ETH,2020-04-30 02:00:00,-0.10273405136702574,5816,63980,1,3,2,69262,0,10293044.98,1391302551.32762,-0.10373405136702574,318.08677119,False,False,0.21230694542126388,301356.1326175625,-0.007154059400141551,0.1947794086107616,0.010008029298323373,0.0840428822268046,6.671092122086116e-07,0.008688808890803717,0.028929026508766997,0.07153385479294112,0.05023144065085406,-46.34835100601367,2.063622509476526e-06,2796.485224263392,0.41620689655172416,0.4281187739463602,0.12361957712937627,0.18231985468818962,0.004971002485501197,0.25770191507077445,0.31681931723563694,0.2564529558701083,0.35553705245628653,0.04154476301930965,-0.5193965517241381,-0.13368890461035315
2020-05-01,1588291200,0.0002268,0.0002099,0.0002166,405665.73,92.01,0.0002268,multiply,ETH,2020-05-01 02:00:00,0.047091412742382266,5819,63982,2,6,4,69266,0,19655.465,1391302551.32762,0.046091412742382265,92.004987564,False,False,0.2027650876547703,315547.41864110425,-0.0332119452997165,0.19463890787571952,0.01082540536998476,0.08408452661702484,2.2862516200122873e-07,0.008570673470953881,0.028929026508766997,0.06089963321373243,0.04491432986124971,-46.42003267295067,2.009976350287655e-06,2743.0847996259517,0.37344827586206897,0.4281187739463602,-0.022674754600124924,0.03243629639150876,-0.11449676823638044,0.23032311516155768,0.26884838442419223,0.2609776304888153,0.3214581607290804,-0.02803168799512501,-0.3294245977638395,-0.13368890461035315
2020-05-02,1588377600,0.0002377,0.0002163,0.0002268,1497546.42,343.15,0.0002291,multiply,ETH,2020-05-02 02:00:00,0.010141093474426821,5822,63985,3,8,5,69271,0,226279.814362932,1391302551.32762,0.00914109347442682,343.087884822,False,False,0.2007388831640599,318747.41450915777,-0.013381875758453161,0.19940460822144024,0.010853316182351351,0.08408077355263525,6.612867019916428e-08,0.00863022635412048,0.027796234989656585,0.03787347758902844,0.03283485628934251,-13.48796942025136,1.9715947455198895e-06,2757.576901012721,0.3910344827586207,0.4281187739463602,0.15328966414337963,0.1918189907679241,0.044973544973545,0.15650969529085879,0.2174515235457064,0.21144967682363802,0.2211449676823638,0.04532577903682722,-0.3554864253393666,-0.13368890461035315
2020-05-03,1588464000,0.0002332,0.0002143,0.0002291,669227.19,153.23,0.000229,multiply,ETH,2020-05-03 02:00:00,-0.0004364906154518122,5823,63986,1,3,2,69273,0,21125.13,1391302551.32762,-0.0014364906154518122,153.25302650999998,False,False,0.20082968071534585,318608.284254025,-0.05048346423324018,0.20720384112426432,0.010282489112470029,0.0840351090592055,2.465947356271401e-07,0.008644855315478029,0.05462348016639488,0.031201555507204902,0.04291251783679989,-0.791214752235863,1.9820109568413885e-06,2771.871907311586,0.395,0.4281187739463602,0.0581996467886175,0.09489592450310315,0.010039284155390682,-0.15123456790123457,0.2927689594356262,0.20238095238095244,0.2570546737213404,-0.0011799410029498247,-0.3209700427960056,-0.13368890461035315
2020-05-04,1588550400,0.0002297,0.0002152,0.000229,6428178.53,1410.06,0.0002194,multiply,ETH,2020-05-04 02:00:00,-0.04192139737991274,5825,63988,2,5,3,69276,0,15456.48,1391302551.32762,-0.04292139737991274,1410.342369482,False,False,0.20962367541326507,305251.7797612798,-0.0022490701362432052,0.25707599834058636,0.007542350206610487,0.08452987233591844,1.1015075503438245e-07,0.008675493244255407,0.026827245176738294,0.015772266371164197,0.021299755773951247,-9.62978240486264,1.992285505885537e-06,2763.2439759736926,0.39482758620689656,0.4281187739463602,0.34536769791299415,0.36353055111934635,-0.0004366812227074579,-0.09079004801396762,0.29855958096900914,0.19642077695329552,0.25927542557835004,-0.10785536159601006,-0.39173405211141077,-0.13368890461035315
2020-05-05,1588636800,0.0002178,0.0002116,0.0002194,28765.89,6.206,0.0002158,multiply,ETH,2020-05-05 02:00:00,-0.016408386508660056,5825,63990,2,4,2,69278,0,27212.50868,1391302551.32762,-0.017308386508660057,6.2076790619999995,False,False,0.2131273025371942,300243.0905765004,-0.6620771888060377,0.23496840994804058,0.008362404783610066,0.0841628735321528,1.0136848869688422e-06,0.008686344745843516,0.0037348192901531267,0.0,0.0018674096450765633,-11.711384699592015,1.9860841722290577e-06,2775.4721122460305,0.3782758620689655,0.4281187739463602,-0.33447325376609044,-0.28932254289626086,-0.04375569735642659,-0.04890829694323151,0.26462882096069873,0.21266375545851535,0.22401746724890825,-0.031113876789047756,-0.17713811237198995,-0.13368890461035315
2020-05-06,1588723200,0.0002389,0.0002091,0.0002158,2024161.59,443.31,0.000219,multiply,ETH,2020-05-06 02:00:00,0.014828544949027078,5825,63991,1,10,9,69287,0,732102.155588889,1391302551.32762,0.014028544949027078,443.29138821000004,False,False,0.21001639560938165,304695.2587407488,-0.009499848982004972,0.2262835284170529,0.008205117051736589,0.08415330385083868,4.461775087004949e-09,0.008341330483598646,0.0037348192901531267,0.0,0.0018674096450765633,-10.296870738057413,1.9948731565234297e-06,2787.2105042165217,0.37206896551724133,0.4281187739463602,0.20474746817163425,0.2254791459006669,-0.016682113067655324,-0.10027347310847778,0.18732907930720144,0.2411121239744758,0.24475843208751147,-0.04988123515439424,-0.2868729348152599,-0.13368890461035315
2020-05-07,1588809600,0.0002463,0.0002294,0.000219,514337.36,117.97,0.0002294,multiply,ETH,2020-05-07 02:00:00,0.0474885844748858,5826,63992,1,6,4,69291,0,579241.195,1391302551.32762,0.0464885844748858,117.98899038399999,False,False,0.2004982972510142,319164.80527455604,-0.025826697166843476,0.12566289466753966,0.0066210334455679585,0.08348513957569886,3.186160966836429e-07,0.008486583846423255,0.020803557047527486,0.008705175890806846,0.014754366469167165,-22.26338634254801,2.0033101366463296e-06,2801.9909176171973,0.37758620689655176,0.4281187739463602,0.03860418479432438,0.06657237981085877,0.01461187214611881,-0.003707136237256714,0.139017608897127,0.25625579240037066,0.1807228915662651,-0.015703869882220944,-0.475485008818342,-0.13368890461035315
2020-05-08,1588896000,0.0002623,0.0002285,0.0002294,3967527.06,973.58,0.0002454,multiply,ETH,2020-05-08 02:00:00,0.06974716652136004,5830,63994,2,9,6,69297,0,222604.603333333,1391302551.32762,0.06874716652136004,973.631140524,False,False,0.18743173142314104,341425.64609579794,-0.002734997240353622,0.27497299590176477,0.010411122496521248,0.08575543077598613,8.480469634114562e-08,0.008404997202274654,0.02751365495562022,0.022077315556071276,0.024795485255845746,-41.43309673959274,2.013933572495399e-06,2766.6200316599557,0.3955172413793103,0.4281187739463602,0.31148486319475893,0.3210698123844923,0.04533565823888397,-0.03561643835616435,0.1657534246575343,0.21963470319634704,0.17305936073059358,0.03875134553283088,-0.6169339798582618,-0.13368890461035315
2020-05-09,1588982400,0.0002437,0.0002248,0.0002454,3162842.2,737.61,0.0002332,multiply,ETH,2020-05-09 02:00:00,-0.04971475142624282,5831,63996,2,14,12,69309,0,1359118.62248333,1391302551.32762,-0.05071475142624282,737.57480104,False,False,0.19724350082802297,324451.754969601,-0.004069354831951244,0.3679678049181323,0.007929682262044825,0.086194463688776,6.997982858544561e-07,0.008478419461808126,0.006710097908092735,0.06980764306096328,0.03825887048452801,-25.488438857008617,1.9885107153867926e-06,2770.877087836492,0.42310344827586205,0.4281187739463602,0.2843931632728059,0.2879358335269405,0.06519967400163007,0.0013077593722754521,-0.13818657367044462,0.2846556233653007,0.22144725370531815,0.023535851122058027,-0.6746575342465755,-0.13368890461035315
2020-05-10,1589068800,0.0002085,0.0001897,0.0002332,1676907.87,327.59,0.0001954,multiply,ETH,2020-05-10 02:00:00,-0.1620926243567753,5835,64000,4,12,10,69319,0,429405.95226,1391302551.32762,-0.1630926243567753,327.66779779800004,False,False,0.23541483826411086,271860.51852941694,-0.005553146705531713,0.6889299893952445,0.0015143963545019511,0.08865250418502361,5.301325727723171e-07,0.008551468710277128,0.013172659343558395,0.0902565625943049,0.051714610968931644,-11.497802291550606,1.9915704784645467e-06,2573.790674579596,0.40206896551724136,0.4281187739463602,0.18242111844919215,0.1922104857187294,-0.052315608919382584,0.06682966585167072,-0.01833740831295838,0.2807660961695191,0.27302363488182557,0.34584450402144773,-0.7367802585193888,-0.13794731740608449
2020-05-11,1589155200,0.0001989,0.0001896,0.0001954,607475.65,115.18,0.0001896,multiply,ETH,2020-05-11 02:00:00,-0.029682702149437135,5835,64000,0,7,5,69324,0,112729.542,1391302551.32762,-0.030582702149437136,115.17738324000001,False,False,0.24261634702957416,263790.96373171674,-0.030537165571190187,0.8123777145751648,-0.0019398099042460366,0.08815591174948838,2.3551153376764113e-07,0.008470401943561493,0.013172659343558395,0.03382105919860605,0.02349685927108222,-36.91906004897091,1.8499144360251568e-06,2547.2034036848304,0.33689655172413796,0.4281187739463602,0.06612525767540284,0.07452831207410399,-0.19344933469805525,0.05917667238421964,-0.030017152658662116,0.27315608919382506,0.26758147512864494,0.27611044417767105,-2.5643970467596393,-0.13794731740608449
2020-05-12,1589241600,0.0002146,0.0001918,0.0001896,11952083.44,2360.49,0.0001975,multiply,ETH,2020-05-12 02:00:00,0.04166666666666674,5836,64002,2,9,8,69332,0,577438.875,1391302551.32762,0.04066666666666674,2360.5364793999997,False,False,0.23291897163880204,274782.253887205,-0.0013463269295273677,0.8139719541876719,-0.001959790124372039,0.08815485839428157,8.278385109701302e-08,0.008688459450091932,0.014801824992909135,0.0,0.0074009124964545675,-40.154864578793934,1.8308048103945596e-06,2320.214054859778,0.32689655172413795,0.4281187739463602,0.46121605923102704,0.4421193486465571,-0.030590717299578074,-0.10440122824974396,-0.23541453428863868,0.17911975435005123,0.07420675537359267,0.23355537052456288,-1.9696342305037957,-0.13794731740608449
2020-05-13,1589328000,0.0002238,0.0001979,0.0001975,6967450.26,1462.07,0.0002098,multiply,ETH,2020-05-13 02:00:00,0.062278481012658204,5837,64003,1,10,7,69339,0,9152839.22035714,1391302551.32762,0.061278481012658204,1461.771064548,False,False,0.2192669954699308,291895.27526853466,-0.001899161496141139,0.8264924741565104,-0.0011515943506752795,0.08815282580077106,1.6966377853239106e-06,0.008848240377750708,0.014801824992909135,0.0,0.0074009124964545675,-1093.6701979430607,1.6676560052633875e-06,1815.5766665616952,0.34051724137931033,0.4281187739463602,0.4173524972494168,0.3845066851480104,0.040000000000000036,-0.15506329113924067,-0.14240506329113933,0.15242616033755274,0.029008438818565407,0.25310687655343833,-1.8287255563047875,-0.13794731740608449
2020-05-14,1589414400,0.0002399,0.0002115,0.0002098,52662964.95,11671.1,0.0002216,multiply,ETH,2020-05-14 02:00:00,0.05624404194470922,5838,64003,0,3,2,69341,0,32820.435,1391302551.32762,0.055344041944709224,11670.11303292,False,False,0.20759122585555723,308312.6453742006,-0.0002466175911383143,0.7999997101010358,0.002071921952619976,0.08695394842508473,1.0506493092772214e-06,0.008953027550933449,0.0,0.0,0.0,-14.378763116734108,1.3049474140827395e-06,2556.336504165821,0.3617241379310345,0.4281187739463602,0.7303066861171261,0.6361720414555895,0.05862726406101049,-0.16151898734177217,-0.14835443037974683,0.1473417721518987,0.08708860759493675,0.23130193905817176,-1.7345758354755785,-0.13794731740608449
2020-05-15,1589500800,0.00022,0.0002044,0.0002216,62123440.24,13180.64,0.0002122,multiply,ETH,2020-05-15 02:00:00,-0.04241877256317683,5837,64005,2,9,6,69347,0,5196635.29783333,1391302551.32762,-0.04331877256317683,13182.594018928,False,False,0.21679384143000768,295234.401391721,-0.00023972249020638158,0.7918398985726545,0.002424340827907297,0.0869422716160472,8.387904573152727e-06,0.009003336808577504,0.012507712928602926,0.0,0.006253856464301463,-1224.047334741441,1.837369234841475e-06,3265.8291992641866,0.38206896551724134,0.4281187739463602,0.6926528236715721,0.6442977291942936,0.05324909747292417,-0.16968541468064813,-0.09199237368922786,0.1501429933269781,0.20638703527168734,0.2923280423280423,-1.9247910863509752,-0.13794731740608449
2020-05-16,1589587200,0.0002246,0.0002085,0.0002122,23514756.9,5044.99,0.0002145,multiply,ETH,2020-05-16 02:00:00,0.01083883129123464,5838,64006,1,11,11,69358,0,2266922.04552727,1391302551.32762,0.009938831291234641,5043.91535505,False,False,0.21447259628147183,298434.3972597745,-0.0008970452088801818,0.7880026698746375,0.0023401638667408767,0.08693530903522591,9.47500168554194e-06,0.008498358419440882,0.04296100243977177,0.0,0.021480501219885886,-1172.0366732003877,2.347317767905939e-06,3283.2947480474973,0.4424520433694746,0.4281187739463602,0.5255907825723988,0.5206624555942845,-0.04429783223374173,-0.05234657039711199,-0.03339350180505418,0.16155234657039708,0.27572202166064985,0.25403753819292885,-1.8183079056865465,-0.1200723254015885
2020-05-17,1589673600,0.0002235,0.000207,0.0002145,29568030.58,6364.79,0.0002153,multiply,ETH,2020-05-17 02:00:00,0.0037296037296037365,5841,64012,6,18,14,69372,0,1301675.81009685,1391302551.32762,0.0028296037296037368,6365.996983874,False,False,0.21369570091938764,299547.4393008366,-0.0008783311245428245,0.7982158082926726,0.0024562469089384484,0.08685740812246218,3.6253188425745024e-06,0.008495086113287633,0.06454610026960045,0.023164553256408604,0.04385532676300453,-1.7103213572826395,2.3598711473032845e-06,3360.82421494626,0.4472477064220184,0.4281187739463602,0.5527120256667619,0.5475812622082041,0.010722610722610715,0.07917059377945335,-0.03393025447690845,0.13901979264844488,0.19462770970782284,0.28340611353711787,-1.547144754316069,-0.1200723254015885
2020-05-18,1589760000,0.0002255,0.0002061,0.0002153,22777863.11,4793.27,0.0002104,multiply,ETH,2020-05-18 02:00:00,-0.022758941012540723,5847,64017,5,21,16,69388,0,2740447.33817995,1391302551.32762,-0.023758941012540724,4792.462398344,False,False,0.21868953499327254,292730.0567993312,-0.0007893222491554343,0.80669736137762,-0.00025063268771999844,0.08638016655162072,4.57556624028281e-06,0.00853258505877627,0.05654324460587613,0.08849072046163897,0.07251698253375755,-8.320938756571723,2.415595523589939e-06,3278.3338523557773,0.4489157631359466,0.4281187739463602,0.5065781300216329,0.511326610609531,0.003715745471435161,0.1160839160839161,-0.006060606060605878,-0.21724941724941726,0.23496503496503496,0.1955332725615314,-1.0275027502750276,-0.1200723254015885
2020-05-19,1589846400,0.0002511,0.0002039,0.0002104,59505654.7,12260.83,0.000206,multiply,ETH,2020-05-19 02:00:00,-0.020912547528517123,5847,64017,0,8,6,69394,0,439389.214341557,1391302551.32762,-0.021812547528517124,12258.1648682,False,False,0.22336057360477932,286608.3255734897,-0.0003154963227792866,0.807500487287786,-0.00016514952164246082,0.08634964104749102,3.4445867965748334e-06,0.009348459152363238,0.02245043384744453,0.06532616720523036,0.04388830052633745,-12.630494257773114,2.356305498920776e-06,3714.91069696088,0.4386989157631359,0.4281187739463602,0.6281929545538154,0.6258569392474373,-0.023288973384030465,0.08267533673943339,-0.01718532280538798,-0.16070599163957278,0.18021365536460754,0.21455050973123257,-1.040885860306644,-0.1200723254015885
2020-05-20,1589932800,0.0002098,0.0001973,0.000206,17734653.02,3609.97,0.0002036,multiply,ETH,2020-05-20 02:00:00,-0.011650485436893177,5848,64019,2,5,3,69397,0,28941.0218666667,1391302551.32762,-0.012450485436893177,3610.7753548719998,False,False,0.226000568096467,283269.19945030345,-0.0012330890165814592,0.765862539362513,0.0014986245329380986,0.08625105401248638,8.8105673755165e-06,0.009327372103724018,0.0,0.02153312111320026,0.01076656055660013,-11.50485540410199,2.670095511156799e-06,3704.7431388193645,0.4295246038365304,0.4281187739463602,0.4505064914578982,0.47573203744648385,-0.021359223300970953,0.002851711026615855,-0.09030418250950567,-0.14163498098859328,0.19439163498098855,0.26757990867579917,-1.1571152607855764,-0.1200723254015885
2020-05-21,1590019200,0.0002065,0.0001827,0.0002036,24420711.81,4703.51,0.0001926,multiply,ETH,2020-05-21 02:00:00,-0.05402750491159136,5850,64021,2,13,10,69407,0,510009.22919,1391302551.32762,-0.05492750491159136,4703.429094605999,False,False,0.23891564468482263,267964.8713856996,-0.0006204541310561538,0.7981842099639774,0.0004932609490045291,0.08631424604210017,2.595248137384997e-06,0.009457525196050049,0.017065758975886275,0.07773585619301929,0.04740080758445278,-11.212902919255205,2.662787569306327e-06,3696.811095755263,0.42452043369474557,0.4281187739463602,0.4840918020439793,0.5345960902369825,-0.011787819253438192,-0.07572815533980592,-0.1912621359223301,-0.17184466019417477,0.2213592233009709,0.29947689625108975,-1.3036437246963564,-0.1200723254015885
2020-05-22,1590105600,0.0002114,0.0001907,0.0001926,20675444.46,4328.46,0.0002094,multiply,ETH,2020-05-22 02:00:00,0.08722741433021808,5850,64023,2,17,18,69425,0,1024152.60413879,1391302551.32762,0.08632741433021808,4329.438069924,False,False,0.2197544922070343,291338.75424800365,-0.0005634072074849267,0.7110473335299818,0.00353911951551634,0.08745149457738972,3.3805940268835524e-06,0.00923674071774136,0.052260998627292395,0.05620273507981903,0.054231866853555716,-19.33095713763003,2.6570864059924724e-06,3694.189579508756,0.40158465387823183,0.4281187739463602,0.4675864979519014,0.5259870790792736,-0.05711318795430942,-0.04223968565815328,-0.14538310412573674,-0.06385068762278978,0.2107072691552062,0.3137734311328444,-1.0450685826257349,-0.1200723254015885
2020-05-23,1590192000,0.0002088,0.0001922,0.0002094,13269212.6,2660.46,0.0002005,multiply,ETH,2020-05-23 02:00:00,-0.04250238777459403,5850,64024,1,4,2,69427,0,10013.95,1391302551.32762,-0.04340238777459403,2660.4771263,False,False,0.2295127651824492,278956.1615411878,-0.0011870784343447952,0.7018306797384547,0.0015720464071194218,0.08783291439391719,3.1117876308016026e-06,0.008654043278285069,0.03519523965140612,0.0,0.01759761982570306,-3.1496134816195323,2.655202188757331e-06,3661.2425969040114,0.4366138448707256,0.4281187739463602,0.4086090831331244,0.4667551259706625,0.08022922636103158,-0.11370716510903445,-0.014537902388369828,-0.17757009345794406,0.12564901349948077,0.2354202401372213,-0.7635175282234106,-0.1200723254015885
2020-05-24,1590278400,0.0001978,0.0001858,0.0002005,18488929.65,3545.97,0.0001918,multiply,ETH,2020-05-24 02:00:00,-0.04339152119700751,5851,64026,2,5,3,69430,0,6052.38,1391302551.32762,-0.04429152119700751,3546.1767068699996,False,False,0.2399309015690157,266851.8293446375,-0.0008847532090005078,0.6741502751291804,0.00024134428597279576,0.08745321924401381,1.9122204036507357e-06,0.007232764075835793,0.0,0.027345182125496713,0.013672591062748356,5.048035151897263,2.6315215144328966e-06,3631.2467044632804,0.48359864930053065,0.4281187739463602,0.4404259277136577,0.506583765885316,-0.04438902743142137,-0.028175740210124145,0.09455587392550135,-0.09407831900668584,0.1485195797516714,0.0491299897645856,-0.8012232415902143,-0.11781565789484497
2020-05-25,1590364800,0.0002143,0.0001898,0.0001918,20695055.95,4223.86,0.0002041,multiply,ETH,2020-05-25 02:00:00,0.06412930135557882,5852,64027,1,7,6,69436,0,966856.863333333,1391302551.32762,0.06322930135557882,4223.860919395,False,False,0.22547508903412683,283964.85072596726,-0.0006503182639035395,0.6384974805542291,0.0024423645503765692,0.08768322387649793,2.5488177991811616e-06,0.0072213851220246286,0.0,0.027345182125496713,0.013672591062748356,-2.642925619040783,2.60996193890268e-06,3598.243276052501,0.5146230211966729,0.4281187739463602,0.4576598529582955,0.528054559558243,-0.04535974973931167,-0.04937655860349133,0.014962593516209433,-0.14214463840399016,0.07331670822942649,0.03639240506329111,-0.8261390887290168,-0.1118634122690514
2020-05-26,1590451200,0.0002272,0.000199,0.0002041,25238274.82,5276.6,0.0002091,multiply,ETH,2020-05-26 02:00:00,0.024497795198431982,5855,64031,4,17,11,69447,0,909314.893558061,1391302551.32762,0.02349779519843198,5277.323264862,False,False,0.22009727726244663,290921.3634826053,-0.000702851042322627,0.5886572877577066,-0.01003104679324779,0.04378502115989504,3.035903955875358e-06,0.006258638374093511,0.0,0.0,0.0,-2.3329797193936503,2.5862406941027717e-06,3609.3070837789696,0.5565857649304609,0.08632741433021808,0.4798738695777758,0.5557460128050717,0.06026457618814307,-0.07403545359749741,-0.09384775808133483,-0.1438998957247133,0.04744525547445255,-0.3220253164556961,-0.9616402116402119,-0.09918505918711594
2020-05-27,1590537600,0.0004271,0.0002104,0.0002091,33793725.92,7463.02,0.0002208,multiply,ETH,2020-05-27 02:00:00,0.05595408895265419,5858,64036,5,20,24,69471,0,1359701.5385038,1391302551.32762,0.054854088952654194,7461.654683136,False,False,0.20845078999192918,307199.6033331385,-0.000386405413687559,0.6165382330437852,-0.007616490824331585,0.0435142935207605,3.7930809943719496e-06,0.019150336922112828,0.005946176840799448,0.0,0.002973088420399724,-0.4779861007531565,2.594192816174216e-06,3684.858285127358,0.5702208890100899,0.08632741433021808,0.5211246903062265,0.5978450891054837,0.023912003825920514,0.002449779519843265,-0.08574228319451249,-0.0573248407643312,-0.2792748652621264,-0.1911344137273594,-1.1660899653979242,-0.09918505918711594
2020-05-28,1590624000,0.0002467,0.0002269,0.0002208,16569523.88,3942.29,0.0002379,multiply,ETH,2020-05-28 02:00:00,0.07744565217391308,5859,64039,3,13,11,69482,0,1380823.44497072,1391302551.32762,0.07604565217391308,3941.8897310520006,False,False,0.1934766317066086,330990.87696084083,-0.0006489727073648013,0.676099944277652,-0.005134475189598945,0.044460725699918796,5.363071228480017e-06,0.01903238389299107,0.02679744190745431,0.033821380351782775,0.030309411129618543,-1.4393900280431264,2.6484953122605597e-06,3649.7214654095515,0.6021270793564221,0.08632741433021808,0.4352679436420577,0.5168132797285029,0.052989130434782705,0.07890961262553797,-0.01482544237207084,-0.04734576757532283,-0.19512195121951237,-0.0839350180505416,-1.046153846153846,-0.09918505918711594
2020-05-29,1590710400,0.0002404,0.0002272,0.0002379,11378594.44,2584.95,0.0002272,multiply,ETH,2020-05-29 02:00:00,-0.0449768810424549,5861,64041,2,5,3,69485,0,18244.5133333333,1391302551.32762,-0.0462768810424549,2585.2166567679997,False,False,0.20259475433476382,316103.93966163526,-0.0011997472891570463,0.9563200735317948,-0.0030787917341512762,0.03896554309754246,2.8332369025633846e-06,0.018565778915933796,0.020851265066654863,0.059406891013836186,0.04012907804024553,-8.031371051215082,2.623240690478778e-06,3623.9096242484557,0.6487592037087537,0.08632741433021808,0.3802376921250872,0.4663551232666628,0.07187894073139978,0.05163043478260876,0.028532608695652106,-0.03894927536231885,-0.08786231884057982,-0.13760603204524036,-0.9360465116279071,-0.09918505918711594
2020-05-30,1590796800,0.0002728,0.0002314,0.0002272,27336991.24,6924.81,0.0002533,multiply,ETH,2020-05-30 02:00:00,0.11487676056338025,5861,64044,3,14,18,69503,0,1445484.82771813,1391302551.32762,0.11357676056338026,6924.459881091999,False,False,0.1817279290866268,352416.9362512861,-0.00031250023968325724,1.1150367348418833,0.002128525189980252,0.03983123917263387,1.8581268713272417e-06,0.018765686595096878,0.0,0.08301491374667884,0.04150745687333942,-0.9422425779147652,2.6046884056889126e-06,3625.57202443153,0.6195800381783474,0.11357676056338026,0.498838160425136,0.5893864469135892,-0.047095070422535246,0.157208911307272,0.09499789827658678,-0.031525851197982346,-0.01471206389239188,-0.009790209790209836,-0.786935286935287,-0.09918505918711594
2020-05-31,1590883200,0.000241,0.0002225,0.0002533,12151625.69,2731.42,0.0002248,multiply,ETH,2020-05-31 02:00:00,-0.11251480457954988,5863,64046,2,10,14,69517,0,1550638.87164286,1391302551.32762,-0.11381480457954987,2731.6854551119995,False,False,0.2047736741080904,312764.81353844894,-0.0007997518402584362,1.136071617945658,-0.0017757825798820476,0.04288882342333252,4.976961965953763e-06,0.018698031866584766,0.0,0.05742940308462543,0.028714701542312714,4.664107191201648,2.6058832573633297e-06,3568.425021148358,0.6907553858740113,0.11357676056338026,0.37784119344682693,0.4756388736845708,0.10303987366758782,0.1558098591549295,0.073943661971831,-0.026408450704225483,0.046654929577464754,-0.05341384115188119,-0.7516301126259632,-0.10927846563391401
2020-06-01,1590969600,0.0002482,0.0002308,0.0002248,9652734.62,2300.07,0.0002383,multiply,ETH,2020-06-01 02:00:00,0.06005338078291822,5863,64046,0,4,2,69519,0,29732.00315,1391302551.32762,0.05885338078291822,2300.246659946,False,False,0.19317298338018762,331547.39798137185,-0.00122270427843646,1.1158426468061613,-0.0022872390226169876,0.043114699420662,1.963401456071038e-06,0.018677586812704747,0.0,0.0,0.0,6.0222947528878095,2.5648087957168383e-06,3522.3682539835418,0.622197619706615,0.11357676056338026,0.3546896603830205,0.4579022808311608,-0.12677935943060503,0.19423608369522294,0.18673509672325306,0.22858270825108562,0.1046190288195814,-0.08887832699619791,-0.4356083086053413,-0.10927846563391401
2020-06-02,1591056000,0.0002307,0.0002164,0.0002383,7595817.28,1697.98,0.0002235,multiply,ETH,2020-06-02 02:00:00,-0.0621065883340326,5867,64048,2,12,10,69529,0,697377.277433781,1391302551.32762,-0.0633065883340326,1697.66516208,False,False,0.20597118318279578,310956.1202217231,-0.0016368971134036131,1.1174359085994845,-0.002140436391942035,0.043144242103484144,1.6533044216378672e-06,0.01862135267833889,0.007545908476615755,0.0,0.0037729542383078776,-4.210883882548508,2.5317054515729875e-06,3478.8746644039425,0.6595626902850816,0.11357676056338026,0.31597078706600806,0.4220512556205542,0.056651279899286644,0.06983985765124556,0.09430604982206403,0.15658362989323837,-0.019128113879003594,-0.11165048543689338,-0.4773129051266942,-0.10927846563391401
2020-06-03,1591142400,0.0002323,0.0002225,0.0002235,10754559.29,2419.72,0.000225,multiply,ETH,2020-06-03 02:00:00,0.006711409395973034,5867,64048,0,3,2,69531,0,32487.93,1391302551.32762,0.005511409395973034,2419.77584025,False,False,0.2045980419615772,313043.0740487145,-0.0020679379563639634,1.1047965159516013,-0.000803002662004035,0.04258791878487204,1.2201984108057879e-06,0.01861097029997102,0.023292459748780428,0.012622242957902539,0.017957351353341484,-18.150799719466495,2.500444393697333e-06,3459.374498349864,0.618599501799059,0.11357676056338026,0.3582897827043088,0.4679961034650833,-0.06621923937360163,0.07343684431388997,0.1917750734368443,0.1712127570289551,0.03902643726395294,-0.07760314341846763,-0.3922341024198086,-0.10927846563391401
2020-06-04,1591228800,0.0002312,0.0002214,0.000225,12294280.98,2752.47,0.0002239,multiply,ETH,2020-06-04 02:00:00,-0.004888888888888943,5867,64048,0,5,3,69534,0,376578.566666667,1391302551.32762,-0.0061888888888889425,2752.689511422,False,False,0.20560321322623878,311512.6412422541,-0.0019329423824670441,1.1055039079380196,-0.00026146062919865204,0.04220541851936151,1.7392161309134247e-06,0.01862135514987314,0.015746551272164674,0.012622242957902539,0.014184397115033606,1.7971307889687562,2.4864286312483448e-06,3389.6345537837105,0.6227511763077774,0.11357676056338026,0.3733036889949824,0.4852524770863652,0.006666666666666599,-0.06442953020134223,0.06308724832214774,0.061297539149888225,0.018344519015660032,-0.12045690550363441,-0.5340977670488836,-0.10927846563391401
2020-06-05,1591315200,0.0002257,0.0002113,0.0002239,18194368.96,4062.34,0.0002233,multiply,ETH,2020-06-05 02:00:00,-0.0026797677534613484,5868,64049,1,13,9,69543,0,1597689.10994992,1391302551.32762,-0.003979767753461348,4062.8025887680005,False,False,0.20615888129101181,310677.85971145757,-0.0014576206985155275,1.1110160825722946,0.0005792181934827546,0.04225021426011233,1.978498141037193e-06,0.018419561579641232,0.009148643061774105,0.005988824708606204,0.007568733885190155,-2.0003791241111646,2.4363029813675153e-06,3323.4529494835456,0.6725743466506457,0.11357676056338026,0.41930748225430675,0.5324717863562936,-0.004912907548012546,-0.009777777777777885,0.10888888888888892,0.015111111111111075,0.040888888888888975,-0.045845272206303855,-0.4524886877828056,-0.10927846563391401
2020-06-06,1591401600,0.0002251,0.0002179,0.0002233,9984320.88,2175.3,0.0002179,multiply,ETH,2020-06-06 02:00:00,-0.024182713837886283,5869,64050,1,5,3,69546,0,79650.2066666667,1391302551.32762,-0.025482713837886282,2175.5835197520005,False,False,0.21127121130431853,303164.82593428844,-0.001710859257520104,1.2914529381360125,0.0018925411190861916,0.04083738496413748,2.9201431312629737e-06,0.018180035466465835,0.019685607386868604,0.03928122749875296,0.02948341744281078,-1.140083255512513,2.3887348918552713e-06,3260.068787205966,0.7876543209876543,0.11357676056338026,0.3396678431295483,0.45334664751176224,-0.002686968204209439,-0.13130861991960696,0.14336757481018314,0.05225547119249663,0.02188476998660105,-0.14413965087281788,-0.40254003313086684,-0.09918505918711594
2020-06-07,1591488000,0.0002252,0.0002129,0.0002179,16504991.35,3514.45,0.0002129,multiply,ETH,2020-06-07 02:00:00,-0.022946305644791276,5869,64050,0,7,5,69551,0,762074.3284,1391302551.32762,-0.024246305644791275,3513.912658415,False,False,0.21623295886900426,296208.3131776503,-0.0010741867247261222,1.1234514801715552,-0.002563350825664014,0.037330906653761806,1.563702673926672e-06,0.017947113303359553,0.01783779193319133,0.09479041996392717,0.05631410594855925,6.438718482043448,2.3431774663929975e-06,3207.127247365187,0.8127564341663558,0.11357676056338026,0.397718373447597,0.5141627755322337,-0.024782010096374485,-0.006717420510523819,0.08598298253470671,0.039408866995073843,-0.027317510076130702,-0.2794577685088635,-0.3236282194848823,-0.09918505918711594
2020-06-08,1591574400,0.0002711,0.0002095,0.0002129,15165379.76,3214.52,0.000212,multiply,ETH,2020-06-08 02:00:00,-0.0042273367778299376,5868,64051,1,8,7,69558,0,373981.333173204,1391302551.32762,-0.005727336777829937,3215.06050912,False,False,0.21715431931197685,294956.14088145545,-0.001700180470025874,1.1066645117596718,-0.0023319706574946334,0.03727831755919366,2.5256279844106703e-06,0.01955977693606223,0.09340331566535595,0.11166465305923245,0.1025339843622942,-0.22383680492186286,2.3051256854987115e-06,3145.434564102623,0.8101217656012176,0.11357676056338026,0.38505608911692124,0.5043699716269864,-0.023485204321277653,-0.09362092703074798,0.04038549793483259,0.011932078935291468,-0.12620468104635152,-0.14257716805487508,-0.32847533632286985,-0.09918505918711594
2020-06-09,1591660800,0.000266,0.0001928,0.000212,9388152.64,2061.64,0.0002196,multiply,ETH,2020-06-09 02:00:00,0.035849056603773466,5869,64052,1,7,8,69566,0,1197325.7368625,1391302551.32762,0.03444905660377347,2061.638319744,False,False,0.20964223335640786,305530.04027154535,-0.0016144626317350526,0.8670549578020332,0.0014843795340349455,0.03531760202373793,2.3108277247476465e-06,0.021044841118537147,0.08994343989025111,0.07323149722976151,0.08158746856000632,2.3229491022328173,2.2607840121483e-06,3085.610764521421,0.8119494446572194,0.11357676056338026,0.32845420509508433,0.4480899179345694,-0.004245283018867951,-0.0497886331611086,-0.037106622827618674,0.011742602160638826,-0.09534992954438715,0.0655188904830224,-0.3928571428571428,-0.09918505918711594
2020-06-10,1591747200,0.0002232,0.0002133,0.0002196,36162596.42,7802.76,0.0002158,multiply,ETH,2020-06-10 02:00:00,-0.01730418943533707,5870,64052,0,10,7,69573,0,8628455.33370372,1391302551.32762,-0.01860418943533707,7803.888307436,False,False,0.21333380187704895,300243.0905765004,-0.0005198442728911776,0.7818244406516601,0.0014322446203553264,0.035475865020616754,1.4818044556712174e-06,0.02104246640307633,0.003840951832991988,0.023064861344309483,0.013452906588650735,0.0,2.217785600678332e-06,3033.9445025997193,0.8410570662581386,0.11357676056338026,0.4932869326820927,0.6186154276949181,0.03460837887067392,-0.061320754716981174,-0.12216981132075477,0.028301886792452824,0.07830188679245287,0.14130434782608692,-0.42620232172470973,-0.08732321910081188
2020-06-11,1591833600,0.0002072,0.0001957,0.0002158,35066328.5,7184.63,0.0002049,multiply,ETH,2020-06-11 02:00:00,-0.05050973123262281,5870,64053,1,9,7,69580,0,8702723.35108112,1391302551.32762,-0.05190973123262281,7185.09070965,False,False,0.22468595996093332,285077.89276702935,-0.0004155256188455789,0.7366766583178328,0.0020528506142552657,0.03563978618488371,5.609051963564151e-06,0.020880744800425635,0.0,0.0,0.0,-0.5665708968359873,2.180650426971937e-06,3033.302927461867,0.826503255457679,0.11357676056338026,0.4770349706720101,0.6051897035484121,-0.017608897126969447,-0.01958105646630237,-0.03460837887067392,0.07285974499089254,0.13661202185792354,0.16981925178646495,-0.3362303096143402,-0.08732321910081188
2020-06-12,1591920000,0.0002114,0.0002043,0.0002049,33720307.84,6968.63,0.0002067,multiply,ETH,2020-06-12 02:00:00,0.00878477306002945,5872,64056,3,11,8,69588,0,923984.955159654,1391302551.32762,0.007384773060029449,6969.987630528001,False,False,0.22273976511262442,287582.23735941906,-0.0006793032701528687,0.7517495236190603,0.0008157725613770253,0.035852102104584144,5.164290615864812e-06,0.02065680476997662,0.007966051719404475,0.0,0.003983025859702238,-17.31852163865998,2.180189294246175e-06,2988.0979092661632,0.7847567981616239,0.11357676056338026,0.4690640101667744,0.6018877066834789,-0.05319668130795496,-0.03475440222428183,-0.17377201112140872,0.10750695088044482,0.08480074142724736,0.0765845070422535,-0.36938435940099823,-0.08732321910081188
2020-06-13,1592006400,0.0002168,0.0002049,0.0002067,24484198.72,5132.5,0.0002096,multiply,ETH,2020-06-13 02:00:00,0.014029995162070596,5872,64056,0,5,4,69592,0,874989.6455,1391302551.32762,0.012629995162070596,5131.888051712,False,False,0.21965796492738296,291617.0147582691,-0.0008313816838369987,0.6970116230373048,0.0008100541995669684,0.03588486922112068,5.009685078114061e-06,0.020400742873843712,0.007966051719404475,0.0,0.003983025859702238,0.0,2.1476981454643606e-06,2723.9908054547645,0.791650708540789,0.11357676056338026,0.4270590650545921,0.5669961870403532,0.008708272859216382,-0.06344558321132276,-0.09712054660810154,-0.02196193265007329,-0.023914104441190798,0.12514804579549932,-0.42642642642642636,-0.08732321910081188
2020-06-14,1592092800,0.0002084,0.0002038,0.0002096,16178001.37,3334.82,0.0002061,multiply,ETH,2020-06-14 02:00:00,-0.016698473282442783,5877,64059,3,8,6,69598,0,60218.3879388867,1391302551.32762,-0.01809847328244278,3334.286082357,False,False,0.2233986691002605,286747.4558286225,-0.001227380579490822,0.6828160680375355,-0.0004252434558833706,0.036030126823116376,3.6885492999455854e-06,0.020321399520585502,0.0022786970797893154,0.036565338792704474,0.019422017936246896,9.378556315276116,1.957870919488688e-06,2249.901262420058,0.802757564151666,0.11357676056338026,0.3831176252167879,0.5121562593328692,0.013835877862595325,-0.029995162070633796,-0.15287856797290744,0.029995162070633796,-0.07208514755684559,0.05604982206405684,-0.36947040498442374,-0.08670144459474013
2020-06-15,1592179200,0.0002264,0.0001986,0.0002061,50933150.62,10235.15,0.000201,multiply,ETH,2020-06-15 02:00:00,-0.024745269286753913,5897,64061,2,38,38,69636,0,3842516.62762749,1391302551.32762,-0.026245269286753914,10237.563274619999,False,False,0.22907414529064596,279651.81281685166,-0.00036132826229622907,0.6746707743311581,-0.0009754510235365326,0.0361915055595234,2.396521216162028e-06,0.020567032170958295,0.0173267077263494,0.08568600186649374,0.05150635479642157,8.599560722148986,1.617118620441786e-06,2473.581261647028,0.7893527384144006,0.11357676056338026,0.5470626484133989,0.6506588540813926,-0.016982047549733092,-0.011450381679389388,-0.06631679389312972,0.08492366412213737,-0.012404580152671763,0.09987410826689036,-0.4716208308952603,-0.08670144459474013
2020-06-16,1592265600,0.0002118,0.0001977,0.000201,15065349.48,2978.33,0.0001977,multiply,ETH,2020-06-16 02:00:00,-0.016417910447761197,5899,64061,0,5,3,69639,0,82003.8766666667,1391302551.32762,-0.017817910447761195,2978.4195921960004,False,False,0.2328978411907933,275060.5143974705,-0.0013797191135708241,0.7131367695851291,-0.0009644774503857835,0.03623237290739484,7.358258104860821e-06,0.020586987382106865,0.015048010646560087,0.04912066307378926,0.03208433686017467,-10.22480394008739,1.7778888274780112e-06,2471.1683176587158,0.7698199923400996,0.11357676056338026,0.37757874267258934,0.4906517632954928,-0.025373134328358082,-0.06550218340611358,-0.09170305676855905,0.009704027171276053,-0.040756914119359555,0.036689038031319954,-0.37599024984765395,-0.08670144459474013
2020-06-17,1592352000,0.0002034,0.000194,0.0001977,33948540.86,6904.16,0.0002034,multiply,ETH,2020-06-17 02:00:00,0.028831562974203306,5899,64061,0,6,4,69643,0,1645579.749,1391302551.32762,0.027531562974203307,6905.133210924,False,False,0.22637120552320472,282990.9389400379,-0.000513572214613587,0.7651455898122768,0.0004025426866076442,0.03633276583622975,2.140741846087976e-06,0.020497263539721186,0.0,0.014569748696539608,0.007284874348269804,0.0,1.7761545217470186e-06,2506.5560149282865,0.7571811566449637,0.11357676056338026,0.48838739779763324,0.5941745617433224,-0.01669195751138086,-0.0736318407960197,-0.1139303482587064,-0.040298507462686484,-0.07114427860696515,0.06488888888888888,-0.3042492917847026,-0.08670144459474013
2020-06-18,1592438400,0.0002104,0.0001989,0.0002034,20341106.43,4186.27,0.0002058,multiply,ETH,2020-06-18 02:00:00,0.01179941002949847,5899,64061,0,4,3,69646,0,16666666.6666667,1391302551.32762,0.01049941002949847,4186.199703294,False,False,0.2237313080827009,286330.0650632242,-0.001060557560779312,0.7545891195510486,0.0025097779116733912,0.03651310482731041,4.963070903833913e-06,0.01952770295804175,0.0,0.23306422711759098,0.11653211355879549,2.3857675680990464,1.8015894620019638e-06,2068.6128649823213,0.779011872845653,0.11357676056338026,0.42159883518696545,0.5322026209155678,0.028023598820059004,-0.036418816388467334,-0.1294891249367729,-0.11684370257966603,-0.06423874557410203,0.07994640464493075,-0.3315634218289085,-0.08670144459474013
2020-06-19,1592524800,0.0003293,0.0002036,0.0002058,207377440.19,61183.79,0.000295,multiply,ETH,2020-06-19 02:00:00,0.4334305150631683,5906,64067,6,36,77,69723,0,1904703.9895184,1391302551.32762,0.4321305150631683,61176.344856050004,False,False,0.15609564647114674,410434.25264164794,-1.3665801475736695e-05,0.041156682531319544,0.014457541417539296,0.0852649477747057,3.008834921850327e-06,0.021675513937089056,0.0,0.21849447842105138,0.10924723921052569,6.070449056568696,1.4868174165341629e-06,10400.254148361533,0.7882037533512064,0.4321305150631683,0.7913288957710978,0.8637630719587236,0.011661807580174766,-0.016224188790560534,-0.07128810226155369,-0.1696165191740413,-0.012782694198623323,0.08822212270488139,-0.47132169576059857,-0.07382480070263685
2020-06-20,1592611200,0.000499,0.0002907,0.000295,479610480.99,146004.8,0.0003044,multiply,ETH,2020-06-20 02:00:00,0.03186440677966096,5917,64079,12,47,133,69856,0,2282930.13093254,1391302551.32762,0.03056440677966096,145993.43041335602,False,False,0.15130368173497105,423512.49662412755,-2.3605621549588482e-05,-0.23006608857076327,0.01578995407681902,0.08451567201006446,4.397055464152913e-05,0.028918853990395413,0.040933466537059544,0.10187013976207973,0.07140180314956963,3.535183376316251,7.475192321351901e-06,27139.149715532243,1.0,0.4321305150631683,0.7078037519519383,0.8434751797486422,0.3023728813559323,-0.01846452866861026,-0.03449951409135088,-0.10398445092322639,0.010689990281827044,0.11610830656264348,-0.4268823895457372,-0.07382480070263685
2020-06-21,1592697600,0.0003691,0.0002825,0.0003044,159968627.82,49201.63,0.0003076,multiply,ETH,2020-06-21 02:00:00,0.01051248357424428,5921,64082,3,25,52,69908,0,2525723.55586,1391302551.32762,0.009212483574244281,49206.349917431995,False,False,0.1497366611603037,427964.6647883759,-9.257325170075512e-05,-0.140720318910036,0.015532747699838548,0.08438959543884382,0.00010493291360246913,0.030031053083159717,0.09119950279313283,0.20939052117757706,0.15029501198535494,8.399539067312976,1.950628904520825e-05,27955.171145936736,1.0,0.4321305150631683,0.4799792860753741,0.6125604520538567,0.03088042049934303,0.30135593220338985,0.28135593220338984,0.14135593220338993,0.3471186440677967,0.016439643024894313,-0.33016627078384797,-0.07382480070263685
2020-06-22,1592784000,0.0003406,0.0002701,0.0003076,61427024.3,17186.97,0.0002798,multiply,ETH,2020-06-22 02:00:00,-0.09037711313394003,5921,64083,1,12,11,69919,0,1907609.2705,1391302551.32762,-0.09177711313394003,17187.28139914,False,False,0.16461656799084162,389286.4538614681,-0.00013985715140820212,-0.3256234559146567,0.012570993326302266,0.08769652983554596,3.536710967034303e-05,0.03067610949904774,0.05026603625607329,0.126087787509379,0.08817691188272614,10.95063069930911,2.009280520564066e-05,27906.50852269083,1.0,0.4321305150631683,0.3633926252348499,0.49406955271221414,0.010403120936280819,0.3396846254927727,0.2785808147174771,0.26149802890932994,0.31208935611038113,0.054245283018867996,-0.1508693213684802,-0.08568500789754387
2020-06-23,1592870400,0.0002845,0.0002529,0.0002798,49100195.36,13133.12,0.0002675,multiply,ETH,2020-06-23 02:00:00,-0.04395997140814878,5921,64084,1,11,11,69930,0,1246984.85774723,1391302551.32762,-0.04515997140814878,13134.3022588,False,False,0.17218854009258155,372173.4324801384,-0.00023788669837863704,-0.5114528224830903,0.01340875178697675,0.087422429867408,1.235337445672001e-05,0.030810906471996538,0.04070769836084087,0.043411541240186396,0.042059619800513634,-0.4457845811719743,2.0057828900020092e-05,27851.567728742823,0.90962288686606,0.4321305150631683,0.3334657740436411,0.46327275288490466,-0.09935668334524639,0.35728218465539663,0.29843953185955785,0.22529258777633288,0.3481794538361509,0.12659380692167577,-0.08934337997847153,-0.08568500789754387
2020-06-24,1592956800,0.0002838,0.000258,0.0002675,31199484.75,8196.33,0.0002627,multiply,ETH,2020-06-24 02:00:00,-0.017943925233644853,5922,64086,2,10,7,69937,0,1022151.02854857,1391302551.32762,-0.019043925233644853,8196.104643825,False,False,0.17534020546867804,365495.18023376574,-0.0004905383500015816,-0.37064654586713675,0.011465644035016112,0.0877599067066447,9.440291938131558e-06,0.030774170074536176,0.07562102048088415,0.07459637783204946,0.07510869915646681,3.6108615221326144,2.0018340153380777e-05,27817.56139260275,0.8696358907672301,0.4321305150631683,0.2850763230032189,0.41312326424373913,-0.04598130841121506,0.2730521801286634,0.26769120800571844,0.2012151536812009,0.31451036454610437,0.054216867469879415,-0.1423097974822114,-0.08568500789754387
2020-06-25,1593043200,0.0002974,0.0002579,0.0002627,19498910.32,5617.91,0.0002881,multiply,ETH,2020-06-25 02:00:00,0.09668823753330802,5922,64086,0,6,4,69941,0,932309.625,1391302551.32762,0.09538823753330802,5617.636063192001,False,False,0.15988154105040514,400834.2650374873,-0.0004158801845450118,-0.6178232536262185,0.013358175885909781,0.08880562734829853,5.890957819349966e-06,0.030687055448784313,0.03491332212004327,0.1300941925469768,0.08250375733351004,-2.672853040443382,1.999389806771967e-05,27814.305754529712,0.8540312093628089,0.4321305150631683,0.24722861676539346,0.3734744972912402,-0.018271792919680285,0.23065420560747663,0.22728971962616817,0.15887850467289721,0.23700934579439248,-0.020497803806734938,0.18996553044810427,-0.07382480070263685
2020-06-26,1593129600,0.0003625,0.0002799,0.0002881,125316190.52,41407.28,0.0003304,multiply,ETH,2020-06-26 02:00:00,0.1468240194376953,5927,64089,3,19,25,69966,0,1422485.63383445,1391302551.32762,0.1456240194376953,41404.469347808,False,False,0.13941897163863784,459686.3629586457,-4.6336074009841615e-05,-0.9462912562950285,0.01565716557215125,0.0907532136591487,4.037681134007477e-06,0.01801975937148642,0.04549453758986236,0.1349223668284425,0.09020845220915243,-1.8201259846022708,1.99915580748332e-05,28235.431798242218,0.9366059817945384,0.4321305150631683,0.44234271246046086,0.5744793805191925,0.08816383200277689,-0.1229539398553483,0.20213170917396261,0.14769699276741532,0.20403502093642945,-0.0682148040638606,0.13845538215286113,-0.07382480070263685
2020-06-27,1593216000,0.0003445,0.0002981,0.0003304,76568812.19,23162.81,0.0003025,multiply,ETH,2020-06-27 02:00:00,-0.08444309927360782,5925,64089,0,9,10,69976,0,1515179.31921,1391302551.32762,-0.08564309927360783,23162.065687475,False,False,0.15227777927076344,420869.02177660505,-0.00010671230218279167,-1.5266930254631503,0.007014302790930368,0.09049661957808347,2.9759500770194586e-05,0.018167848211017395,0.05621349321514421,0.09660850228505986,0.07641099775010204,0.6879927982076293,2.029424280958816e-05,28205.099835192148,1.0,0.4321305150631683,0.37712538232984816,0.5072657755848531,0.12802663438256656,-0.05657757723012846,0.2846233946546338,0.22492190211732033,0.23359944463727877,-0.1350190839694656,0.11906744379683609,-0.08231130027436115
2020-06-28,1593302400,0.000315,0.0002992,0.0003025,20455845.44,6121.14,0.0002992,multiply,ETH,2020-06-28 02:00:00,-0.010909090909090868,5927,64090,1,17,14,69990,0,2430395.30714952,1391302551.32762,-0.012109090909090868,6120.388955648001,False,False,0.15395971584336235,416277.7233572239,-0.0007382143262037342,-1.533221322992777,0.006679526491919737,0.09056311479782105,1.6647756209009394e-05,0.018197947656596467,0.010718955625281846,0.11607533438798051,0.06339714500663118,5.412126722199844,2.027244168299559e-05,28159.462885933983,0.9155569007263922,0.4321305150631683,0.24308716587392062,0.3692383435833136,-0.09223140495867788,0.06900726392251821,0.39164648910411626,0.34049636803874095,0.27996368038740915,-0.10237748665696267,0.1454018227009114,-0.08231130027436115
2020-06-29,1593388800,0.0003053,0.0002757,0.0002992,49539942.5,13658.69,0.0002757,multiply,ETH,2020-06-29 02:00:00,-0.07854278074866317,5928,64091,1,6,4,69994,0,887251.571,1391302551.32762,-0.07964278074866317,13658.16214725,False,False,0.16708547599297097,383582.11340102484,-0.0001862704364995734,-1.6369934268494695,0.0013179383892839432,0.08970782404899467,4.399035242052675e-06,0.017902077753064762,0.017131334370594425,0.10313383077095589,0.06013258257077516,8.637253154675815,2.0239640083361762e-05,28118.40561618741,0.9055690072639225,0.4321305150631683,0.3207189151166197,0.4490347438760001,-0.011029411764705843,0.07504132231404947,0.34644628099173547,0.296198347107438,0.24892561983471073,-0.26019900497512416,0.04755309325946444,-0.08294295593738273
2020-06-30,1593475200,0.0002955,0.0002707,0.0002757,55268300.35,15334.93,0.0002775,multiply,ETH,2020-06-30 02:00:00,0.006528835690968515,5928,64091,0,12,14,70008,0,1452623.28941429,1391302551.32762,0.005228835690968515,15336.953347125002,False,False,0.16600167831085438,386086.4579934146,-0.000328065590293447,-1.637801443931973,0.0045384969320056015,0.08754945117129141,9.816816719136321e-06,0.01802569294944947,0.024237026987511574,0.07596236397829756,0.05009969548290456,4.201060106504547,2.0210130132627186e-05,28017.711633845873,0.8344430992736077,0.4321305150631683,0.3306618044783203,0.4583976902203946,-0.08523757707653257,0.10594919786096257,0.3201871657754011,0.29144385026737973,0.15340909090909105,-0.13707637835103692,0.11948853615520283,-0.08294295593738273
2020-07-01,1593561600,0.0003258,0.0002749,0.0002775,39672570.01,12191.24,0.0003073,multiply,ETH,2020-07-01 02:00:00,0.10738738738738718,5928,64092,1,8,15,70023,0,1621542.99362,1391302551.32762,0.10618738738738717,12191.380764073,False,False,0.14990623001038128,427547.2740229776,-0.00018302377580155875,-2.0715854758173364,0.0036707422789536057,0.08825745837994664,1.1023449452090813e-05,0.018263783644520897,0.047040089248533395,0.1152117421031397,0.08112591567583655,7.277456007247446,2.0137756239367623e-05,27912.90198412777,0.8398910411622277,0.4321305150631683,0.3057598362640258,0.43275642946225007,0.006486486486486642,0.04715270221254986,0.25353645266594127,0.2034820457018498,0.18462096481682988,-0.171583087512291,0.1444783937145352,-0.08294295593738273
2020-07-02,1593648000,0.0003126,0.0002673,0.0003073,23420838.1,6418.55,0.0002741,multiply,ETH,2020-07-02 02:00:00,-0.10803774812886424,5929,64093,1,6,4,70027,0,806164.72315,1391302551.32762,-0.10933774812886424,6419.6517232100005,False,False,0.16806604608945,381356.02931890066,-0.0003466347847451916,-2.1792992764628947,0.0006154054817844773,0.09022993906422248,8.762566238694554e-06,0.01841608759665817,0.04640410103598076,0.08374621822481744,0.0650751596303991,4.505831881479917,2.0062424206361507e-05,27843.340075138673,0.9300847457627118,0.4321305150631683,0.2412230196045414,0.3663477020882913,0.09697364139277564,-0.03819819819819825,-0.06306306306306309,0.2223423423423424,0.14126126126126137,-0.0860058309037901,0.11441048034934498,-0.08901680689679053
2020-07-03,1593734400,0.0002792,0.0002679,0.0002741,16886274.75,4600.35,0.0002724,multiply,ETH,2020-07-03 02:00:00,-0.006202116016052472,5931,64094,1,9,6,70033,0,60771.7978133333,1391302551.32762,-0.007502116016052472,4599.8212419,False,False,0.1691175550075122,378990.8149816437,-0.001105013539645087,-2.6443989122498346,0.0009359156643436353,0.08877955060812151,4.614130633976189e-06,0.01840407527743169,0.024247337904541276,0.033289746568965786,0.02876854223675353,1.8088604628954545,2.0012426519716922e-05,27809.431295118182,0.8296004842615011,0.4321305150631683,0.20777152346036887,0.3318465047151658,-0.12112367748996711,-0.0751708428246014,0.009437032216075392,0.33322486169866583,0.2726976895541815,0.23728813559322037,0.11713764813126715,-0.08901680689679053
2020-07-04,1593820800,0.0002798,0.000266,0.0002724,17395768.9,4667.77,0.0002683,multiply,ETH,2020-07-04 02:00:00,-0.015051395007342094,5933,64096,2,7,6,70039,0,38221.4166666667,1391302551.32762,-0.016351395007342093,4667.2847958699995,False,False,0.171707266067471,373286.47452120046,-0.0008990847535762803,-2.718681324034937,-0.0017591731126082467,0.0889943293631886,3.3061257865952458e-06,0.018413609966545428,0.02584781587232431,0.08528815895817635,0.055567987415250326,7.8378246114571155,1.9988054552607293e-05,27779.920354865164,0.8244552058111381,0.4321305150631683,0.20878856972957588,0.33281683196591694,-0.006240822320117356,-0.10361182050346573,-0.12221816855162349,0.2458956585187887,0.17913170375775267,0.26445466491458614,0.017145505097312275,-0.08901680689679053
2020-07-05,1593907200,0.0003192,0.0002645,0.0002683,23564775.95,7146.72,0.0003033,multiply,ETH,2020-07-05 02:00:00,0.13045098770033547,5933,64097,1,7,9,70048,0,1400514.39133333,1391302551.32762,0.12915098770033548,7147.196545635,False,False,0.15189508155895334,421982.06381766713,-0.0002849729516933561,-2.649305606372486,0.00280965414709827,0.09204406365473834,3.3546152786224284e-06,0.018692805488797978,0.03605211350900385,0.06740867078836107,0.05173039214868246,9.81002806173335,1.9966843536912072e-05,27739.028238493167,0.812046004842615,0.4321305150631683,0.2500814029638996,0.37497189882193166,-0.015281401416324947,-0.09838472834067558,-0.027165932452276165,0.23054331864904554,0.17804698972099853,0.2740572171651495,0.07808219178082199,-0.08901680689679053
2020-07-06,1593993600,0.0003215,0.0002877,0.0003033,23258265.74,6803.73,0.0002925,multiply,ETH,2020-07-06 02:00:00,-0.035608308605341255,5934,64097,0,3,2,70050,0,58576.385,1391302551.32762,-0.036808308605341254,6803.042728949999,False,False,0.1575035153395916,406955.9962633289,-0.000490247733763554,-2.7860962502192543,0.0036311709918319525,0.09150244335069177,5.1370541503104005e-06,0.01887268909283025,0.062271801358468895,0.07899807907975995,0.07063494021911443,9.277251140711357,1.993745229031874e-05,27670.630276431424,0.9179782082324455,0.4321305150631683,0.2446898939134674,0.3689870203585946,0.11539729640619845,-0.02758106597092791,0.002981736861721984,0.23183004099888194,0.16772269847185983,0.22122944960686208,0.17829119442022667,-0.08901680689679053
2020-07-07,1594080000,0.0003518,0.0002872,0.0002925,111672884.24,37687.76,0.0003375,multiply,ETH,2020-07-07 02:00:00,0.15384615384615397,5934,64098,1,14,11,70061,0,996857.447344242,1391302551.32762,0.15264615384615396,37689.598431,False,False,0.13650517626002553,469564.6110730718,-4.966362749468878e-05,-2.1987195835594466,0.01205884184337102,0.09704832518644511,4.8896932751674646e-06,0.01920015845704818,0.043138651296499346,0.11173786794735077,0.07743825962192506,1.2507040415524155,1.9888291191608417e-05,27801.268599388102,0.8852905569007264,0.4321305150631683,0.41123287292827276,0.5402661016619181,-0.036923076923076836,0.08506429277942629,0.13386086383119022,0.33728981206726016,0.2815694032311242,0.20411214953271029,0.26405867970660146,-0.08901680689679053
2020-07-08,1594166400,0.0003707,0.0003138,0.0003375,146188784.45,45878.38,0.0003138,multiply,ETH,2020-07-08 02:00:00,-0.0702222222222223,5935,64100,2,19,20,70081,0,1921609.27753652,1391302551.32762,-0.0713222222222223,45874.040560409994,False,False,0.1468194215730235,436590.74060660717,-5.789964061861481e-05,-2.2375872117308804,0.009332208756524579,0.09825697210975678,2.7089433851059588e-05,0.017976223823285387,0.008848781074886744,0.032739788867590824,0.020794284971238784,5.857484920411261,1.9982187607475707e-05,28098.528247354636,1.0,0.4321305150631683,0.4238553343206774,0.5536929231659548,0.1333333333333333,-0.05059829059829046,0.015042735042735011,0.3241025641025641,0.27213675213675215,0.19299581271412247,0.22341337907375636,-0.08901680689679053
2020-07-09,1594252800,0.0003171,0.0002881,0.0003138,19117071.98,5784.83,0.0003026,multiply,ETH,2020-07-09 02:00:00,-0.035691523263225,5936,64100,0,8,14,70095,0,1607223.54342857,1391302551.32762,-0.036791523263225,5784.825981148,False,False,0.15225358390487367,421008.1520317378,-0.0005761352325651945,-2.2397898323921446,0.006612551400093453,0.09862872424306372,3.297200922735008e-05,0.016520060925105433,0.025893574865305802,0.019268897011642798,0.0225812359384743,1.054414002854294,2.019584325533093e-05,28029.75595999464,0.9297777777777777,0.4321305150631683,0.21384453143905452,0.3383355996106191,-0.07552581261950309,0.18785185185185194,0.021037037037037076,0.3973333333333333,0.3718518518518519,0.23776466504685878,0.12384851586489265,-0.08901680689679053
2020-07-10,1594339200,0.0003208,0.0002943,0.0003026,23666802.05,7364.18,0.0003112,multiply,ETH,2020-07-10 02:00:00,0.028420356906807553,5936,64100,0,5,4,70099,0,879253.0825,1391302551.32762,0.027420356906807553,7365.10879796,False,False,0.1480460619846233,432973.3539731553,-0.00048344833671445995,-2.2106880072119277,0.007315664875784397,0.0985814427237545,4.1578490427031534e-06,0.016587187643842056,0.04075595138206904,0.019268897011642798,0.03001242419685592,4.330293453881762,2.0146413109965086e-05,28035.988165340586,0.8965925925925925,0.4321305150631683,0.23685657732211735,0.36186271765260025,-0.03701255783212165,0.1319311663479923,0.03601019757807522,0.34416826003824097,0.30019120458891013,0.34685230024213076,0.01845991561181437,-0.08901680689679053
2020-07-11,1594425600,0.0003278,0.0003015,0.0003112,25253131.8,7793.94,0.0003086,multiply,ETH,2020-07-11 02:00:00,-0.00835475578406153,5939,64102,2,11,8,70107,0,498174.533307415,1391302551.32762,-0.00935475578406153,7793.11647348,False,False,0.14929802978441645,429355.9673397036,-0.0006139936909142744,-3.5555371522603165,0.008083327432848448,0.09438698351348893,5.2936787839079325e-06,0.016564301566412684,0.014862376516763243,0.0,0.007431188258381622,6.571112723831222,2.0150892513341443e-05,28027.280677033683,0.9220740740740739,0.4321305150631683,0.2424402036135935,0.36660557201142296,0.027634961439588657,0.11335095836087239,0.011235955056179692,0.02511566424322531,0.28684732319894246,0.3226446280991735,-0.10582278481012652,-0.08901680689679053
2020-07-12,1594512000,0.000357,0.0003084,0.0003086,40143409.15,12770.44,0.0003181,multiply,ETH,2020-07-12 02:00:00,0.030784186649384093,5939,64103,1,7,5,70112,0,689879.65210092,1391302551.32762,0.029784186649384092,12769.618450614998,False,False,0.14484153015529394,442573.3415773159,-0.00027258090402497,-4.2554783646963585,0.009833818463033866,0.09285205030304512,5.601309697911205e-06,0.017026151208415954,0.00430508914328784,0.0,0.00215254457164392,11.464529358455096,2.0144633998039654e-05,27959.815019433456,0.9143703703703704,0.4321305150631683,0.2905672235190833,0.4154729375058256,-0.008425145819831448,0.025385604113110416,0.11407455012853474,0.02185089974293042,0.3415809768637532,0.30915775401069523,0.0910390848427074,-0.08901680689679053
2020-07-13,1594598400,0.0003234,0.0003066,0.0003181,87593736.11,27695.35,0.0003162,multiply,ETH,2020-07-13 02:00:00,-0.00597296447657969,5939,64104,1,13,10,70122,0,3294032.90026225,1391302551.32762,-0.00707296447657969,27697.139357982,False,False,0.1457141350200097,439929.86672979343,-0.00018487511819905803,-4.4020214169890295,0.00759872026040881,0.09266978986333428,9.178175112544622e-06,0.0170194481996544,0.01246687493149607,0.035265538815603216,0.023866206873549643,9.549395129098237,2.0096142994026293e-05,27860.172798524713,0.9425185185185184,0.4321305150631683,0.3652964400067783,0.491749794697386,0.029864822382898337,0.05217109526895658,0.1007777057679844,0.003240440699935232,0.330200907323396,0.23975335509611895,0.017599277978339267,-0.08901680689679053
2020-07-14,1594684800,0.0003198,0.0002981,0.0003162,71173315.21,21391.14,0.0003006,multiply,ETH,2020-07-14 02:00:00,-0.04933586337760909,5941,64105,1,11,8,70130,0,649281.025105,1391302551.32762,-0.05043586337760909,21394.698552125996,False,False,0.1532785370733704,418225.54692908254,-0.00014064717963604425,-4.356311043508477,0.005933576630452219,0.0934986008693646,1.9907344618575312e-05,0.017061813518696914,0.03738565969746766,0.04117260521076511,0.039279132454116385,5.856098980708985,2.0024525055272667e-05,27677.53610644139,0.9368888888888888,0.4321305150631683,0.33654341723973075,0.4634935691327755,-0.006008855154965076,-0.060987110971392866,0.03395158755108452,0.12040238918579049,0.3410877082678403,0.25729729729729733,0.0645617342130066,-0.08901680689679053
2020-07-15,1594771200,0.0003195,0.0002933,0.0003006,19950228.77,6088.36,0.0003052,multiply,ETH,2020-07-15 02:00:00,0.015302727877578137,5941,64106,1,8,7,70137,0,3736153.34404612,1391302551.32762,0.014102727877578138,6088.8098206039995,False,False,0.1509706651218323,424625.53866518964,-0.0006864599645861834,-4.320125535781992,0.006748432695300995,0.09329378811205692,1.5377459440227845e-05,0.016829830592065945,0.03364406869533977,0.044751701542419094,0.039197885118879436,5.906712135720838,1.9893254763337214e-05,27741.705063207915,0.8906666666666666,0.4321305150631683,0.21106529096011978,0.33626778542517294,-0.05189620758483038,0.007590132827324458,0.13314358001265025,0.15401644528779257,0.3481973434535104,0.3459160429547673,0.06620046620046627,-0.08901680689679053
2020-07-16,1594857600,0.000306,0.0002897,0.0003052,16581140.93,4803.17,0.0002897,multiply,ETH,2020-07-16 02:00:00,-0.05078636959370908,5943,64109,3,7,4,70141,0,170303.01227987,1391302551.32762,-0.05198636959370908,4803.556527420999,False,False,0.1590555859439677,403060.3491196115,-0.0006204001677659267,-4.149383903722184,0.004922710483179247,0.09457985580709315,4.37633770943199e-06,0.016747211244434908,0.02736705896834311,0.04387148168559683,0.03561927032696997,6.834657869065618,1.993937626056676e-05,27704.198827909222,0.9042962962962963,0.4321305150631683,0.18848558893939513,0.3123523487125495,0.015072083879423381,-0.006653359946773074,0.09381237524950092,0.12608117099135063,0.3313373253493014,0.2787303903684786,0.13516024152345563,-0.08901680689679053
2020-07-17,1594944000,0.0003049,0.0002886,0.0002897,20374600.3,6023.1,0.0002956,multiply,ETH,2020-07-17 02:00:00,0.020365895754228536,5947,64110,1,11,9,70150,0,1876150.76041328,1391302551.32762,0.019265895754228535,6022.7318486799995,False,False,0.15588336264849637,411269.03417244443,-0.0006465327780975428,-4.38388772030978,0.0027027938749714956,0.09400783812639853,3.4525607121451124e-06,0.01676863915015263,0.0473495949723856,0.031520287129400096,0.03943494105089285,5.279740165394912,1.9912418619137224e-05,27719.62499882569,0.8583703703703703,0.4321305150631683,0.21033840227478234,0.33523609922984154,-0.05350362443907497,-0.019659239842725995,0.12090432503276527,0.05602883355176924,0.3522280471821756,0.2533039647577092,0.03992395437262353,-0.08901680689679053
2020-07-18,1595030400,0.0003042,0.0002877,0.0002956,25530523.06,7767.24,0.0003042,multiply,ETH,2020-07-18 02:00:00,0.029093369418132786,5947,64110,0,3,2,70152,0,19146.89,1391302551.32762,0.027993369418132786,7766.385114852,False,False,0.15147640367815754,423234.236113862,-0.00045545577942692405,-4.431325249804404,0.004719905429168976,0.09392645123606665,4.328844105786293e-06,0.016769862739562144,0.025400606862517647,0.03723541031469893,0.03131800858860829,7.985127988170094,1.992350619380008e-05,27654.684437725205,0.8758518518518518,0.4321305150631683,0.23531886834356497,0.3605971972840436,0.019959404600811803,-0.06523990334829133,-0.04694511563686565,-0.14049016223679667,0.29789437348981695,0.23294819232202768,0.1174757281553398,-0.08901680689679053
2020-07-19,1595116800,0.000311,0.0002942,0.0003042,20971506.54,6371.34,0.0003038,multiply,ETH,2020-07-19 02:00:00,-0.0013149243918475495,5945,64110,0,9,7,70159,0,1282542.45405714,1391302551.32762,-0.00241492439184755,6371.143686852,False,False,0.15167584594764819,422677.715093331,-0.0010412535704366057,-1.8888409399579067,-0.0016900999800477296,0.06464885334242342,5.582096509088621e-06,0.014614743195602133,0.0037413893956481726,0.010741969723638469,0.00724167955964332,11.203776081443603,1.987683010523939e-05,26742.23489924966,0.9013333333333333,0.15264615384615396,0.21545632198778383,0.34130159340233124,0.02827087442472076,-0.07611637347767264,0.01048714479025703,-0.02334235453315303,0.30378890392422186,0.027365644576327064,0.05992141453831046,-0.08901680689679053
2020-07-20,1595203200,0.0003188,0.0002999,0.0003038,23422119.48,7190.78,0.000307,multiply,ETH,2020-07-20 02:00:00,0.010533245556286985,5948,64111,1,9,6,70165,0,1400971.38396667,1391302551.32762,0.009433245556286985,7190.59068036,False,False,0.15009720113949054,427129.88325757935,-0.0006332190195156592,-2.120109497811799,-0.0037951963317645575,0.0637891892824973,4.579265437824775e-06,0.007214217997304305,0.019644195733412195,0.0,0.009822097866706098,10.822811290870018,1.922100615263838e-05,12781.274513046112,0.9001481481481481,0.15264615384615396,0.23691718060881914,0.35310659075109413,-0.0013166556945358732,-0.03944773175542404,-0.10946745562130178,0.01643655489809337,0.03024326101249175,-0.04068376068376067,0.00674974039460019,-0.08901680689679053
2020-07-21,1595289600,0.0003393,0.0003,0.000307,31603871.6,9868.46,0.0003123,multiply,ETH,2020-07-21 02:00:00,0.017263843648208432,5948,64111,0,3,2,70167,0,25873.60591836,1391302551.32762,0.01636384364820843,9869.88910068,False,False,0.14754992234973935,434503.78677961574,-0.00041126509990365166,-1.8770412113347024,-0.0015310984971336208,0.06432964309243552,5.168243724917011e-06,0.006291493094197705,0.03233144765419537,0.015158961299940966,0.02374520447706817,8.616199185760827,9.186552918234687e-06,11072.282329879197,0.9096296296296296,0.15264615384615396,0.3179370356049269,0.38458334596869465,0.01042345276872958,0.010533245556287096,-0.03291639236339683,0.09249506254114559,-0.0019749835418039208,0.08859259259259267,0.08357211079274118,-0.08901680689679053
2020-07-22,1595376000,0.0003463,0.0003145,0.0003123,24479411.75,7764.48,0.0003172,multiply,ETH,2020-07-22 02:00:00,0.015690041626641005,5948,64113,2,12,10,70177,0,2246990.87568296,1391302551.32762,0.014790041626641005,7764.8694071,False,False,0.14527515211752756,441321.1692811211,-0.000535067473945341,-1.2635533589858357,0.002573538333272085,0.06386258849407914,7.093991951112197e-06,0.00579944571714798,0.032946343841619215,0.015158961299940966,0.02405265257078009,2.5256712634836465,7.95821320051035e-06,11092.247041601753,0.9253333333333333,0.15264615384615396,0.30714786655940435,0.3598360206709504,0.01697086135126491,0.005863192182410382,0.014332247557003241,0.0960912052117262,-0.001954397394136942,0.10834926704907577,0.027930174563591037,-0.08901680689679053
2020-07-23,1595462400,0.000339,0.0003032,0.0003172,35021213.85,11391.25,0.0003253,multiply,ETH,2020-07-23 02:00:00,0.025535939470365587,5950,64114,1,6,5,70182,0,3461783.66464,1391302551.32762,0.024635939470365586,11392.400865405,False,False,0.14165999693393122,452590.7199468748,-0.00032193990287155495,-0.8992181900334217,0.005863861190853609,0.06331964596211956,5.581007092735181e-06,0.005766666598744725,0.017515578597582685,0.0,0.008757789298791343,3.9625535536881866,7.972562855589693e-06,11096.073406242836,0.9398518518518518,0.15264615384615396,0.350804056746217,0.39770420567108083,0.015447667087011396,0.07236631444124242,0.0035222542427154613,0.016010246557797037,0.10406660262568035,0.1159947124917382,-0.028154327424400494,-0.08901680689679053
2020-07-24,1595548800,0.0003942,0.0003159,0.0003253,62004291.98,21670.5,0.0003495,multiply,ETH,2020-07-24 02:00:00,0.07439286812173385,5950,64114,0,6,6,70188,0,1201579.8840796,1391302551.32762,0.07339286812173385,21670.50004701,False,False,0.13185120744666043,486260.2416890032,-0.00011990471815047847,-1.2616597654100803,0.008591928302101473,0.06374315583792882,8.188298695013568e-06,0.006380387159990938,0.01471067080110921,0.0,0.007355335400554605,-1.3635393709159587,7.975313058726624e-06,11166.415942010586,0.9638518518518517,0.15264615384615396,0.42030465761723323,0.4613115676115545,0.02490009222256373,0.06809583858764201,0.027112232030264805,0.1358764186633039,0.1566834804539723,0.15584832904884316,-0.010779029887310054,-0.08901680689679053
2020-07-25,1595635200,0.0003974,0.0003607,0.0003495,46802403.51,17310.37,0.0003699,multiply,ETH,2020-07-25 02:00:00,0.05836909871244633,5950,64114,0,7,8,70196,0,1562434.48505158,1391302551.32762,0.05736909871244633,17312.209058349,False,False,0.12457960800921282,514642.81373608665,-0.0001641020306102188,-0.6013657121630391,0.008937028581871617,0.06339940122101913,1.5575692020640227e-05,0.00642731738197824,0.01471067080110921,0.03583095769587761,0.02527081424849341,2.724936308262537,8.02587182159285e-06,11091.296905062052,1.0,0.15264615384615396,0.39227540145131956,0.4365816461910646,0.06924177396280395,0.06486320319704875,0.022133415308945636,0.1626191208115585,0.1924377497694436,0.06642903434867142,0.008608321377331363,-0.08901680689679053
2020-07-26,1595721600,0.0003831,0.0003426,0.0003699,22528184.64,7999.21,0.0003551,multiply,ETH,2020-07-26 02:00:00,-0.0400108137334414,5950,64116,2,13,12,70208,0,882138.25009468,1391302551.32762,-0.0410108137334414,7999.758365664001,False,False,0.12977593496047302,494051.5359764379,-0.00040233784208820766,0.8796326692648099,0.0035794448096566596,0.057631707346075915,1.2443166327718728e-05,0.005761329772247244,0.04637408188954447,0.09133409093742548,0.06885408641348498,6.109147567793984,7.971879944069984e-06,9874.6129787244,1.0,0.15264615384615396,0.30659737283845534,0.35762995217839194,0.05515004055150041,0.1307582260371959,0.09527896995708152,0.23233190271816873,0.1756795422031473,-0.03866708582206857,0.011775362318840576,-0.08901680689679053
2020-07-27,1595808000,0.0003869,0.0003353,0.0003551,44258936.76,15124.76,0.0003417,multiply,ETH,2020-07-27 02:00:00,-0.037735849056603765,5951,64118,2,10,16,70224,0,2007568.56772028,1391302551.32762,-0.038735849056603766,15123.278690892,False,False,0.13486939422393948,475408.0817886478,-0.00021669538728832908,0.216772468366356,0.006717598031642174,0.05543872902382967,5.749833749697653e-06,0.005866482416278738,0.04637408188954447,0.11981891658496344,0.08309649923725396,-1.580199417957509,7.0973872428407235e-06,9694.253447435733,0.9599891862665586,0.15264615384615396,0.3888514327819903,0.421503441345103,-0.041678400450577247,0.17004595836712633,0.1873479318734793,0.18004866180048662,0.10678561773452278,0.043327008222643904,0.08070617906683486,-0.08901680689679053
2020-07-28,1595894400,0.000346,0.0003111,0.0003417,30032796.26,9534.51,0.0003175,multiply,ETH,2020-07-28 02:00:00,-0.0708223587942639,5952,64119,1,14,11,70235,0,877930.488363636,1391302551.32762,-0.0717223587942639,9535.412812550001,False,False,0.14515146695196282,441738.5600465194,-0.00027765767230066875,-0.7100367857867749,0.0060345467203249984,0.057408248412285444,1.0869870594617212e-05,0.005919810304469306,0.03738035047992231,0.09073779066153813,0.06405907057073022,-42.660730831058174,6.9677536623398e-06,9639.473404242497,0.9237631792376318,0.15264615384615396,0.34171115316591727,0.37390002021099783,-0.03921568627450989,0.12052942833004787,0.14052379611377086,0.17628836947338777,0.14812728808786269,0.004657351962741085,-0.16109154929577474,-0.08901680689679053
2020-07-29,1595980800,0.0003437,0.0003151,0.0003175,24009003.81,8099.83,0.0003374,multiply,ETH,2020-07-29 02:00:00,0.06267716535433077,5954,64121,2,8,7,70242,0,1018204.88571429,1391302551.32762,0.06177716535433077,8100.637885494,False,False,0.13659463028780183,469425.48081793904,-0.00034191851626427696,-0.7099899025578676,0.010665205283834201,0.056254499320484146,6.85358680859964e-06,0.005897110497348054,0.03738035047992231,0.026422007318122564,0.031901178899022435,-22.900555950617647,6.928380455454667e-06,9669.497859056215,0.8583400919167343,0.15264615384615396,0.3231519830390728,0.35675972498738157,-0.07622047244094476,0.07170032191981268,0.15218027509511267,0.012291483757682187,0.12437810945273631,0.09665792922673666,0.03474141334386105,-0.08294295593738273
2020-07-30,1596067200,0.0003587,0.0003319,0.0003374,19548594.16,6619.2,0.0003386,multiply,ETH,2020-07-30 02:00:00,0.003556609365737984,5955,64122,1,5,3,70245,0,12324.2,1391302551.32762,0.002556609365737984,6619.153982576,False,False,0.1361126609865104,471095.04387953214,-0.0008519136475993247,-0.7230075909151314,0.010928312327493606,0.0562270796183576,5.8223409981992365e-06,0.005869839545260536,0.023770634732309604,0.014053763429790386,0.018912199081049994,-12.245845587995813,6.949960560216976e-06,9706.337395589251,0.9121384157880509,0.15264615384615396,0.30265521293296427,0.33634263336512954,0.058980438648488454,-0.024566929133858162,0.06897637795275602,0.011653543307086678,0.13165354330708678,0.042112530203658904,-0.1112099644128115,-0.08294295593738273
2020-07-31,1596153600,0.0003642,0.0003156,0.0003386,34657657.38,11659.03,0.0003364,multiply,ETH,2020-07-31 02:00:00,-0.006497341996456019,5956,64123,1,6,4,70249,0,760321.195,1391302551.32762,-0.007397341996456018,11658.835942632,False,False,0.13700495172699315,468034.17826661136,-0.0004319781266428726,-0.6795473130331953,0.007027292926871468,0.053341800105165586,4.757523068048583e-06,0.005820138110338002,0.06526930445423597,0.06813998192595899,0.06670464319009747,-4.966631429701348,6.976439011289955e-06,9706.569555683738,0.915382535820492,0.15264615384615396,0.3667859022782269,0.3927885518252923,0.0035440047253395557,-0.03586247777119134,0.09839952578541789,0.10314167160640197,0.17753408417308825,-0.039580514208389816,-0.06714225765841375,-0.08294295593738273
2020-08-01,1596240000,0.0003797,0.0003216,0.0003364,30078431.09,9788.26,0.0003254,multiply,ETH,2020-08-01 02:00:00,-0.03269916765755054,5959,64124,1,6,4,70253,0,31119.879276645,1391302551.32762,-0.03359916765755054,9787.521476685999,False,False,0.1416385510506717,452729.85020200757,-0.0003494659667871863,-0.7710107658509299,0.010683016510342673,0.04901225636426466,8.37979915404224e-06,0.006143900151695743,0.04149866972192637,0.10890073701285966,0.07519970336739301,-9.035853009278796,6.9766058765733295e-06,9660.24609272132,0.9094349824276832,0.15264615384615396,0.3478881453647256,0.3741964835183097,-0.006539833531510109,-0.0924394565859421,0.10277613703484934,0.08092144122858835,0.0924394565859421,0.09894806048652216,-0.15480984340044723,-0.08294295593738273
2020-08-02,1596326400,0.0003161,0.0002827,0.0003254,41833978.06,12291.86,0.0002938,multiply,ETH,2020-08-02 02:00:00,-0.09711124769514445,5961,64127,3,7,4,70257,0,426956.356775,1391302551.32762,-0.09801124769514445,12290.822754028,False,False,0.15687998898799457,408764.6895800547,-0.0001897267677566867,-0.5546785535243222,0.006334085013456355,0.05325758113665514,7.034790144923167e-06,0.0062687907406076895,0.0036067438836713114,0.09036533989909508,0.046986041891383196,-14.78467629627215,6.943310844577436e-06,9557.841258527465,0.8796972154636388,0.15264615384615396,0.37187853085904177,0.39623184059961947,-0.03380454824830981,-0.05558858501783592,0.08739595719381688,0.08263971462544584,0.1851961950059453,0.10335747202106649,-0.2564444444444445,-0.08901680689679053
2020-08-03,1596412800,0.0003359,0.0002934,0.0002938,41035394.25,12041.26,0.0002934,multiply,ETH,2020-08-03 02:00:00,-0.001361470388019148,5962,64128,1,14,13,70270,0,1865415.10747339,1391302551.32762,-0.002261470388019148,12039.78467295,False,False,0.15709631736741947,408208.1685595237,-0.000548115284025003,-0.48534460820494124,0.0058302348970904715,0.053316134367983284,8.834040261264346e-06,0.006747867607985467,0.02083283487054766,0.04930648826705965,0.03506966156880365,-12.274937246720086,6.869707274961227e-06,9449.724662101857,0.7942687212760206,0.15264615384615396,0.36778207645552796,0.393113130091996,-0.10755616065350582,-0.050092194222495445,0.04025814382298709,0.0224339274738784,0.16287645974185616,0.12605863192182398,-0.7842786958463601,-0.08901680689679053
2020-08-04,1596499200,0.0003157,0.0002962,0.0002934,47114155.52,14324.41,0.000304,multiply,ETH,2020-08-04 02:00:00,0.03612815269257008,5965,64130,2,9,7,70277,0,1954552.38708571,1391302551.32762,0.03522815269257008,14322.703278080002,False,False,0.15162334545216125,422955.97560359654,-0.00023184749415796043,-0.42662246480729366,0.0024458559934055304,0.04850053104030251,8.653606407507339e-06,0.006444250408142328,0.04603861057126071,0.017891571734645177,0.03196509115295294,-3.3127333648848953,6.791998370939998e-06,9397.892099222146,0.7931873479318734,0.15264615384615396,0.3850654067076438,0.40960323026961243,-0.0013633265167007913,-0.08066712049012947,-0.07964601769911517,-0.07624234172906741,0.08679373723621497,0.028818443804034644,-0.7066726377071204,-0.08901680689679053
2020-08-05,1596585600,0.0003169,0.0002968,0.000304,31026798.36,9458.56,0.0003049,multiply,ETH,2020-08-05 02:00:00,0.002960526315789469,5964,64131,1,5,3,70280,0,46515.9656666667,1391302551.32762,0.002160526315789469,9460.070819964,False,False,0.15117814289401477,424208.1478997913,-0.0006154698339865289,-0.402152541644314,0.003666473131732257,0.047944368724089435,1.029445627366447e-05,0.006319293832277594,0.04783252456970595,0.0202272993608767,0.03402991196529133,0.21957849879745162,6.754743668265693e-06,9352.456899777433,0.8218437415517708,0.15264615384615396,0.3379122636242673,0.3668075603192909,0.03486842105263166,-0.1499659168370826,-0.10872528970688489,-0.024539877300613577,-0.033742331288343586,0.07786885245901642,-0.8329508949059201,-0.08901680689679053
2020-08-06,1596672000,0.0003279,0.0002884,0.0003049,28188493.06,8797.78,0.0003121,multiply,ETH,2020-08-06 02:00:00,0.023614299770416514,5965,64133,2,9,7,70287,0,1687622.00337635,1391302551.32762,0.022914299770416514,8797.628684026,False,False,0.14769514024428468,434225.5262693502,-0.0004257855113587253,-0.3810727870525321,-0.0005499256268589873,0.038267992073019994,6.799434681505423e-06,0.006146387248748273,0.03649155560250384,0.042482910762137775,0.03948723318232081,-6.848210458298347,6.722087076497528e-06,8172.032140593635,0.8242768315761017,0.07339286812173385,0.32940295309499573,0.3587757791254927,0.002951787471301981,-0.1138157894736842,-0.14967105263157876,-0.003947368421052477,0.03782894736842113,-0.0375038426068246,-1.4114607797087837,-0.08901680689679053
2020-08-07,1596758400,0.0003112,0.0002923,0.0003121,16495882.83,4883.85,0.0002961,multiply,ETH,2020-08-07 02:00:00,-0.051265619993591804,5966,64134,1,3,2,70289,0,193491.04,1391302551.32762,-0.05206561999359181,4884.4309059629995,False,False,0.155678392506482,411964.6854481083,-0.0006082049238142005,-0.3772683694097462,0.00033853358390444174,0.03670781235804524,6.323303781503926e-06,0.005707022105531163,0.01747155061718226,0.09672916812568516,0.05710035937143371,-7.688020812507492,5.873655685311331e-06,5330.610907581834,0.8437415517707488,0.07339286812173385,0.27757110488712333,0.29903985805701966,0.02306952899711634,-0.10331256149557233,-0.21318465070514936,0.04985241062643486,-0.10692030173827494,0.10214592274678114,-1.3292452830188677,-0.08901680689679053
2020-08-08,1596844800,0.0003419,0.0003061,0.0002961,21481762.7,7259.25,0.0003379,multiply,ETH,2020-08-08 02:00:00,0.14116852414724756,5967,64135,1,3,2,70291,0,3044630.69,1391302551.32762,0.14036852414724757,7258.687616329999,False,False,0.13642228698460312,470121.1320936028,-0.0002697183015800728,-0.4965079124972118,0.006515690250153445,0.043469446325289055,3.510689246779673e-06,0.005604364207429143,0.01830563461204717,0.12656631308018124,0.07243597384611421,-9.690843108781262,3.831381537031765e-06,5292.1438569728325,0.8004866180048662,0.14036852414724757,0.3516143760323865,0.3387387436868546,-0.05403579871664976,-0.04261454661967323,-0.13777635373277808,0.05286767061839159,-0.005446972124319105,0.181941065152744,-0.9608378870673953,-0.08294295593738273
2020-08-09,1596931200,0.0003317,0.0002966,0.0003379,30145799.69,9059.28,0.0003005,multiply,ETH,2020-08-09 02:00:00,-0.11068363421130512,5966,64135,0,6,4,70295,0,1653408.162625,1391302551.32762,-0.11148363421130511,9058.812806845,False,False,0.15340130040631414,418086.4166739498,-0.00024297657278408305,-0.41503395554352657,0.001901386769455799,0.04805353261000381,5.21718846084452e-06,0.0055704085267987875,0.039179748797431066,0.05622866120574672,0.047704205001588895,5.268434034784008,3.8037333087062334e-06,5265.177639070375,0.9134901324682346,0.14036852414724757,0.3772134252891488,0.3605305493641563,0.12370523823616453,0.0077676460655183854,-0.15400202634245197,-0.02735562310030404,-0.021952043228638862,0.12362714728245572,-0.8623725671918445,-0.08901680689679053
2020-08-10,1597017600,0.0003167,0.0002969,0.0003005,18516278.07,5717.0,0.0003088,multiply,ETH,2020-08-10 02:00:00,0.027620632279534263,5968,64136,1,5,3,70298,0,673021.716833333,1391302551.32762,0.02672063227953426,5717.826668016,False,False,0.1492804712533208,429634.2278499691,-0.000627719664754738,-0.4201533653730876,0.002771668339405273,0.048156022926163444,6.511030112178567e-06,0.0055145106000668775,0.020874114185383895,0.03135189416522183,0.02611300417530286,6.860245072967494,3.7843513145621672e-06,5317.100317997516,0.8123817247904839,0.14036852414724757,0.3231243489631197,0.31408756084327766,-0.124459234608985,0.13169576797869187,0.06037289138798452,0.10091743119266039,0.07901746078721517,0.09686859818554283,-1.0780868716447047,-0.08901680689679053
2020-08-11,1597104000,0.0002956,0.0002804,0.0003088,13954885.5,3966.05,0.0002842,multiply,ETH,2020-08-11 02:00:00,-0.07966321243523311,5968,64136,0,2,1,70299,0,29.82,1391302551.32762,-0.0804632124352331,3965.9784591000002,False,False,0.16220200395153228,395408.1850873096,-0.00063791253565871,-0.3118092695803203,-0.0008487220964263617,0.049412427917891,4.109693224209134e-06,0.005047735661418091,0.0167465808088487,0.048814501055781306,0.032780540932315,-10.67342303766992,3.821670788229195e-06,5435.966298818173,0.8348202216815357,0.14036852414724757,0.28086166380305416,0.27741353476987485,0.026878238341969007,-0.011647254575707366,-0.12279534109816992,-0.021630615640598982,-0.026955074875208096,-0.0018897637795274314,-1.3386550556361874,-0.08901680689679053
2020-08-12,1597190400,0.0002981,0.0002826,0.0002842,33659435.9,9904.77,0.0002943,multiply,ETH,2020-08-12 02:00:00,0.035538353272343226,5966,64136,0,6,3,70302,0,549094.05,1391302551.32762,0.034738353272343224,9905.971985369999,False,False,0.1566354384064746,409460.3408557186,-0.00033688191292529144,-0.33323793226132337,-0.0002186242523058689,0.049447614319691524,2.8505506982040333e-06,0.005035663785121828,0.0167465808088487,0.046365280136842685,0.03155593047284569,-12.116241071119092,3.907105822260601e-06,4385.407851350603,0.768315761016491,0.14036852414724757,0.3898056449246511,0.36983782861014847,-0.0865587614356087,0.012629533678756633,-0.09650259067357503,-0.011334196891191528,-0.030116580310880714,0.06283343212803805,-1.25,-0.08901680689679053
2020-08-13,1597276800,0.0003357,0.0003145,0.0002943,44591074.68,14591.4,0.0003272,multiply,ETH,2020-08-13 02:00:00,0.11179068977234108,5966,64137,1,13,9,70311,0,858829.002569665,1391302551.32762,0.11099068977234108,14590.199635296,False,False,0.14088792259765753,455234.1947943973,-0.00015017799976961379,-0.3522657585441947,0.005487363713375694,0.05255786844932112,7.119926557970761e-06,0.005064770580869934,0.027274053345507285,0.03175612149407366,0.029515087419790476,-0.9203214722190225,3.1520159631461353e-06,3932.7644963842313,0.7956204379562044,0.14036852414724757,0.45296356542145527,0.40833392180663314,0.03431872239211675,-0.09817030260380011,-0.18367346938775508,-0.11611541168191408,-0.11259676284306819,0.1122268163024217,-1.8141678796700633,-0.08901680689679053
2020-08-14,1597363200,0.0003377,0.0003157,0.0003272,32681801.37,10605.16,0.0003245,multiply,ETH,2020-08-14 02:00:00,-0.008251833740831382,5967,64137,0,3,2,70313,0,39267.275,1391302551.32762,-0.009151833740831382,10605.244544565,False,False,0.14206017958075054,451477.6779058127,-0.0004523535324017436,-0.3385572251195177,0.00475019779802128,0.05255168655910932,1.048671952867018e-05,0.005020828945652955,0.050929462871136005,0.030477499392125115,0.04070348113163056,-3.421788995654147,2.8266781316770224e-06,3882.399287106339,0.8845633955123006,0.14036852414724757,0.423212431670972,0.3750915615840142,0.10055012224938875,-0.006116207951070374,-0.1056744818212707,-0.10533469249065575,-0.021406727828746197,0.0927467300832342,-1.2457711442786068,-0.08901680689679053
2020-08-15,1597449600,0.0003504,0.0003158,0.0003245,34389490.29,11009.66,0.0003201,multiply,ETH,2020-08-15 02:00:00,-0.013559322033898313,5971,64138,1,12,8,70321,0,1074535.722875,1391302551.32762,-0.014459322033898313,11008.075841828999,False,False,0.14401514222081108,445355.9466799711,-0.0003906841719674569,-0.38889863776281214,0.006287963305002242,0.05153065728799303,7.622529358869626e-06,0.0052127556949308545,0.055162443987906214,0.042947110310863484,0.049054777149384846,-1.073322522747059,2.7904780907658403e-06,3778.344076026272,0.8772641254393079,0.14036852414724757,0.42649662251467363,0.37880744078422623,-0.008320493066255708,-0.03270171149144252,0.10207823960880191,-0.0681540342298288,0.06723716381418088,0.1097111247695145,-1.3050075872534141,-0.08901680689679053
2020-08-16,1597536000,0.0003471,0.000321,0.0003201,44564737.74,15080.84,0.0003384,multiply,ETH,2020-08-16 02:00:00,0.057169634489222076,5971,64139,1,12,9,70330,0,457845.254778938,1391302551.32762,0.05626963448922208,15080.707251216,False,False,0.13622921328548965,470816.7833692666,-0.00018976115240866396,-0.39464255004687726,0.0077671490106917054,0.05238439961378472,7.912064727635828e-06,0.005231115084161127,0.0315070344622775,0.06515797933177091,0.0483325068970242,1.4121730906351022,2.7156883112309903e-06,3815.2718874222273,0.8653690186536901,0.14036852414724757,0.46356577447747327,0.40973575222290715,-0.013745704467353903,0.07395993836671799,0.09583975346687212,-0.1399075500770417,0.10724191063174104,-0.006126616746085833,-1.225663716814159,-0.08901680689679053
2020-08-17,1597622400,0.0003838,0.0003321,0.0003384,41241251.97,15117.85,0.0003666,multiply,ETH,2020-08-17 02:00:00,0.08333333333333348,5972,64140,1,14,11,70341,0,3313854.43073273,1391302551.32762,0.08243333333333348,15119.042972202,False,False,0.12575200361903374,510051.5153167055,-0.00016435608089458896,-0.3103569929816921,0.008656695745520483,0.05362253960877765,1.0839272332840592e-05,0.005430788530607405,0.05733586453304457,0.04983492016524208,0.05358539234914332,5.719344729472857,2.7422302099436154e-06,3884.147105607424,0.9148418491484185,0.14036852414724757,0.45969711926048074,0.4091692187345761,0.05407801418439717,0.03530146829115888,0.050296782255545014,-0.10934083099031566,0.07653858169322092,-0.03680981595092048,-1.1243926141885328,-0.08901680689679053
2020-08-18,1597708800,0.0003844,0.0003379,0.0003666,33978875.41,12199.2,0.000359,multiply,ETH,2020-08-18 02:00:00,-0.020731042007637757,5972,64141,1,10,8,70349,0,1758468.91571502,1391302551.32762,-0.021531042007637755,12198.41627219,False,False,0.12841616511884638,499477.6159266156,-0.0003177562563551894,-0.3165263227771946,0.009119369521189758,0.05357574592342555,1.0866826167877709e-05,0.0056226475743102805,0.05733586453304457,0.029571948481418017,0.04345390650723129,-10.924829494885206,2.7917343369356016e-06,3818.798298250767,0.9910786699107867,0.14036852414724757,0.4298677027022612,0.38648273968967234,0.07692307692307698,0.1601654846335696,0.09899527186761226,-0.009751773049645474,0.10106382978723394,0.0006578947368420796,-0.4589830508474575,-0.08901680689679053
2020-08-19,1597795200,0.0003508,0.0003263,0.000359,41917631.21,14018.81,0.0003344,multiply,ETH,2020-08-19 02:00:00,-0.06852367688022287,5974,64143,2,13,11,70360,0,2689749.57612531,1391302551.32762,-0.06922367688022288,14017.255876624,False,False,0.13786734682871413,465251.5731639561,-0.00019123400251401897,-0.12956986929016162,0.004719951102315972,0.055898219913054936,8.767623016683127e-06,0.005624651639740995,0.01226365348903327,0.04836408373029008,0.030313868609661676,-7.4602909896364515,2.7447648209994026e-06,3807.6089144263665,0.9705325763719924,0.14036852414724757,0.4453772365675163,0.4076152096426984,-0.02116991643454047,0.1972176759410802,0.1486633933442445,0.13393344244408079,0.17130387343153297,-0.006887504099704733,-0.38731931668856756,-0.08901680689679053
2020-08-20,1597881600,0.0003412,0.0003245,0.0003344,34501566.11,11339.68,0.0003287,multiply,ETH,2020-08-20 02:00:00,-0.017045454545454475,5978,64144,1,10,8,70368,0,1683595.4767225,1391302551.32762,-0.017845454545454473,11340.664780357001,False,False,0.14026029671569842,457321.1486213887,-0.000359050530567033,-0.1073924435609756,0.0034801031334420274,0.056130557071367236,1.0074915670389837e-05,0.005393988384312046,0.01226365348903327,0.06952630758564267,0.04089498053733797,-6.817574874069347,2.7367224409910265e-06,3803.4292054203406,0.9040281157069479,0.14036852414724757,0.4172775859071741,0.43344176770482623,-0.0735645933014355,0.08857938718662961,0.17520891364902513,0.06016713091921999,0.14484679665738165,-0.00064082024991996,-0.38133940182054604,-0.08901680689679053
2020-08-21,1597968000,0.0003065,0.0002871,0.0003287,31614322.84,9199.29,0.000291,multiply,ETH,2020-08-21 02:00:00,-0.11469425007605716,5978,64144,0,7,4,70372,0,1252061.325,1391302551.32762,-0.11539425007605716,9199.76794644,False,False,0.1584314760496566,404869.04243633745,-0.0002353847834883899,-0.009843482403114723,-0.0013362236158839269,0.05939282375047688,8.151113335870347e-06,0.00515467490855705,0.021744082555700144,0.09592097114314158,0.05883252684942086,-3.9148559611089517,2.7337182712638614e-06,3771.91240699324,0.8886185455528522,0.14036852414724757,0.39140995471727497,0.4225729122213931,-0.01734104046242768,0.0296052631578948,-0.010466507177033346,-0.012559808612440104,0.06608851674641147,-0.07125970955758198,-0.7140814867762686,-0.09520588714260246
2020-08-22,1598054400,0.0003124,0.0002887,0.000291,9820266.38,3067.98,0.0003124,multiply,ETH,2020-08-22 02:00:00,0.0735395189003436,5979,64145,1,6,4,70376,0,2770712.905,1391302551.32762,0.0728395189003436,3067.851217112,False,False,0.14758091639365606,434642.9170347485,-0.0008507362842715083,-0.06028085097242042,9.798831299113207e-05,0.060253966513678724,6.612341749579431e-06,0.005025533081825931,0.049615671716054306,0.04518679880637098,0.04740123526121264,-12.515369317367572,2.7110655431444266e-06,4030.339370521371,0.7866991078669912,0.14036852414724757,0.25792412908006984,0.30226960535354236,-0.12955326460481098,0.02616367508366302,0.0857925159720111,-0.02342561606327953,0.03498630970489813,0.037289138798461074,-0.5499065420560747,-0.09520588714260246
2020-08-23,1598140800,0.0003243,0.0002891,0.0003124,30005748.26,9027.36,0.0003009,multiply,ETH,2020-08-23 02:00:00,-0.03681177976952632,5979,64145,0,0,0,0,0,0.0,1391302551.32762,-0.03751177976952632,9028.729651434,False,False,0.15322126381315437,418642.9376944809,-0.0003657145035981767,-0.011281760213852132,-0.003911116042873193,0.05871085210506329,2.2050209094956163e-06,0.004426090804865169,0.05857602355781799,0.0213745549525361,0.03997528925517704,-6.458651484165106,2.896810163019904e-06,3488.287722302217,0.8445525817788592,0.14036852414724757,0.3889694674384751,0.4229442648026897,0.06850192061459659,-0.1628865979381442,-0.06116838487972509,-0.11821305841924379,-0.11786941580755994,-0.16306156405990024,-0.4187285877426723,-0.09520588714260246
2020-08-24,1598227200,0.0003264,0.0002979,0.0003009,25912633.41,7824.12,0.0003019,multiply,ETH,2020-08-24 02:00:00,0.003323363243602717,5982,64146,1,10,8,70384,0,620075.291115,1391302551.32762,0.0024233632436027174,7823.024026479001,False,False,0.15271612133920578,420034.2402458085,-0.0007294849107352746,0.023910474213182376,-0.0058222606532973556,0.05777125550751334,6.489407816307483e-06,0.004352022586681573,0.05487489159420912,0.0213745549525361,0.03812472327337261,1.2530890040783014,2.507210037797742e-06,3261.2256744042143,0.813463098134631,0.14036852414724757,0.383198724696646,0.40698468173870067,-0.03821867730142903,-0.17349551856594125,0.09026888604353389,0.05953905249679903,-0.11875800256081948,-0.19786269430051795,-0.15723707046164526,-0.09520588714260246
2020-08-25,1598313600,0.0003412,0.0002798,0.0003019,66573535.43,20671.44,0.0003105,multiply,ETH,2020-08-25 02:00:00,0.028486253726399458,5981,64146,0,10,8,70392,0,1804961.436375,1391302551.32762,0.02768625372639946,20671.082751015,False,False,0.14848630284156594,431999.442187226,-0.00017214065060421705,-0.006857703836228912,-0.0024992567027277046,0.05771999598548983,5.622805779385693e-06,0.004753571149697522,0.0241704571967453,0.0,0.01208522859837265,-1.7714286721095256,2.3440089801404168e-06,3759.0749184499764,0.8161665314949987,0.14036852414724757,0.5103502500975791,0.5143033912707777,0.003312355084465146,-0.19308740445330685,0.02193419740777669,0.024925224327019047,-0.22931206380857416,-0.24947220267417314,-0.033292978208232515,-0.09520588714260246
2020-08-26,1598400000,0.000359,0.0003127,0.0003105,59053900.97,19604.55,0.000332,multiply,ETH,2020-08-26 02:00:00,0.0692431561996778,5984,64148,2,16,27,70419,0,2807961.41901239,1391302551.32762,0.06844315619967781,19605.895122039998,False,False,0.1388748028137421,461912.44704076985,-0.00013619020960885822,0.9018828601756608,0.002277742410380714,0.0541552129968424,1.48573599116095e-05,0.004747648825603393,0.0,0.0,0.0,-6.029743630039384,2.7018385863398014e-06,4023.2893290384345,0.8394160583941607,0.14036852414724757,0.4900835337447157,0.517727564878424,0.027697262479871143,-0.10765154024511414,-0.0838025836369658,-0.006955945677376674,-0.17621729049354085,-0.1610601427115188,-0.12099173553719011,-0.09520588714260246
2020-08-27,1598486400,0.0003295,0.0002989,0.000332,37946676.21,12068.54,0.000318,multiply,ETH,2020-08-27 02:00:00,-0.04216867469879526,5983,64148,0,7,13,70432,0,3228341.2936,1391302551.32762,-0.04306867469879526,12067.04303478,False,False,0.14498878784327793,442434.21132218314,-0.00026237394116983444,1.1397636193173344,0.0019697307926843832,0.054271664199051536,1.4091755314709587e-05,0.00482364466488067,0.0,0.035357700376792846,0.017678850188396423,4.3548595302254025,2.8917429391610754e-06,4027.4896354513216,0.8975398756420654,0.14036852414724757,0.42587823564329835,0.46449282189873964,0.06475903614457823,-0.05861513687600639,-0.04508856682769724,0.01803542673107894,-0.10048309178743953,0.029645476772615975,-0.11330213903743314,-0.09520588714260246
2020-08-28,1598572800,0.0003402,0.0003204,0.000318,41287083.92,13881.09,0.0003362,multiply,ETH,2020-08-28 02:00:00,0.05723270440251582,5983,64149,1,7,5,70437,0,1843441.8286,1391302551.32762,0.056332704402515824,13880.717613904,False,False,0.1371420383256706,467755.9177563458,-0.00020608659208166567,1.1264609646551722,0.0022435102269713143,0.05446654083779219,8.673198380370458e-06,0.004776371306866004,0.018500302545693334,0.06013462725193112,0.03931746489881223,-1.69236639847432,2.8947619132935376e-06,4039.492661774768,0.8596918085969181,0.14036852414724757,0.4417340804848562,0.47946158979663045,-0.04402515723270439,0.12349397590361433,0.03584337349397593,0.05993975903614457,0.0436746987951806,-0.03975346687211112,-0.17809212912586148,-0.09520588714260246
2020-08-29,1598659200,0.000339,0.0003111,0.0003362,46822969.8,14938.03,0.000319,multiply,ETH,2020-08-29 02:00:00,-0.05116002379535989,5983,64149,0,9,8,70445,0,2068071.32325,1391302551.32762,-0.052060023795359886,14936.5273662,False,False,0.14453653067426472,443825.5138735108,-0.0001990286473067546,1.0966646960881012,0.00032803620810678547,0.054913681078398655,9.976778667342074e-06,0.0047488310937328325,0.018500302545693334,0.024776926875138272,0.021638614710415803,2.6068547724071394,2.9033890996032246e-06,4025.9825759448986,0.9088942957556096,0.14036852414724757,0.44824352669248396,0.48764025305209374,0.054134443783462216,0.017610062893081646,-0.0641509433962264,0.06886792452830182,-0.0610062893081762,-0.057794439237738304,-0.3214414414414415,-0.08901680689679053
2020-08-30,1598745600,0.0003518,0.0003261,0.000319,38946582.21,12866.42,0.0003304,multiply,ETH,2020-08-30 02:00:00,0.03573667711598749,5984,64150,1,7,5,70450,0,1274405.764,1391302551.32762,0.034836677115987494,12867.950762184,False,False,0.13955167081119407,459686.3629586457,-0.00025890507423879396,1.0941748059366436,0.0027601688929223497,0.05501041709939338,1.0735642906675579e-05,0.004628526963520887,0.011036335938471005,0.012532280728894356,0.01178430833368268,9.278961766164205,2.893678712874631e-06,4037.2817136244676,0.8623952419572858,0.14036852414724757,0.42742162846970666,0.47100761695834636,-0.05391849529780557,0.1049970255800119,-0.09042236763831069,-0.005056513979773802,-0.007138607971445499,0.005910165484633523,-0.1506671005532052,-0.08901680689679053
2020-08-31,1598832000,0.0003429,0.0003212,0.0003304,30203932.8,9964.76,0.0003299,multiply,ETH,2020-08-31 02:00:00,-0.0015133171912833365,5984,64152,2,10,26,70476,0,3573097.30674131,1391302551.32762,-0.0023133171912833365,9964.27743072,False,False,0.13976753421604932,458990.71168298187,-0.0006516730658449295,1.4860827826795517,0.006273894569508385,0.053259003492693635,9.248851552744612e-06,0.004135793122444826,0.02440363480988575,0.07889168488310096,0.05164765984649335,8.847395990032844,2.90179997856827e-06,4035.412816408175,0.8932143822654772,0.14036852414724757,0.3960424690062815,0.44220449647546534,0.03450363196125905,0.05360501567398113,-0.12539184952978055,0.057993730407523536,-0.05454545454545445,0.11238406983087845,-0.2787303903684788,-0.08901680689679053
2020-09-01,1598918400,0.0003616,0.0002998,0.0003299,27540913.76,8517.76,0.0003093,multiply,ETH,2020-09-01 02:00:00,-0.062443164595331946,5982,64153,1,12,17,70493,0,2284109.2788853,1391302551.32762,-0.06334316459533194,8518.404625968,False,False,0.14907865596121161,430329.87912563287,-0.00032558895993084263,1.4419938532424244,0.003816272150830771,0.05506492417224363,7.1618336509279065e-06,0.004506273343426918,0.013367298871414744,0.14244472088102167,0.07790600987621821,4.67747050109317,2.900456706959583e-06,4056.9091428940783,0.8918626655852934,0.14036852414724757,0.37711862311990635,0.4242247246228647,-0.0015156107911489247,0.060230024213074995,-0.012106537530266248,0.06537530266343816,0.015133171912832921,0.18161559888579393,-0.22577092511013208,-0.08901680689679053
2020-09-02,1599004800,0.0003079,0.0002771,0.0003093,29836119.93,8398.61,0.0002815,multiply,ETH,2020-09-02 02:00:00,-0.0898803750404138,5982,64153,0,2,1,70494,0,2433156.0,1391302551.32762,-0.0908803750404138,8398.867760295001,False,False,0.16380116621244317,391651.66819872503,-0.0002868571964407033,1.4537117167372196,0.003206398802055501,0.055383937361055575,6.122611230633839e-06,0.004068899981776983,0.0,0.18564949498595296,0.09282474749297648,-4.287260452796133,2.9159072115715316e-06,4079.3856399345946,0.8361719383617193,0.14036852414724757,0.3765404897913423,0.42230227279321414,-0.06660200452634979,-0.006365565322825173,0.0036374658987571307,0.13852682631100321,0.10942709912094573,0.12260765550239239,-0.3466269101751769,-0.09137358099185322
2020-09-03,1599091200,0.0002639,0.0002295,0.0002815,35684910.2,8325.31,0.0002333,multiply,ETH,2020-09-03 02:00:00,-0.1712255772646537,5983,64154,1,11,6,70500,0,2058576.3946753,1391302551.32762,-0.1722255772646537,8325.289549660001,False,False,0.19764572241633446,324590.88522473373,-0.00021197742324713042,1.6454037277576565,0.0015429896397198993,0.054847650580053295,6.0366939974921815e-06,0.004019430233582321,0.05033971564166034,0.1417023828611473,0.09602104925140383,-6.571347016170481,2.9320622146792804e-06,4054.2223550676867,0.7610164909434983,0.14036852414724757,0.3765622755260386,0.4210040505077386,-0.09875666074600353,-0.02812803103782735,0.05916585838991262,0.04849660523763333,0.051406401551891356,0.07514450867052025,-0.09759314210352787,-0.09520588714260246
2020-09-04,1599177600,0.0002817,0.0002277,0.0002333,28044203.37,7251.1,0.0002586,multiply,ETH,2020-09-04 02:00:00,0.10844406343763402,5983,64154,0,2,1,70501,0,130371.9276,1391302551.32762,0.10754406343763402,7252.230991482,False,False,0.17830915328588876,359790.8397733225,-0.0003063223973289273,1.8603613748359886,0.0077746535816584725,0.051504485619217805,5.9838095903121685e-06,0.004563822284739495,0.08549994006721437,0.05077932252835813,0.06813963129778625,-15.196902848745491,2.9139760803277713e-06,4096.105511877155,0.6307110029737767,0.14036852414724757,0.36245837517676893,0.4053798699324319,-0.20660094299185605,-0.1943161634103019,-0.10976909413854341,-0.16234458259325035,-0.07992895204262873,-0.04776632302405481,0.03076923076923077,-0.09520588714260246
2020-09-05,1599264000,0.0002615,0.0002213,0.0002586,51890040.79,13220.67,0.0002548,multiply,ETH,2020-09-05 02:00:00,-0.014694508894044778,5984,64154,0,2,1,70502,0,29300001.586,1391302551.32762,-0.015594508894044777,13221.582393292001,False,False,0.18096839497539569,354503.8900782776,-0.0003191963922371797,1.720893726678308,0.005877264482738372,0.051227782858764885,5.212547755742787e-06,0.004968220951387101,0.03930859693638458,0.01864111792634872,0.02897485743136665,-5.171822364353449,2.9440796381552924e-06,4106.795451397178,0.6991078669910786,0.14036852414724757,0.4350389400484589,0.4728338561839922,0.0978344934261407,-0.3673381911701672,-0.2897556793827689,-0.39091298756965265,-0.30690098585512215,0.0009603072983355165,0.2056296296296296,-0.09520588714260246
2020-09-06,1599350400,0.0002716,0.0002398,0.0002548,26084009.71,6439.7,0.0002469,multiply,ETH,2020-09-06 02:00:00,-0.031004709576138212,5986,64154,0,8,13,70515,0,2650820.9248396,1391302551.32762,-0.03190470957613821,6440.141997399,False,False,0.1867587972447583,343512.5999227894,-0.0005393694992482977,1.6878838406556562,0.005282961600036354,0.051557571358130286,9.503024615800204e-06,0.005165738863904647,0.018725206795047918,0.02046353860480157,0.019594372699924742,-7.328269948987501,2.951763042106376e-06,4041.2469114168566,0.6888348202216816,0.14036852414724757,0.3467979708573364,0.40128772501204446,-0.01491365777080067,-0.27764887857695286,-0.16744006187161653,-0.2378190255220416,-0.20688321732405268,0.0159521435692922,0.16252390057361377,-0.09520588714260246
2020-09-07,1599436800,0.0002582,0.0002441,0.0002469,24433855.99,6049.58,0.0002476,multiply,ETH,2020-09-07 02:00:00,0.0028351559335764165,5985,64154,0,2,1,70516,0,955.42,1391302551.32762,0.0019351559335764165,6049.822743123999,False,False,0.1862308038761342,344486.5117087187,-0.000969558710948437,1.572772465178433,-0.0005127383072626035,0.046498990226812,4.628858037566046e-06,0.005174466214609499,0.014576834284217353,0.04988029671808283,0.03222856550115009,4.769919610332424,2.9046499681615517e-06,4082.5500600159185,0.667477696674777,0.11099068977234108,0.33936351603119685,0.4159544236344387,-0.03199675982179029,-0.2947409733124018,-0.2186028257456829,-0.32810047095761363,-0.16208791208791196,-0.11924478304074171,0.156311962987442,-0.09520588714260246
2020-09-08,1599523200,0.000243,0.0002362,0.0002476,16970452.67,4008.68,0.0002362,multiply,ETH,2020-09-08 02:00:00,-0.046042003231017814,5987,64156,2,18,16,70532,0,4596075.74711295,1391302551.32762,-0.047042003231017815,4008.4209206540004,False,False,0.1952251674072268,328625.66262358386,-0.0007679336193335108,1.6224678132787658,0.002787528682714648,0.043073338472922613,4.348315711310303e-06,0.005112971740670717,0.0,0.03337785978931152,0.01668892989465576,-0.20139262593218277,2.934336644549551e-06,4251.413904134429,0.6693701000270343,0.11099068977234108,0.28988867096961923,0.3673018849537935,0.0028271405492731327,-0.25273390036452015,-0.3446739570676387,-0.48481166464155545,-0.36857027136492504,0.032206119162640934,0.6082904884318766,-0.09520588714260246
2020-09-09,1599609600,0.0002563,0.0002423,0.0002362,60090479.35,14981.55,0.0002493,multiply,ETH,2020-09-09 02:00:00,0.05546147332768836,5987,64156,0,6,4,70536,0,2520825.05,1391302551.32762,0.05446147332768836,14980.556501955,False,False,0.1849666447717087,346851.72604597564,-0.00019305468880136296,1.6203059784824605,0.004819163062913778,0.04376360938198831,2.881056256835763e-06,0.00511793500763475,0.02007512091759801,0.018944725582887737,0.019509923250242873,-4.741396361156852,3.0557076892280616e-06,4219.746268384597,0.6385509597188429,0.11099068977234108,0.4481555135737582,0.5229655151542907,-0.04826418289585099,-0.13691437802907913,-0.2843295638126009,-0.4499192245557351,-0.21365105008077534,0.06987951807228909,0.5304601425793909,-0.09520588714260246
2020-09-10,1599696000,0.0002613,0.0002429,0.0002493,121993619.31,30086.1,0.0002466,multiply,ETH,2020-09-10 02:00:00,-0.010830324909747335,5988,64157,1,9,6,70542,0,1735603.64333333,1391302551.32762,-0.011830324909747336,30083.626521846,False,False,0.18699474165658986,343095.20915739104,-0.00015042751625150597,1.5769256451792122,0.003419842260874881,0.04416205961222171,1.076728888886183e-05,0.005190330964328155,0.04591254600984462,0.014983623906857469,0.030448084958351045,3.2776356162685225,3.0329465466429246e-06,5257.998411318528,0.6739659367396593,0.11099068977234108,0.5286517220858418,0.603700955931487,0.05254713196951466,0.012277730736663828,-0.4233700254022015,-0.41574936494496195,-0.3073666384419984,0.1062893081761005,0.533794404275385,-0.09520588714260246
2020-09-11,1599782400,0.0002581,0.0002431,0.0002466,138063973.77,34595.15,0.0002506,multiply,ETH,2020-09-11 02:00:00,0.016220600162206278,5989,64158,1,5,3,70545,0,9085407.22709504,1391302551.32762,0.015220600162206277,34598.831826762005,False,False,0.18401285731621358,348660.4193627016,-0.00011912174521517802,1.586600443017995,0.0037151219237441975,0.044179082208207536,2.1622634482441908e-05,0.0052115506202550805,0.025837425092246607,0.0,0.012918712546123303,-0.9874975935957657,3.779191237952664e-06,6645.418267796324,0.6666666666666666,0.11099068977234108,0.5224613905268295,0.6087350950759074,-0.010948905109489093,-0.03730445246690728,-0.2795828319294025,-0.31849177697553155,-0.13999197753710413,0.12462819750148713,0.5079063883617964,-0.09520588714260246
2020-09-12,1599868800,0.0002793,0.0002521,0.0002506,134552611.89,34967.48,0.0002599,multiply,ETH,2020-09-12 02:00:00,0.03711093375897834,5991,64160,2,9,11,70556,0,1883347.67818182,1391302551.32762,0.036110933758978336,34970.22383021099,False,False,0.17743385742708456,361599.5330900484,-9.418995023581144e-05,1.4421177887796932,0.0008721163180462373,0.04076174888460026,2.4867942485799963e-05,0.005355807363407454,0.0,0.0,0.0,6.143682325760178,4.7764005474259205e-06,7759.2474239919,0.6774804001081374,0.10754406343763402,0.5021183821838776,0.6036248045695928,0.015961691939345712,-0.03325223033252245,-0.33982157339821595,-0.18004866180048684,-0.19343065693430672,-0.025705329153604906,0.52228875582169,-0.09520588714260246
2020-09-13,1599955200,0.0002601,0.0002418,0.0002599,96646152.52,24783.07,0.0002564,multiply,ETH,2020-09-13 02:00:00,-0.013466717968449338,5990,64160,0,8,5,70561,0,3286680.27441289,1391302551.32762,-0.014466717968449339,24780.073506128,False,False,0.17985592646372572,356729.9741604018,-0.00017383055672078003,1.435627905201059,0.00039765929027149404,0.04076484561093069,2.5134880832958598e-05,0.005413227441192246,0.0,0.0,0.0,9.095519107711251,5.576966287158611e-06,8007.701224846927,0.7026223303595566,0.10754406343763402,0.44912439207883753,0.5550415461747115,0.03578299345902258,0.014764565043894784,-0.31644054269752586,-0.24660814046288904,-0.3056664006384675,0.017857142857143016,0.5275229357798165,-0.09520588714260246
2020-09-14,1600041600,0.0002716,0.0002528,0.0002564,131711187.0,33290.11,0.0002528,multiply,ETH,2020-09-14 02:00:00,-0.014040561622464809,5990,64160,0,6,4,70565,0,1108093.4,1391302551.32762,-0.01504056162246481,33296.5880736,False,False,0.18241716592286106,351721.2849756224,-0.00012811537536984766,1.2296357269304905,-0.0023146634591137585,0.04301252897492821,1.7810700830299027e-05,0.005322176481446059,0.0,0.0254189397548676,0.0127094698774338,4.500408397419633,5.755542687106953e-06,8718.173703396325,0.6931603135982698,0.10754406343763402,0.47653583276812356,0.5837988237559558,-0.013650546021840793,0.04732589457483638,-0.19007310504040031,-0.15775298191612164,-0.24855713736052332,0.029705971506517215,0.48015188125647223,-0.09520588714260246
2020-09-15,1600128000,0.0002513,0.0002258,0.0002528,131838315.21,31209.23,0.0002367,multiply,ETH,2020-09-15 02:00:00,-0.06368670886075956,5990,64161,1,5,3,70568,0,102961.973407307,1391302551.32762,-0.06458670886075955,31206.129210207,False,False,0.19482796069382066,329321.3138992477,-8.824482433347002e-05,0.8891714610884135,-0.008173359635465501,0.0433873847287079,2.3931953579634755e-05,0.005404160375825704,0.011564893200716832,0.053729615542517845,0.032647254371617335,1.7356095239952882,6.266195440436158e-06,9218.519971686452,0.6834279535009463,0.10754406343763402,0.4591386235866864,0.5673257933185846,-0.014240506329113778,0.07878315132605307,-0.09789391575663031,-0.1774570982839314,-0.2484399375975037,-0.09408341416100874,0.3849797023004059,-0.09520588714260246
2020-09-16,1600214400,0.000241,0.0002301,0.0002367,128903889.97,29656.88,0.0002301,multiply,ETH,2020-09-16 02:00:00,-0.027883396704689423,5989,64161,0,2,1,70569,0,240.45,1391302551.32762,-0.02868339670468942,29660.785082097,False,False,0.20041624639820665,320138.7170604854,-0.00012068877669890981,0.6917126468070839,-0.011209027418688696,0.043499903213601546,2.2429434331468186e-05,0.00516783522925494,0.022465387027576042,0.041574959666455046,0.03202017334701554,1.4047758802037542,6.625819785128605e-06,9583.75119711819,0.6399026763990268,0.10754406343763402,0.44678836984399456,0.5547331502441459,-0.06801858893113644,0.013844936708860889,0.07713607594936711,-0.228243670886076,-0.33860759493670867,-0.3023090586145649,0.4211045364891519,-0.09520588714260246
2020-09-17,1600300800,0.0002532,0.0002259,0.0002301,160778284.2,37572.92,0.0002337,multiply,ETH,2020-09-17 02:00:00,0.01564537157757484,5990,64161,0,3,2,70571,0,103668.145,1391302551.32762,0.01474537157757484,37573.88501753999,False,False,0.19732896147294546,325147.4062452648,-0.00011065079242240854,0.6815486423717964,-0.01143072377623675,0.04324438304493788,2.1318716805193697e-05,0.0051754036190876295,0.010900493826859209,0.03739445580405335,0.02414747481545628,1.366201305793366,6.888330067369677e-06,10340.647213236387,0.6220600162206003,0.10754406343763402,0.46723518190866936,0.5756650257520445,-0.028683181225554133,-0.04182509505703402,-0.0925221799746514,-0.4026193493874102,-0.5487959442332067,-0.5387912558936991,0.4888084265964451,-0.09520588714260246
2020-09-18,1600387200,0.0002308,0.0002193,0.0002337,116781650.63,26054.31,0.0002231,multiply,ETH,2020-09-18 02:00:00,-0.04535729567821989,5993,64162,1,12,9,70580,0,4918904.43633191,1391302551.32762,-0.04625729567821989,26053.986255552998,False,False,0.2067077411347173,310399.59920119203,-0.00011872211070071967,0.5500293169679039,-0.011383922195127282,0.042561234501247644,2.7006264727744468e-05,0.005148467056081686,0.02338354601727446,0.048735733244203876,0.03605963963073917,3.882753426307101,7.432349781410989e-06,10473.289037550341,0.6317923763179237,0.10754406343763402,0.41805360716777223,0.5262643208984364,0.015404364569961415,-0.08909169926119076,-0.10734463276836159,-0.3820078226857886,-0.5601912212081703,-0.2931167826759473,0.5172638436482084,-0.09520588714260246
2020-09-19,1600473600,0.0002312,0.0002197,0.0002231,149514640.2,32841.67,0.0002197,multiply,ETH,2020-09-19 02:00:00,-0.015239802779022815,5995,64163,1,7,5,70585,0,11347551.629,1391302551.32762,-0.016139802779022817,32848.36645194,False,False,0.20990994901266954,305669.17052667815,-0.00012736842411745805,0.5055573285691926,-0.011656146840373615,0.042636758213050754,1.8726326801234965e-05,0.005167933193682939,0.02338354601727446,0.04410947353699205,0.033746509777133255,5.823511449215234,7.5276862157382185e-06,10806.174126609156,0.6031359826980265,0.10754406343763402,0.4399001658362681,0.5485971744680109,-0.04751232631107127,-0.11210954214805291,-0.056482670089858855,-0.4385964912280702,-0.43089430894308944,-0.2900313971742543,0.5097662504002561,-0.09520588714260246
2020-09-20,1600560000,0.0002226,0.0002115,0.0002197,148738079.63,32010.64,0.0002152,multiply,ETH,2020-09-20 02:00:00,-0.020482476103777847,5995,64163,0,3,2,70587,0,133624.58891089,1391302551.32762,-0.02138247610377785,32008.434736376,False,False,0.21429932991674489,299408.30904570385,-0.00012147378072803922,0.46626691084460625,-0.008565694616859567,0.04040072739345209,2.3609793873083293e-05,0.005192549012373221,0.0,0.019503912218036726,0.009751956109018363,8.081781944451972,7.766947682441608e-06,10995.275916110251,0.5939443092727764,0.10754406343763402,0.4311289724718061,0.5404341838269712,-0.015475648611743331,-0.14926042133572381,-0.10981622590766471,-0.4298520842671447,-0.47333034513671013,-0.17861482381531002,0.4694199243379572,-0.09480235500051566
2020-09-21,1600646400,0.0002075,0.0001939,0.0002152,128775012.04,25846.7,0.0002007,multiply,ETH,2020-09-21 02:00:00,-0.06737918215613381,5997,64164,1,3,2,70589,0,859.5,1391302551.32762,-0.06827918215613381,25845.144916428002,False,False,0.2297854237618913,279234.4220514533,-0.00010436850664151374,0.5433508006085225,-0.011103086246840789,0.039279393681344116,2.3006092173001947e-05,0.005224902895093041,0.010823967285941165,0.0054311487337189305,0.008127558009830048,6.191205298527391,7.902864769146186e-06,10701.605940656324,0.5817788591511219,0.10754406343763402,0.40277353748122147,0.5122011662636012,-0.02091078066914509,-0.15065999089667748,-0.07510241238051885,-0.5038689121529358,-0.3245334547109697,-0.2617124394184167,0.4973870273593606,-0.09480235500051566
2020-09-22,1600732800,0.0002169,0.0001962,0.0002007,163566375.7,33784.63,0.0002065,multiply,ETH,2020-09-22 02:00:00,0.028898854010961594,5997,64165,1,7,5,70594,0,2518432.70768,1391302551.32762,0.028098854010961596,33776.45658205,False,False,0.22333488280842448,287303.9768491535,-0.00010492377522316246,0.5493437978237456,-0.010165852108938242,0.03913174079879028,1.8576221894918424e-05,0.005204258999495403,0.012243629211736447,0.05288922609378189,0.03256642765275917,-2.8677407385614195,7.69178920174088e-06,10851.48026430365,0.5425790754257908,0.10754406343763402,0.4284074275350382,0.5391335955182757,-0.0722471350274041,-0.09990706319702602,-0.15845724907063197,-0.5329925650557621,-0.45167286245353155,-0.2739204064352243,0.5227467811158799,-0.09480235500051566
2020-09-23,1600819200,0.0002081,0.0001889,0.0002065,157037260.29,30169.06,0.0001921,multiply,ETH,2020-09-23 02:00:00,-0.06973365617433414,6000,64167,2,11,9,70603,0,2853363.62871111,1391302551.32762,-0.07053365617433413,30166.857701709,False,False,0.2400837626329818,267269.2201100358,-8.827807762252498e-05,0.5565063896370275,-0.011488707094962235,0.03949940053149193,2.427685951543721e-05,0.00509445290521355,0.0014196619257952825,0.04745807736006296,0.02443886964292912,3.674800854283072,7.799511510957025e-06,10766.409547787145,0.5582589889159233,0.10754406343763402,0.41103680760983496,0.5235227225902522,0.028087167070217967,-0.14648729446935738,-0.22869955156950672,-0.5411061285500747,-0.49925261584454406,-0.21099077416766954,0.5912408759124088,-0.09480235500051566
2020-09-24,1600905600,0.0002165,0.0002025,0.0001921,151956426.72,31305.49,0.000206,multiply,ETH,2020-09-24 02:00:00,0.07235814679854236,6001,64167,0,6,4,70607,0,1268495.17,1391302551.32762,0.07155814679854236,31303.023904319998,False,False,0.2238839359310476,286608.3255734897,-8.389372341997429e-05,0.6791131676135639,-0.013592928221648492,0.03633021472876182,2.1682456970213226e-05,0.004707633793536108,0.020173988778048112,0.00863754022905647,0.014405764503552292,4.9487826639497,7.738366854508774e-06,10936.495039595564,0.5193295485266288,0.10754406343763402,0.41140135464237526,0.5248492124290642,-0.07496095783446122,-0.13171912832929777,-0.21355932203389827,-0.36319612590799033,-0.46198547215496366,-0.25912408759124106,0.5930723739791608,-0.09480235500051566
2020-09-25,1600992000,0.0002147,0.0002042,0.000206,164931574.82,34835.53,0.0002112,multiply,ETH,2020-09-25 02:00:00,0.025242718446601975,6005,64170,3,9,12,70619,0,10079625.7123455,1391302551.32762,0.024442718446601976,34833.548601984,False,False,0.21838185158418572,293843.09884039336,-0.00010562281739485601,0.9369487915886023,-0.012277633860518007,0.03733873485623436,2.2499077482787458e-05,0.004398122412680201,0.02994524294416372,0.043349573708306915,0.036647408326235316,3.373644390378015,7.860615959598185e-06,11211.945426157441,0.5569072722357393,0.10754406343763402,0.4203651387402228,0.5327627552623699,0.06747572815533975,-0.16137428422696498,-0.3529411764705881,-0.21447162935970843,-0.61634565330557,-0.32482043096568214,0.562481709101551,-0.09480235500051566
2020-09-26,1601078400,0.0002232,0.0002054,0.0002112,196241947.16,43096.73,0.0002196,multiply,ETH,2020-09-26 02:00:00,0.03977272727272729,6006,64171,1,3,2,70621,0,182496.49,1391302551.32762,0.03897272727272729,43094.731596336,False,False,0.21003172042581103,305530.04027154535,-7.482524490898552e-05,0.9180050203314065,-0.01031705462889049,0.03795953481995251,2.503664538582557e-05,0.004307905337734565,0.009771254166115607,0.03471203347925045,0.022241643822683028,1.427496948137179,8.058596180578183e-06,11717.12611754245,0.5709651257096513,0.10754406343763402,0.4395003637812383,0.5518346551712209,0.024621212121212155,-0.06650485436893216,-0.24466019417475726,-0.25533980582524274,-0.6116504854368932,-0.22354751827626007,0.5124409448818898,-0.09480235500051566
2020-09-27,1601164800,0.0002361,0.0002182,0.0002196,167462992.07,37135.82,0.0002218,multiply,ETH,2020-09-27 02:00:00,0.010018214936247771,6006,64171,0,3,2,70623,0,18310.33,1391302551.32762,0.009218214936247771,37143.291641126,False,False,0.20794844817632147,308590.90588446613,-0.00012393490576301412,0.9163361079025552,-0.011242932582613585,0.037132903476239626,3.097437833001442e-05,0.004407582437521135,0.027124458144867185,0.03909961059273393,0.03311203436880056,9.863773161864051,8.421695271356785e-06,11889.64759026725,0.5936739659367397,0.10754406343763402,0.41654674857101504,0.5289467358267633,0.03825136612021851,-0.01893939393939381,-0.19696969696969702,-0.20643939393939403,-0.5056818181818179,-0.3112324492979719,0.5145228215767634,-0.09480235500051566
2020-09-28,1601251200,0.0002372,0.0002089,0.0002218,206765635.9,44650.23,0.0002159,multiply,ETH,2020-09-28 02:00:00,-0.026600541027953173,6007,64172,1,9,6,70629,0,6219100.83077757,1391302551.32762,-0.027500541027953174,44640.70079081,False,False,0.21363448150271505,300382.22083163314,-8.124477572608426e-05,0.9230360817009635,-0.01062940329762624,0.03690285367667178,2.6696775338823916e-05,0.004568254847365926,0.04638946876349985,0.0667097530800774,0.056549610921788625,9.794860053091883,8.54569523999062e-06,12380.82715454278,0.5996215193295485,0.10754406343763402,0.43188114746367934,0.5442411043563228,0.009918845807033394,0.08606557377049184,-0.07786885245901654,-0.12431693989071024,-0.5309653916211292,-0.2618670886075949,0.5017720023626697,-0.09480235500051566
2020-09-29,1601337600,0.0002232,0.0002088,0.0002159,141177996.26,29979.54,0.0002124,multiply,ETH,2020-09-29 02:00:00,-0.01621120889300587,6007,64172,0,2,1,70630,0,256.11,1391302551.32762,-0.016911208893005868,29986.206405624,False,False,0.2171548237120347,295512.6619019865,-0.0001374649501596274,0.9381092163913975,-0.013198935824796285,0.03612932210659058,3.208554512331814e-05,0.004452596779205491,0.05204708112547906,0.06073868252625249,0.05639288182586577,1.9495804103256251,8.898731007665189e-06,12236.095757166284,0.5836712625033793,0.10754406343763402,0.3833816256215575,0.49521353446304645,-0.02732746641963879,0.06898106402164106,-0.03742110009017141,-0.11632100991884586,-0.4382326420198377,-0.39585973806506125,0.4991082045184304,-0.09480235500051566
2020-09-30,1601424000,0.0002231,0.0002087,0.0002124,164966992.17,36806.31,0.0002231,multiply,ETH,2020-09-30 02:00:00,0.05037664783427487,6007,64172,0,0,0,0,0,0.0,1391302551.32762,0.049576647834274866,36804.135953127,False,False,0.2067399576711617,310399.59920119203,-8.119271028956286e-05,0.9900305683283184,-0.01116472784682211,0.038705610090927586,2.155261368349416e-05,0.004442061058399632,0.04325162733368499,0.03312854003890903,0.038190083686297005,2.0779708401141797,8.794705181479224e-06,12096.563314935347,0.5742092457420925,0.10754406343763402,0.4031577964053889,0.5149391497586594,-0.016478342749528974,0.11023622047244086,-0.08244557665585917,-0.09402501157943499,-0.5303381194997685,-0.4337244676227727,0.4784880147510756,-0.08619265186808249
2020-10-01,1601510400,0.0002189,0.0002048,0.0002231,171364431.0,36304.24,0.0002119,multiply,ETH,2020-10-01 02:00:00,-0.05020170327207529,6008,64172,0,5,4,70634,0,139541.9025,1391302551.32762,-0.05110170327207529,36312.1229289,False,False,0.21766722301291258,294817.0106263227,-8.238863723267491e-05,1.0136189015147785,-0.009746895836593248,0.03708320653038257,2.645300687331268e-05,0.004006378294026498,0.025682893660563727,0.0,0.012841446830281864,2.7147038433960624,8.694416109129153e-06,11803.74641787117,0.6031359826980265,0.10754406343763402,0.39845321308207154,0.5099074285176178,0.047960555804571925,0.030131826741996326,-0.05037664783427487,-0.17372881355932202,-0.5532015065913369,-0.32349165596919116,0.39516678012253226,-0.08619265186808249
2020-10-02,1601596800,0.0002144,0.000204,0.0002119,174539195.74,36820.14,0.000211,multiply,ETH,2020-10-02 02:00:00,-0.004247286455875354,6008,64172,0,3,2,70636,0,27054.47,1391302551.32762,-0.005247286455875354,36827.77030114,False,False,0.2185956614049108,293564.8383301278,-0.00014829773663389647,0.961055183267032,-0.009845362596769875,0.03712807905797305,2.6099372055524476e-05,0.003977147729264507,0.025318500310024212,0.0019520007891818353,0.013635250549603024,-1.7059996793014083,8.483953692608199e-06,11435.449323868323,0.5728575290619087,0.10754406343763402,0.39722555549880556,0.5082192170195249,-0.0528551203397829,0.053339309726579964,0.015239802779022815,-0.10533393097265797,-0.38637382339757953,-0.26176602420439266,0.4352419904567144,-0.08619265186808249
2020-10-03,1601683200,0.0002147,0.0002078,0.000211,153684418.52,32466.63,0.0002113,multiply,ETH,2020-10-03 02:00:00,0.0014218009478672577,6009,64173,1,3,2,70638,0,304365.54,1391302551.32762,0.0004218009478672577,32473.517633276006,False,False,0.21828870472013367,293982.22909552616,-0.00020188237726005364,0.01850362992428256,-0.005437159859730759,0.034753296168481,2.6469994082881475e-05,0.003964417355025835,0.010105163476299084,0.0070559249760351085,0.008580544226167096,0.917491981762069,8.219239814486285e-06,10886.894545339326,0.5704244390375778,0.10754406343763402,0.3813691900151546,0.491657374802777,-0.004265402843601773,-0.03633789523360065,-0.015573383671543262,-0.1826333176026429,-0.3284568192543653,-0.0619025944469731,0.418421052631579,-0.08619265186808249
2020-10-04,1601769600,0.0002257,0.0002116,0.0002113,185702803.26,40604.92,0.0002187,multiply,ETH,2020-10-04 02:00:00,0.03502129673450072,6009,64173,0,3,2,70640,0,359900.65,1391302551.32762,0.03402129673450072,40613.203072962,False,False,0.2109026214328498,304277.8679753505,-8.252978516346884e-05,0.3122196346717125,-0.006247965362154357,0.03445415640078352,2.3340370936780688e-05,0.00342347121082543,0.008807777796127696,0.008271728449280015,0.008539753122703855,10.717263300294533,7.824965558318531e-06,10360.234014755159,0.5712354690456881,0.07155814679854236,0.4043562152052058,0.5133599279644252,0.0014197823000473564,-0.05118483412322261,0.048815165876777256,-0.23175355450236945,-0.10568720379146912,-0.20167286245353155,0.4060347654968841,-0.08619265186808249
2020-10-05,1601856000,0.00023,0.0002158,0.0002187,111685230.77,24896.78,0.0002229,multiply,ETH,2020-10-05 02:00:00,0.019204389574760006,6010,64174,1,3,2,70642,0,358910.87,1391302551.32762,0.018304389574760004,24894.637938632997,False,False,0.20693190694612978,310121.3386909265,-0.0001587738055133346,0.3464898287581683,-0.005870479514856698,0.034617694870034216,2.9190777400794485e-05,0.0028465466281093065,0.008807777796127696,0.055146290896763185,0.03197703434644544,10.538984998076632,7.4464278131806285e-06,9951.96015694267,0.5912408759124088,0.07155814679854236,0.34943474826252563,0.4576090839299644,0.03383630544124372,-0.021769995267392206,0.022716516800757258,-0.2134406057737812,-0.223852342640795,-0.26955655206776297,0.42774751682153156,-0.08619265186808249
2020-10-06,1601942400,0.0002181,0.0001875,0.0002229,164691874.98,32558.43,0.0001977,multiply,ETH,2020-10-06 02:00:00,-0.11305518169582773,6010,64174,0,3,2,70644,0,1457.69,1391302551.32762,-0.11385518169582773,32559.583683546,False,False,0.23330865988008256,275060.5143974705,-6.695046432599347e-05,0.397498036420933,-0.00803700187839548,0.03804334489923082,1.7893044122486395e-05,0.0028827540418237436,0.010108452846912808,0.05197848663433644,0.031043469740624625,4.282764266474947,7.152980598969096e-06,8953.088278309124,0.602595296025953,0.07155814679854236,0.37869691831391245,0.48501293974676496,0.018842530282637937,0.028806584362139898,0.12162780064014633,-0.1559213534522177,-0.16506630086877006,-0.19564164648910398,0.39750084430935495,-0.09480235500051566
2020-10-07,1602028800,0.0002051,0.0001949,0.0001977,161842925.04,32648.07,0.0002017,multiply,ETH,2020-10-07 02:00:00,0.020232675771370667,6010,64174,0,3,2,70646,0,1090.89,1391302551.32762,0.01943267577137067,32643.717980568,False,False,0.22868181486510822,280625.72460278095,-0.00011948566555373781,0.36847299736988026,-0.007361155687176883,0.038158748257738344,2.3402230990288007e-05,0.002859095543887169,0.010108452846912808,0.034720613595175455,0.02241453322104413,1.4855534106172499,6.435040509173102e-06,7687.783425851256,0.5344687753446878,0.07155814679854236,0.38022901891958216,0.4832013027604519,-0.12746585735963567,-0.0008972633467922986,0.07581875280394801,-0.061911170928667714,-0.10767160161507405,-0.28891202498698587,0.4945250073986386,-0.09480235500051566
2020-10-08,1602115200,0.0002213,0.0002002,0.0002017,153279059.24,32837.28,0.0002142,multiply,ETH,2020-10-08 02:00:00,0.06197322756569168,6011,64174,0,3,2,70648,0,18588.32,1391302551.32762,0.06107322756569168,32832.374489208,False,False,0.21533670428707902,298017.0064943762,-8.470458941573177e-05,0.529091043024916,-0.005622172420589124,0.03912298683130623,2.3462702594355515e-05,0.0029874062101921525,0.0,0.034720613595175455,0.017360306797587727,6.288565903117272,5.5256014721710654e-06,5720.63140742044,0.5452825087861585,0.07155814679854236,0.3841746844612573,0.4818313431896593,0.01983143282102129,-0.07182599898836628,-0.06828528072837625,-0.16388467374810323,-0.25240263024785015,-0.1466019417475728,0.39800332778702163,-0.09480235500051566
2020-10-09,1602201600,0.0002302,0.0002192,0.0002142,144563735.09,32223.27,0.0002229,multiply,ETH,2020-10-09 02:00:00,0.04061624649859952,6013,64176,2,5,3,70651,0,51603.4,1391302551.32762,0.03961624649859952,32223.256551561,False,False,0.20693835603476213,310121.3386909265,-9.941847830392289e-05,0.9235485119610995,-0.00698837584477544,0.038802607569746794,2.3598299635027927e-05,0.0029919051477899335,0.0,0.03896369286774763,0.019481846433873816,-2.5381701034047026,4.111709133259084e-06,4692.623665260037,0.5790754257907543,0.07155814679854236,0.3916791411933261,0.47793963123044925,0.05835667600373484,-0.04610808130887456,-0.08874566187407051,-0.15865146256817053,-0.17104610808130882,-0.18039772727272707,0.40382124352331605,-0.09480235500051566
2020-10-10,1602288000,0.0002262,0.0002077,0.0002229,177940374.33,37616.88,0.0002114,multiply,ETH,2020-10-10 02:00:00,-0.05159264244055639,6013,64176,0,3,2,70653,0,4092.28,1391302551.32762,-0.05259264244055639,37616.595133362,False,False,0.21819564597988875,294121.35935065884,-7.880501131250776e-05,0.7127255621072922,-0.007999777974838638,0.04059201182985538,2.3160495552036948e-05,0.0029781564675035272,0.017638247857593024,0.043300713514191874,0.030469480685892447,0.14755380737046409,3.3728276145128917e-06,4720.511223538048,0.602595296025953,0.07155814679854236,0.41709757039705614,0.49271015745313845,0.03903095558546432,0.013538748832866432,-0.03548085901027065,-0.04154995331465927,-0.16386554621848726,-0.12295081967213095,0.36558761435608733,-0.09480235500051566
2020-10-11,1602374400,0.0002209,0.0002097,0.0002114,172761292.43,37515.46,0.0002172,multiply,ETH,2020-10-11 02:00:00,0.027436140018921584,6012,64176,0,2,1,70654,0,65.86,1391302551.32762,0.026436140018921583,37523.752715796,False,False,0.2123690587483816,302190.91414835904,-9.582981166939713e-05,0.799676271333601,-0.007899583486978128,0.04088006541380221,2.7036962663129733e-05,0.0029594564461144987,0.017638247857593024,0.031330264799487494,0.02448425632854026,2.834070904598379,3.392871822906961e-06,4773.084488081088,0.5715058123817248,0.07155814679854236,0.41562269835413845,0.49009431913272017,-0.054399243140965,0.018842530282637937,0.031404217137730006,0.014356213548676555,-0.1063257065948855,-0.12984670874661863,0.43425076452599387,-0.09480235500051566
2020-10-12,1602460800,0.0002244,0.0002167,0.0002172,126359587.09,28356.08,0.0002244,multiply,ETH,2020-10-12 02:00:00,0.03314917127071837,6012,64177,1,4,2,70656,0,17850550.12275,1391302551.32762,0.03214917127071837,28355.091342996002,False,False,0.20555828124365666,312208.29251791793,-0.00012014553297777564,0.863211664717964,-0.008631203979955145,0.04044209930778927,2.697023208933943e-05,0.0027420327237843807,0.009129314413824599,0.026993244153043248,0.01806127928343392,6.5790218074179005,3.43065890558921e-06,4854.507247944552,0.5871857258718572,0.07155814679854236,0.3816609933643867,0.457964827778858,0.026703499079189674,-0.054399243140965,-0.004730368968779652,-0.0179754020813625,-0.185430463576159,-0.20379805465493273,0.5094743276283619,-0.09480235500051566
2020-10-13,1602547200,0.0002288,0.0002174,0.0002244,177867531.2,39347.46,0.0002212,multiply,ETH,2020-10-13 02:00:00,-0.014260249554367221,6012,64177,0,3,2,70658,0,283659.39,1391302551.32762,-0.015160249554367221,39344.29790144,False,False,0.20853199959799523,307756.1243536696,-0.0001080278360663617,0.8535022495528266,-0.008381506883074605,0.04044955026407569,2.0380248218432992e-05,0.0026551293834724057,0.022149060092090653,0.0,0.011074530046045326,-4.344165780398882,3.489181589807511e-06,4701.025318059337,0.6066504460665045,0.07155814679854236,0.4202679378484426,0.4919450696160888,0.03208556149732622,0.08977900552486184,-0.027163904235727454,0.07596685082872923,-0.19659300184162065,-0.20715630885122405,0.4733436055469953,-0.09480235500051566
2020-10-14,1602633600,0.0002274,0.0002123,0.0002212,108901126.31,23941.17,0.0002198,multiply,ETH,2020-10-14 02:00:00,-0.006329113924050667,6012,64177,0,3,2,70660,0,3000000.0,1391302551.32762,-0.007329113924050667,23936.467562938,False,False,0.20986022889479777,305808.3007818109,-0.00021150134286587985,1.0407771652861013,-0.007549579179034956,0.03957702182616543,2.8278750631123735e-05,0.002604165204685611,0.018306901051482125,0.040634035938002494,0.02947046849474231,-0.6602991658362036,3.3788663102597536e-06,5024.583026617977,0.597999459313328,0.07155814679854236,0.3613826533769751,0.43661208715453714,-0.01446654611211562,0.10115864527629237,0.055704099821746955,0.07976827094474148,-0.142602495543672,-0.1331241595696997,0.4873477038425491,-0.09480235500051566
2020-10-15,1602720000,0.0002418,0.0002154,0.0002198,160946463.03,37701.45,0.0002342,multiply,ETH,2020-10-15 02:00:00,0.06551410373066413,6012,64177,0,0,0,0,0,0.0,1391302551.32762,0.06451410373066413,37693.661641626,False,False,0.1969567818577137,325843.0575209286,-7.230631667733084e-05,1.8299818442463893,-0.00522669378120518,0.03784067575354891,1.7204358275701536e-05,0.0025992555909137905,0.0181772235228272,0.07750383806048199,0.047840530791654595,4.431961845768331,3.6114237135721333e-06,5060.536563587072,0.5942146526088132,0.07155814679854236,0.4129314681892484,0.48451122259549917,-0.006369426751592355,0.03164556962025322,0.04611211573236895,0.1315551537070524,-0.1428571428571428,-0.11703633789523371,0.4784278959810875,-0.09480235500051566
2020-10-16,1602806400,0.0002303,0.000212,0.0002342,192855526.34,41597.43,0.0002157,multiply,ETH,2020-10-16 02:00:00,-0.07899231426131503,6011,64177,0,6,4,70664,0,9316960.956375,1391302551.32762,-0.07989231426131503,41598.937031538,False,False,0.21384922721871372,300103.96032136766,-6.102090342248077e-05,2.412691611567131,-0.006287415193457917,0.03734922438487728,2.709235428746799e-05,0.002621647738553247,0.01501545598357995,0.03686980212247949,0.02594262905302972,-0.5446595210366514,3.637265351636253e-06,5193.357793718292,0.6331440929981076,0.07155814679854236,0.4233901618870593,0.49305436733160685,0.06148590947907773,-0.0141037306642402,0.03867151956323922,0.06278434940855326,-0.07688808007279357,-0.090521327014218,0.5376432078559739,-0.09480235500051566
2020-10-17,1602892800,0.0002174,0.0002137,0.0002157,105362902.72,22909.34,0.0002174,multiply,ETH,2020-10-17 02:00:00,0.007881316643486347,6012,64178,1,3,2,70666,0,333927.0,1391302551.32762,0.006981316643486347,22905.895051328,False,False,0.21218029927325038,302469.1746586246,-0.00021144165253006095,2.331032922748258,-0.006708351327182226,0.03697264290812394,2.989927459835614e-05,0.0023877896232326226,0.002125387833968821,0.0022629137678311,0.0021941508008999607,1.5572856206044055,3.732730734061146e-06,5524.833259715546,0.5831305758313058,0.07155814679854236,0.3509913380380206,0.4270551539482817,-0.08576726935558643,0.09735269000853974,0.06618274978650729,0.09820666097352682,0.017506404782237417,-0.10601041173686698,0.5532033426183844,-0.09480235500051566
2020-10-18,1602979200,0.0002271,0.0002195,0.0002174,151881443.86,33912.03,0.0002233,multiply,ETH,2020-10-18 02:00:00,0.027138914443422202,6013,64178,0,5,3,70669,0,258228.620566667,1391302551.32762,0.0262389144434222,33915.12641393801,False,False,0.20657410238246585,310677.85971145757,-0.00010634743269873724,2.246599954000514,-0.004706325399360214,0.03621131977921908,1.6463633326533146e-05,0.0023788553741752464,0.012466939070865697,0.03067528627885153,0.021571112674858613,10.230423382538389,3.970979032880802e-06,5342.783157756777,0.5877264125439308,0.07155814679854236,0.39569183617885206,0.4685073361586751,0.007819687212511472,-0.006954102920723182,-0.033379694019471495,-0.018080667593880273,-0.08344923504867863,-0.020118884316415064,0.5194377990430622,-0.09480235500051566
2020-10-19,1603065600,0.0002276,0.0002163,0.0002233,180732771.11,39085.94,0.0002163,multiply,ETH,2020-10-19 02:00:00,-0.031347962382445194,6012,64178,0,2,1,70670,0,148.16,1391302551.32762,-0.03224796238244519,39092.498391093,False,False,0.2132593484142609,300938.7418521642,-8.857469213530061e-05,1.9112369790966093,-0.005037083225039598,0.03792980334960186,2.4376528585802734e-05,0.0023583211186806513,0.012466939070865697,0.028412372511020433,0.020439655790943066,9.650798519825992,3.840130353141769e-06,5419.20228437325,0.6036766693701,0.07155814679854236,0.41288362582983384,0.4823804858996626,0.026421854008060963,-0.03219871205151792,0.09061637534498612,-0.020239190432382648,-0.026218951241950395,0.014356213548676555,0.487678734408275,-0.09480235500051566
2020-10-20,1603152000,0.0002176,0.0002102,0.0002163,152013403.08,32518.92,0.0002139,multiply,ETH,2020-10-20 02:00:00,-0.01109570041608876,6012,64178,0,2,1,70671,0,145.79,1391302551.32762,-0.011895700416088761,32515.666918812003,False,False,0.21565216017767477,297599.6157289779,-0.00013843165532615717,1.502106243575674,-0.005587216276792966,0.03897052787089945,2.8097769499372972e-05,0.002342530177363744,0.002657272474098686,0.11769203603756134,0.06017465425583002,-3.762020319656081,3.895056671320047e-06,5413.442139859712,0.5847526358475263,0.07155814679854236,0.3900641661074519,0.4608855836090008,-0.032362459546925626,0.00940438871473348,0.09673085535154502,0.033139274518584894,0.016121809225257522,-0.08851795649974714,0.38728522336769766,-0.09480235500051566
2020-10-21,1603238400,0.000231,0.0001762,0.0002139,193931853.18,35680.78,0.000184,multiply,ETH,2020-10-21 02:00:00,-0.13978494623655913,6012,64178,0,3,2,70673,0,406972.95,1391302551.32762,-0.14058494623655912,35683.46098512,False,False,0.2506956362065469,255999.66944428207,-5.5141796265564856e-05,-0.9685670390899422,0.0018051160228077427,0.048863789095967794,2.337066577487739e-05,0.003101189900950771,0.044602570959291724,0.11769203603756134,0.08114730349842653,-8.930809175900123,3.890916562105096e-06,5196.117835875652,0.578264395782644,0.07155814679854236,0.4008688956029506,0.4699141360180209,-0.011220196353436185,-0.016181229773462702,0.009708737864077666,0.018030513176144236,0.005085529357374052,0.004957858205255294,0.4052496798975672,-0.10542106027903281
2020-10-22,1603324800,0.0002197,0.0001907,0.000184,178054096.87,36163.68,0.0002031,multiply,ETH,2020-10-22 02:00:00,0.10380434782608705,6011,64178,0,2,1,70674,0,894.01,1391302551.32762,0.10290434782608705,36162.787074297004,False,False,0.2271196310290725,282573.54817463964,-6.264028870071365e-05,0.08001124465693008,-0.0005550936307776403,0.05311077453076695,2.5647520699987102e-05,0.003337818883697873,0.04194529848519304,0.07007979875266049,0.056012548618926766,-39.11052598301089,3.7347145169232745e-06,5203.5549060935655,0.49743173830765075,0.10290434782608705,0.40323007648718634,0.4705910934192288,-0.16249999999999987,-0.0949041608228145,-0.04207573632538564,-0.043010752688172005,0.061711079943899017,0.03594771241830064,0.3928215353938186,-0.10542106027903281
2020-10-23,1603411200,0.0002089,0.0001679,0.0002031,190981583.37,34416.94,0.0001802,multiply,ETH,2020-10-23 02:00:00,-0.11275233874938462,6010,64178,0,5,4,70678,0,248263.756541688,1391302551.32762,-0.11355233874938461,34414.881323274,False,False,0.2559822256493043,250712.71974923712,-6.34191220223714e-05,0.03379376492933173,-0.0015126944727010794,0.05541517907952441,2.5992036771433688e-05,0.0038252675477034627,0.03279666816800541,0.07007979875266049,0.05143823346033295,-15.156080866063219,3.7400599180445595e-06,5140.498486495352,0.5490673154906732,0.10290434782608705,0.3971035828884754,0.4642587510224584,0.09404234367306752,-0.17228260869565215,-0.14891304347826084,-0.15163043478260874,-0.1222826086956521,0.13817855540601165,0.13514408744617423,-0.11262142170724884
2020-10-24,1603497600,0.0001939,0.0001733,0.0001802,216040909.09,40104.54,0.0001856,multiply,ETH,2020-10-24 02:00:00,0.02996670366259724,6009,64179,1,4,2,70680,0,78611.8365,1391302551.32762,0.02916670366259724,40097.192727104004,False,False,0.24853833950933565,258225.7535264063,-8.747915135796949e-05,-0.06461384304735918,-0.0028245144243260784,0.052880030469026014,2.4735727890698073e-05,0.0038287566962035826,0.05294516088567715,0.03244370000703251,0.042694430446354834,-1.713497987744697,3.6947380579372503e-06,5190.929995570337,0.4915439170758319,0.10290434782608705,0.41507517027129365,0.48007373281230314,-0.1270810210876805,-0.07040866568193005,-0.069423929098966,-0.038897095027080164,0.05416051206302308,0.02554399243140959,0.1951690821256039,-0.11262142170724884
2020-10-25,1603584000,0.0001869,0.0001706,0.0001856,204826389.53,35785.01,0.0001747,multiply,ETH,2020-10-25 02:00:00,-0.05872844827586221,6009,64179,0,0,0,0,0,0.0,1391302551.32762,-0.05952844827586221,35783.170250890995,False,False,0.26404531089257416,243060.5557169352,-7.922246718892698e-05,-0.027000986339153155,-0.005339154582084889,0.05420140128348426,2.881989448581269e-05,0.0038823357556147884,0.02014849271767174,0.05723999422520578,0.03869424347143876,3.9123021009135392,3.7309857518891246e-06,5192.969738711766,0.5062738679759956,0.10290434782608705,0.40031109398830494,0.46624157659901755,0.029094827586207073,-0.23917869034406225,-0.2452830188679247,-0.172586015538291,-0.14317425083240853,0.027624309392265123,0.27650602409638547,-0.11262142170724884
2020-10-26,1603670400,0.0001769,0.0001651,0.0001747,195654322.97,33072.88,0.000169,multiply,ETH,2020-10-26 01:00:00,-0.03262736119061249,6008,64179,0,5,3,70683,0,2153.42,1391302551.32762,-0.033427361190612494,33065.58058193,False,False,0.27295098114161365,235130.13117436777,-0.00010350957043742107,0.1105851581080099,-0.008690714672588272,0.05346112204696734,2.571918682729769e-05,0.0038501274746200473,0.0,0.072163238499975,0.0360816192499875,0.12991036342584472,3.732451819165061e-06,4978.836639395944,0.47654118930714673,0.10290434782608705,0.39095439317118685,0.4567707776342042,-0.06239267315397834,-0.16540948275862055,-0.19181034482758608,-0.17834051724137923,-0.13793103448275867,0.021390374331550888,0.24088050314465403,-0.11262142170724884
2020-10-27,1603756800,0.0001736,0.0001413,0.000169,102873857.62,15783.03,0.0001534,multiply,ETH,2020-10-27 01:00:00,-0.09230769230769231,6008,64179,0,11,8,70691,0,9089727.44104317,1391302551.32762,-0.09310769230769231,15780.849758908,False,False,0.30070870803737093,213425.8113736569,-0.0001509822244725847,-0.10852689613559041,-0.009478756704219993,0.05447457729542774,2.3765916730604636e-05,0.004267971994691376,0.01733224294490862,0.07427867089166797,0.045805456918288294,-3.8380470979403807,3.5785434553002138e-06,5995.854762444483,0.4609929078014184,0.10290434782608705,0.3071253609984038,0.37668451082140747,-0.03372781065088759,-0.22438465941614205,-0.2581568402976533,-0.27590154550658275,-0.25701202060675454,-0.002712477396021651,0.3557406305770374,-0.11262142170724884
2020-10-28,1603843200,0.0001555,0.0001438,0.0001534,92787339.2,13707.71,0.0001477,multiply,ETH,2020-10-28 01:00:00,-0.03715775749674044,6009,64180,1,3,2,70693,0,213302.85,1391302551.32762,-0.03785775749674044,13704.689999840002,False,False,0.31231844660704655,205495.3868310895,-0.0002402522577403133,-0.2290649422943481,-0.01005492034356451,0.05564487574121963,1.1342500410029055e-05,0.004102273226349662,0.01733224294490862,0.026911726609866238,0.02212198477738743,-10.130276677385938,4.3095261751105604e-06,6687.72537467831,0.4184397163120567,0.10290434782608705,0.28673369371008106,0.3615305756809883,-0.10169491525423724,-0.08875739644970415,-0.3857988165680475,-0.16982248520710064,-0.31242603550295867,0.017743403093721577,0.28902821316614413,-0.11262142170724884
2020-10-29,1603929600,0.0001473,0.0001395,0.0001477,142713981.32,20463.73,0.0001434,multiply,ETH,2020-10-29 01:00:00,-0.029113067027759176,6009,64181,1,7,4,70697,0,225342.35090525,1391302551.32762,-0.029913067027759175,20465.184921287997,False,False,0.3216886563095457,199512.7858603807,-0.0001728090012594537,-0.22055444617300612,-0.010300840787454048,0.055643249225056306,9.850258656366727e-06,0.00408299256809008,0.004205266518644396,0.022528810917749626,0.01336703871819701,-2.5974611678076993,4.806808819761521e-06,7035.889219988136,0.40289143480632844,0.10290434782608705,0.33220644709748526,0.404665449442396,-0.03859174001354071,-0.32398956975228166,-0.4061277705345503,-0.31486310299869635,-0.40743155149934807,0.09308283518360372,0.30659806295399517,-0.11262142170724884
2020-10-30,1604016000,0.0001454,0.000134,0.0001434,167121402.66,23028.26,0.0001378,multiply,ETH,2020-10-30 01:00:00,-0.03905160390516038,6010,64182,1,4,3,70700,0,481388.7964865,1391302551.32762,-0.039851603905160383,23029.329286547996,False,False,0.3347668509848834,191721.49157294602,-0.00014081484050508836,-0.19281321440174837,-0.013255852923993653,0.05501622485724732,1.4709370655404565e-05,0.0041083283184077035,0.004205266518644396,0.022528810917749626,0.01336703871819701,-8.000497345181657,5.0570519067001575e-06,7193.89420997168,0.39116202945990175,0.10290434782608705,0.34472211809790504,0.41748067937128686,-0.029986052998605572,-0.22004062288422466,-0.47190250507786047,-0.4502369668246444,-0.43805010155721047,-0.03430690774223444,0.30585025765383445,-0.11262142170724884
2020-10-31,1604102400,0.0001702,0.0001392,0.0001378,196384553.79,28862.4,0.000147,multiply,ETH,2020-10-31 01:00:00,0.06676342525399126,6011,64183,1,3,2,70702,0,1766776.0725597,1391302551.32762,0.06596342525399126,28868.529407129998,False,False,0.3138203456914626,204521.47504516013,-9.3756070368312e-05,-0.27740143856856836,-0.00821129446218143,0.05645637794433776,1.6552351797653763e-05,0.004936037666473455,0.044079524569746946,0.020974674767394792,0.03252709966857087,-16.80900440291631,5.170618139891329e-06,7173.900802534023,0.37588652482269497,0.10290434782608705,0.37090330656950266,0.4421637679810997,-0.04063860667634245,-0.2942817294281732,-0.5571827057182708,-0.5543933054393306,-0.5557880055788007,0.025298988040478365,0.290656320724216,-0.11262142170724884
2020-11-01,1604188800,0.0001665,0.0001467,0.000147,185484094.68,29417.04,0.0001586,multiply,ETH,2020-11-01 01:00:00,0.07891156462585047,6013,64185,2,5,4,70706,0,52621.395,1391302551.32762,0.07811156462585048,29417.777416248002,False,False,0.29087659721627457,220660.58464056056,-8.632288744097442e-05,-0.3307970455686055,-0.005734530915741989,0.05799987665554552,2.074928230353839e-05,0.005108341075739105,0.04813427586029527,0.06214435779428969,0.05513931682729248,-9.882596177030349,5.156247859740129e-06,7126.960427452817,0.40098199672667756,0.10290434782608705,0.37401546465286717,0.44454470765622084,0.06258503401360549,-0.2677793904208998,-0.5696661828737302,-0.5341074020319303,-0.537735849056604,0.055082848186296496,0.23339253996447606,-0.11262142170724884
2020-11-02,1604275200,0.0001573,0.0001419,0.0001586,193509657.37,28208.25,0.0001458,multiply,ETH,2020-11-02 01:00:00,-0.08070617906683486,6013,64185,0,5,3,70709,0,1186314.40531959,1391302551.32762,-0.08160617906683486,28213.708044545998,False,False,0.3164130886042603,202851.911983567,-8.920983141603487e-05,-0.04897898325653427,-0.010890176597545202,0.05961154706546334,2.1144054819835364e-05,0.0051869040289250715,0.004054751290548321,0.041169683026894895,0.02261221715872161,3.1030894448612383,5.1225094215863194e-06,7151.34051301671,0.4326241134751773,0.10290434782608705,0.3704580905865526,0.44051298526073057,0.0731399747793191,-0.14965986394557818,-0.45510204081632644,-0.4775510204081632,-0.435374149659864,0.023116042533518177,0.06129447063866267,-0.11262142170724884
2020-11-03,1604361600,0.0001475,0.0001397,0.0001458,54329231.43,7802.92,0.0001436,multiply,ETH,2020-11-03 01:00:00,-0.015089163237311354,6014,64186,1,3,2,70711,0,5279.13,1391302551.32762,-0.015989163237311355,7801.677633347999,False,False,0.32126564811580244,199791.04637064622,-0.0005375482884968394,0.041853810923807355,-0.0128294033385892,0.05895236148928239,2.0278628841457728e-05,0.005160347012184064,0.006321330123757978,0.14635213031077696,0.07633673021726747,-3.986858014285705,5.1400326307119175e-06,8117.508655787809,0.3977086743044189,0.10290434782608705,0.22598164172358742,0.30070595564625957,-0.08779149519890272,0.03278688524590179,-0.16015132408575017,-0.4148802017654476,-0.33228247162673386,-0.02244039270687237,0.11291569992266048,-0.11262142170724884
2020-11-04,1604448000,0.000149,0.0001127,0.0001436,171871225.73,20069.64,0.0001168,multiply,ETH,2020-11-04 01:00:00,-0.1866295264623955,6014,64186,0,4,2,70713,0,169194.94135,1391302551.32762,-0.1874295264623955,20074.559165264,False,False,0.39498071121086664,162504.13799506603,-8.361975748896787e-05,-0.4086738942624226,-0.015739596721747604,0.06726255061782287,5.6074630395117286e-06,0.005774811123678364,0.0796306119863813,0.210088926103928,0.14485976904515463,2.277976334110358,5.834466880005255e-06,8271.224800927086,0.3917075831969449,0.10290434782608705,0.33171824171958847,0.40415874436922306,-0.01532033426183843,-0.013031550068587139,-0.3930041152263375,-0.5171467764060358,-0.5,-0.21141304347826084,0.03689167974882268,-0.11371890236992832
2020-11-05,1604534400,0.0001417,0.0001167,0.0001168,77738717.8,10694.8,0.0001376,multiply,ETH,2020-11-05 01:00:00,0.17808219178082196,6014,64188,2,7,4,70717,0,3905.75,1391302551.32762,0.17718219178082195,10696.84756928,False,False,0.3352847715936437,191443.23106268054,-0.00016131014979051418,0.6382894647059818,-0.018744798050923554,0.0726649119918158,1.4428608030732274e-05,0.005847340324003952,0.10260089227898211,0.06373679579315103,0.08316884403606657,-3.07363651975464,5.944950501984236e-06,8968.819747397325,0.31860338243316966,0.17718219178082195,0.26183009726373213,0.3355234918713444,-0.22945205479452047,0.0013927576601671099,-0.2548746518105849,-0.5306406685236769,-0.5522284122562675,0.026587887740029514,0.05548805184285133,-0.11371890236992832
2020-11-06,1604620800,0.0001506,0.0001232,0.0001376,46040652.4,6092.69,0.0001323,multiply,ETH,2020-11-06 01:00:00,-0.03851744186046524,6014,64189,1,4,2,70719,0,500080.423,1391302551.32762,-0.03951744186046524,6091.178312519999,False,False,0.3487218694044857,184069.32754064412,-0.0005346492809523167,0.6323058060595055,-0.020498360356003748,0.072411052889167,7.68836911789802e-06,0.0063741200075430535,0.06649997001513287,0.0859395612150765,0.07621976561510468,-12.280629195076116,6.446347517180231e-06,9880.267409450615,0.37534097108565195,0.17718219178082195,0.2003109266123312,0.27409109156614536,0.15116279069767447,-0.17979452054794498,-0.5890410958904109,-1.0051369863013697,-0.6926369863013699,-0.11931187569367374,0.21082390953150243,-0.11371890236992832
2020-11-07,1604707200,0.0001395,0.000122,0.0001323,32752125.91,3996.73,0.000122,multiply,ETH,2020-11-07 01:00:00,-0.07785336356764927,6015,64190,1,3,2,70721,0,3561997.61,1391302551.32762,-0.07885336356764927,3995.75936102,False,False,0.37816903338640595,169738.91126196965,-0.000638909389987297,0.7455413286398936,-0.025119645480628453,0.07141082844703506,4.378040065194753e-06,0.006468282809795246,0.0530426778410949,0.095907716199107,0.07447519702010094,-7.3634984698144805,7.1014513701729236e-06,10785.897735267989,0.36088379705400975,0.17718219178082195,0.15567777210549624,0.22777904424183715,-0.04006046863189727,-0.06831395348837188,-0.26962209302325557,-0.5675872093023255,-0.4658430232558137,-0.15409482758620685,0.1972904318374259,-0.11371890236992832
2020-11-08,1604793600,0.0001455,0.0001273,0.000122,51871080.22,7076.36,0.0001364,multiply,ETH,2020-11-08 01:00:00,0.11803278688524599,6015,64191,1,5,3,70724,0,2317095.64666667,1391302551.32762,0.11703278688524599,7075.215342008,False,False,0.338250299296698,189773.66800108738,-0.0003020109968193368,0.558997480851765,-0.021143347263153877,0.07333453504421937,2.871955749097947e-06,0.006719664153624981,0.04400899421743676,0.07622977089147163,0.0601193825544542,-0.814791558528615,7.752374007347131e-06,11361.260124290007,0.3327877795962902,0.17718219178082195,0.21941478202787137,0.2905448387432082,-0.08442622950819656,-0.1987906273620561,-0.27739984882842017,-0.6432350718065005,-0.6190476190476193,-0.27590154550658275,0.20778178900922584,-0.11371890236992832
2020-11-09,1604880000,0.0001422,0.00012,0.0001364,38885303.84,4839.12,0.0001244,multiply,ETH,2020-11-09 01:00:00,-0.08797653958944296,6015,64191,0,3,2,70726,0,130244.7,1391302551.32762,-0.08897653958944296,4837.331797696,False,False,0.3708789455311062,173078.0373851559,-0.0005024846748736741,0.5415584355822098,-0.02112168352667553,0.07345402668056207,5.085317593399531e-06,0.006968121327783892,0.030024293829579413,0.17114557681529424,0.10058493532243683,3.0950454948007717,8.16591625843622e-06,11837.65500085652,0.37206764866339337,0.17718219178082195,0.18076901854448557,0.24843175918364183,0.1055718475073315,-0.19508196721311477,-0.2573770491803278,-0.8303278688524591,-0.8270491803278688,-0.2508875739644971,0.14922952149229507,-0.11371890236992832
2020-11-10,1604966400,0.0001623,0.0001262,0.0001244,73692384.84,11296.48,0.0001533,multiply,ETH,2020-11-10 01:00:00,0.2323151125401932,6015,64192,1,5,4,70730,0,52451476.4805,1391302551.32762,0.2314151125401932,11297.042595972001,False,False,0.30096581588387267,213286.68111852417,-0.0001292073188877891,0.13159966318164412,-0.009773977831847636,0.08581582925564145,3.4768367190012564e-06,0.007527821379978793,0.10065675180011932,0.19233943340693,0.14649809260352464,-5.5177850420260235,8.508325518098628e-06,11903.239732828772,0.33933442444080736,0.2314151125401932,0.27484350168799637,0.3407110016566093,-0.09646302250803873,-0.05278592375366564,-0.08284457478005858,-0.5857771260997067,-0.5498533724340173,-0.4159061277705347,0.11572226656025553,-0.11371890236992832
2020-11-11,1605052800,0.0001577,0.0001253,0.0001533,117442655.18,15255.19,0.0001299,multiply,ETH,2020-11-11 01:00:00,-0.15264187866927592,6014,64192,0,2,1,70731,0,50.56,1391302551.32762,-0.15354187866927593,15255.800907882003,False,False,0.35518136701306907,180730.20141745787,-0.00012320957613854114,0.15070383782140145,-0.016609511604775477,0.09020154946813386,8.119759850358964e-06,0.007990355979385523,0.15223247153051508,0.08745547249907688,0.11984397201479599,0.3093707169442368,8.555464605071243e-06,12006.96832041032,0.4181669394435352,0.2314151125401932,0.31037596979576537,0.37380254824454373,0.18851924331376402,0.06109324758842427,-0.152733118971061,-0.719453376205788,-0.7459807073954985,-0.5192958700067705,0.1835321277414389,-0.11470166930495392
2020-11-12,1605139200,0.0002221,0.000125,0.0001299,190879136.64,29150.57,0.0001527,multiply,ETH,2020-11-12 01:00:00,0.17551963048498842,6014,64192,0,3,2,70733,0,90176.34,1391302551.32762,0.17451963048498842,29147.244164927997,False,False,0.3021483927635735,212451.8995877276,-5.969704641270526e-05,0.517558979349568,-0.015676851499187523,0.09533473987395955,1.0965121061069348e-05,0.014081586013749045,0.16299542507202922,0.07548042301501551,0.11923792404352236,-15.582554020015742,8.630019623663402e-06,11720.79498091357,0.35433715220949263,0.2314151125401932,0.38089740823268836,0.44467058656659314,-0.18013856812933016,0.10241356816699287,0.10110893672537524,-0.20026092628832348,-0.46379647749510755,-0.5425383542538356,0.16341653666146638,-0.11470166930495392
2020-11-13,1605225600,0.0002003,0.0001431,0.0001527,110156980.16,19961.61,0.0001812,multiply,ETH,2020-11-13 01:00:00,0.1866404715127703,6014,64192,0,6,4,70737,0,402665.08292117,1391302551.32762,0.1856404715127703,19960.444804992,False,False,0.25462505284215053,252104.02230056477,-8.409487570788901e-05,0.6556463449429868,-0.010474455177853,0.1026396208933389,2.094960879437393e-05,0.015389715073432631,0.1569996325447036,0.07548042301501551,0.11624002777985955,-31.252695403427285,8.424332270309758e-06,11744.20711523845,0.41653027823240585,0.2314151125401932,0.34296353936332497,0.40343148176486676,0.14931237721021606,-0.018475750577366945,-0.13163972286374115,-0.5635103926096996,-0.7028483448806773,-0.5950653120464442,0.14833860759493678,-0.11470166930495392
2020-11-14,1605312000,0.0001798,0.0001521,0.0001812,331931393.98,55090.92,0.000166,multiply,ETH,2020-11-14 01:00:00,-0.08388520971302438,6013,64192,0,2,1,70738,0,428.77,1391302551.32762,-0.08488520971302438,55100.611400680005,False,False,0.2779401179216728,230956.22352038493,-4.497783060400056e-05,0.820582251246265,-0.017042513732342512,0.10241050046610163,1.4346588228380076e-05,0.015679200109097166,0.12121265060331948,0.08709333390013153,0.1041529922517255,-14.49634750816028,8.441159763583986e-06,12791.923878824302,0.49427168576104746,0.2314151125401932,0.4518343911940711,0.514050070951544,0.1572847682119206,0.20104780615586115,-0.03863785199738046,-0.18009168303863787,-0.4394237066142763,-0.5931972789115647,0.11111111111111116,-0.11470166930495392
2020-11-15,1605398400,0.0001839,0.0001525,0.000166,342704365.47,52260.15,0.0001525,multiply,ETH,2020-11-15 01:00:00,-0.08132530120481929,6015,64193,1,4,3,70741,0,29309.62,1391302551.32762,-0.08232530120481929,52262.415734175,False,False,0.3025493660716443,212173.63907746205,-4.801343504049508e-05,0.8628349224397084,-0.01781308195783729,0.10254247506173035,3.960361558174493e-05,0.016212029702244696,0.12780005247168022,0.09778295175307555,0.11279150211237789,-4.5779014643200355,9.19420715977117e-06,13395.07562760485,0.45280960174577195,0.2314151125401932,0.4396283102788877,0.5040173970106221,-0.09156626506024113,0.2472406181015453,0.19536423841059614,-0.024282560706401668,-0.2924944812362029,-0.36002522068095844,0.10473707083876582,-0.11470166930495392
2020-11-16,1605484800,0.0001796,0.0001566,0.0001525,336130227.99,55738.19,0.0001658,multiply,ETH,2020-11-16 01:00:00,0.08721311475409843,6015,64194,1,7,4,70745,0,10017846.845,1391302551.32762,0.08631311475409843,55730.391800742,False,False,0.27828405957089164,230677.9630101194,-4.377145901901373e-05,0.9497122815193377,-0.017558832184692473,0.10316297592522924,3.756365981238569e-05,0.016579797024711837,0.05401694692589435,0.010689617852944014,0.03235328238941918,2.612611814619136,9.62772303897732e-06,14484.580820183535,0.4247910863509749,0.2314151125401932,0.4427442415132337,0.5075560116046697,-0.08852459016393444,0.2506024096385543,0.13493975903614464,-0.052409638554216764,-0.29939759036144586,-0.4910836762688615,0.1287976037655113,-0.11470166930495392
2020-11-17,1605571200,0.0001931,0.000169,0.0001658,309061489.43,53709.57,0.0001738,multiply,ETH,2020-11-17 01:00:00,0.04825090470446325,6014,64194,0,4,2,70747,0,17451531.9705,1391302551.32762,0.04745090470446325,53714.886862934,False,False,0.26547466672528097,241808.38342074034,-5.643390274201875e-05,1.0023412286654472,-0.01918582146941174,0.10296547211915132,4.0056270828773e-05,0.017016661373311596,0.0,0.0,0.0,-15.094526493606445,1.0410805907285903e-05,15261.172632074366,0.49315883402736466,0.2314151125401932,0.4307957200963441,0.5003773386436411,0.08021712907117007,-0.0052459016393444635,0.23409836065573764,-0.1081967213114754,-0.4255737704918032,-0.5550139275766017,0.13670999551770513,-0.11470166930495392
2020-11-18,1605657600,0.0001819,0.0001388,0.0001738,321569089.41,56963.13,0.0001771,multiply,ETH,2020-11-18 01:00:00,0.018987341772152,6014,64194,0,3,2,70749,0,105075.96,1391302551.32762,0.018287341772152,56949.885734511,False,False,0.2605279338049341,246399.6818401215,-6.96047532533805e-05,1.0346758511258995,-0.01780393100649747,0.10280816544086213,3.860762478418353e-05,0.018592975079664103,0.0,0.0,0.0,-32.64716918623082,1.096898199281797e-05,16062.309775627748,0.5169541939321832,0.2314151125401932,0.43192724674807126,0.5032330609141606,0.04602991944764101,0.21652593486127858,0.17008443908323267,0.07478890229191804,-0.34680337756332946,-0.8518835616438356,0.046882111970869444,-0.11470166930495392
2020-11-19,1605744000,0.0002171,0.0001652,0.0001771,328923230.93,58981.92,0.0001793,multiply,ETH,2020-11-19 01:00:00,0.012422360248447228,6016,64196,2,8,7,70756,0,6656526.83501447,1391302551.32762,0.011622360248447228,58975.935305749,False,False,0.2573392893402676,249460.54745304227,-7.440758949687648e-05,1.0323088187458112,-0.016241309864843144,0.10284078813821601,4.093278322545144e-05,0.01985568636634703,0.023622475368259625,0.008008947701263484,0.015815711534761554,-46.91227246670574,1.1544800058262407e-05,17025.41531464517,0.5267697798929208,0.2314151125401932,0.43097357850241663,0.5034738661692507,0.018633540372670843,0.12140391254315308,0.23878020713463755,0.15017261219792855,-0.24453394706559273,-0.5545058139534882,0.06830855018587367,-0.11371890236992832
2020-11-20,1605830400,0.0002042,0.0001838,0.0001793,319410655.63,60323.61,0.0001889,multiply,ETH,2020-11-20 01:00:00,0.053541550474065946,6017,64199,3,5,3,70759,0,17477568.6788267,1391302551.32762,0.05264155047406595,60336.672848507005,False,False,0.24427258248541134,262817.05194578745,-4.851605406693764e-05,1.6492025335038532,-0.017072308526771777,0.09519937421921965,4.2389008235104944e-05,0.019292734721383438,0.055275790055952845,0.07278401136230674,0.06402990070912978,-21.964120467246257,1.2237033058265469e-05,17940.923744778935,0.533313503866746,0.2314151125401932,0.42746810140738273,0.5021921192985069,0.012269938650306789,-0.023150762281197057,0.3111236589497459,0.19028797289666854,-0.20779220779220786,-0.3907785336356766,0.04434479322371698,-0.11371890236992832
2020-11-21,1605916800,0.0002154,0.0001767,0.0001889,337472090.96,61502.87,0.0001822,multiply,ETH,2020-11-21 01:00:00,-0.035468501852832235,6018,64199,0,3,2,70761,0,1818875.54,1391302551.32762,-0.03636850185283223,61487.414972911996,False,False,0.2532551637293864,253495.3248518924,-5.4305588380672244e-05,1.4341194921509237,-0.0175451094307322,0.093486852940963,4.3367039606828905e-05,0.01960317179788984,0.10093746335827039,0.12154832506928889,0.11124289421377964,-25.259471344251974,1.2895055592084702e-05,18834.284685413648,0.5618679357525284,0.2314151125401932,0.42417042365698504,0.5002292939524664,0.05082053996823721,0.07417735638594536,0.23926380368098155,0.23145566090351366,-0.026213050752928124,-0.6647540983606559,0.011622276029055745,-0.11371890236992832
2020-11-22,1606003200,0.0002296,0.000168,0.0001822,403162246.05,83536.71,0.0002072,multiply,ETH,2020-11-22 01:00:00,0.1372118551042809,6021,64201,2,8,6,70767,0,1047075.8830354,1391302551.32762,0.1363118551042809,83535.21738156,False,False,0.22270525257408472,288277.88863508287,-2.377714719871081e-05,0.9215824344894396,-0.0022107626542452667,0.09668897255399242,4.419413657672012e-05,0.020275103785228028,0.06928414867057717,0.05677326140824563,0.0630287050394114,-14.843010836884641,1.3537159597271953e-05,21157.238579834888,0.5419393218322428,0.2314151125401932,0.4502868323454625,0.5287987874383281,-0.03677277716794736,0.19269454737956604,0.3414505029115935,0.22181048173636853,-0.07517204870301741,-0.3211143695014662,-0.08849557522123885,-0.11371890236992832
2020-11-23,1606089600,0.0002863,0.0001949,0.0002072,603725675.23,136066.55,0.0002254,multiply,ETH,2020-11-23 01:00:00,0.08783783783783794,6023,64203,2,9,6,70773,0,844952.811271183,1391302551.32762,0.08703783783783794,136079.767196842,False,False,0.20472921843481148,313599.59506924555,-1.7873802743829372e-05,0.6805431717367731,0.0036835945771397658,0.09849356453409229,6.004101501995259e-05,0.022602701235136066,0.014813066098169288,0.08109960528937325,0.04795633569377127,-18.300928459795408,1.5206784864762918e-05,28283.782703932116,0.6162998215348007,0.2314151125401932,0.4886506521478272,0.5711121464548597,0.12065637065637058,0.09001097694840843,0.15861690450054877,0.12952799121844127,0.010976948408342624,-0.491961414790997,-0.0718446601941749,-0.11371890236992832
2020-11-24,1606176000,0.0002299,0.0001876,0.0002254,619673932.17,123728.13,0.0001997,multiply,ETH,2020-11-24 01:00:00,-0.11401952085181899,6026,64204,1,15,21,70794,0,11142279.2048571,1391302551.32762,-0.11481952085181898,123748.88425434899,False,False,0.23108004299516566,277843.1195001257,-1.7546708584794302e-05,0.6398697525546477,0.0006552038082891596,0.10231120232016568,9.780745896497557e-05,0.02299680847502092,0.03580215211519368,0.08109960528937325,0.058450878702283465,-22.771768497276483,2.032899506792605e-05,32497.718554920473,0.670434265318263,0.2314151125401932,0.45608488960431365,0.5406448139140333,0.08074534161490687,0.16119691119691115,0.37306949806949796,0.29633204633204635,0.10424710424710415,-0.13959556425309838,-0.12642045454545459,-0.11438556823162292
2020-11-25,1606262400,0.0002107,0.0001822,0.0001997,649968100.78,129532.14,0.0001993,multiply,ETH,2020-11-25 01:00:00,-0.0020030045067601643,6028,64205,1,8,5,70799,0,4212949.86536666,1391302551.32762,-0.0027030045067601644,129538.642485454,False,False,0.23154743269976244,277286.5984795947,-4.796334787122374e-05,0.6123098770150163,0.002824495907034582,0.10203439615452871,8.894462540607313e-05,0.02325673305693541,0.03270015348633994,0.0,0.01635007674316997,-45.53908571472203,2.335776537167293e-05,36429.53240447119,0.5939916716240333,0.2314151125401932,0.4465644806193844,0.5337103219016932,-0.12869303955933908,0.2142857142857143,0.32253771073646853,0.36291038154392197,0.22493345164152623,-0.30100076982294044,-0.03460837887067392,-0.11438556823162292
2020-11-26,1606348800,0.0001925,0.0001821,0.0001993,624136878.75,116887.86,0.0001873,multiply,ETH,2020-11-26 01:00:00,-0.06021073758153539,6028,64205,0,3,2,70801,0,619762.63,1391302551.32762,-0.06091073758153539,116900.837389875,False,False,0.24638229224272643,260590.96786366322,-2.4036650550752338e-05,0.7704503266586235,0.005717813530486979,0.09898049822416793,9.310601950801037e-05,0.02275714106211096,0.027487654382460855,0.028535201899957785,0.02801142814120932,-32.213960824720836,2.6183760225056084e-05,38576.08577757026,0.5928019036287924,0.2314151125401932,0.4241130346275667,0.5136933903201164,-0.002007024586051287,0.10215322984476716,0.09263895843765646,0.415122684026039,0.15373059589384086,-0.004584151931892544,-0.14201983769161397,-0.11438556823162292
2020-11-27,1606435200,0.0001972,0.0001764,0.0001873,623228763.97,113172.42,0.0001816,multiply,ETH,2020-11-27 01:00:00,-0.03043246129204491,6028,64205,0,3,2,70803,0,49070.89,1391302551.32762,-0.03133246129204491,113178.343536952,False,False,0.2541156571424155,252660.54332109579,-3.085612781980097e-05,0.888941510386422,0.0037974253230162736,0.09919377628918394,8.402258536673057e-05,0.022856201861048954,0.015776586913145305,0.10631559362427628,0.061046090268710794,-78.8577439928089,2.7726597454133806e-05,40063.68281035095,0.5668886198547215,0.2314151125401932,0.4112277875529548,0.5036490661241586,-0.0640683395621997,0.052182639237330575,0.16708479678876065,0.30958354239839425,0.23030607124937286,0.184878587196468,-0.041222788327929694,-0.11438556823162292
2020-11-28,1606521600,0.000226,0.0001883,0.0001816,623301142.36,134131.91,0.0002152,multiply,ETH,2020-11-28 01:00:00,0.18502202643171817,6028,64205,0,6,4,70807,0,2105253.5535,1391302551.32762,0.18412202643171816,134134.405835872,False,False,0.21443960658486363,299408.30904570385,-1.2579027645320206e-05,0.9020174870848161,0.010393248090316748,0.10234556458581007,8.134703945518827e-05,0.02309752730413903,0.06869147989072194,0.14200075472771634,0.10534611730921914,-28.56226435868563,2.879580920204671e-05,42624.81642881993,0.549636803874092,0.2314151125401932,0.4189545920636008,0.5147083925247325,-0.03138766519823788,0.027229044313934803,0.18579818473037912,0.29364655632674863,0.21142552055525887,0.1361445783132531,-0.121939736346516,-0.11438556823162292
2020-11-29,1606608000,0.0002362,0.0001901,0.0002152,621306962.4,121676.76,0.0001958,multiply,ETH,2020-11-29 01:00:00,-0.0901486988847584,6028,64206,1,5,3,70810,0,179672.106666667,1391302551.32762,-0.0910486988847584,121651.90323791999,False,False,0.23569010259443682,272417.039549948,-1.978016535846751e-05,0.8213014611415244,0.009195376308058698,0.10396600012038273,9.64092286813369e-05,0.023669320207528335,0.08994645179257427,0.06422036300339783,0.07708340739798605,-10.298882861192057,3.063662636724567e-05,44099.30954017226,0.6523188845104577,0.2314151125401932,0.40015101494295796,0.4974839673252104,0.1561338289962826,-0.1409691629955947,0.08700440528634368,0.32819383259911894,0.210352422907489,0.09639344262295091,-0.0017929179740028278,-0.11438556823162292
2020-11-30,1606694400,0.0002156,0.0001972,0.0001958,660606078.03,138388.78,0.0002095,multiply,ETH,2020-11-30 01:00:00,0.0699693564862105,6028,64206,0,3,2,70812,0,170191.18,1391302551.32762,0.0691693564862105,138396.973347285,False,False,0.2202774324009104,291477.8845031364,-1.9217890629647258e-05,0.7789616395407971,0.007711467158481088,0.10372208506522348,8.743741835435888e-05,0.022867573686684056,0.021254971901852323,0.0,0.010627485950926161,-5.318850825199229,3.169641965947052e-05,46302.1184201874,0.6330423537019075,0.2314151125401932,0.40512384238887234,0.504369512448373,-0.09908069458631252,-0.047397769516728694,0.1923791821561338,0.36617100371747213,0.35966542750929376,0.11338962605548852,-0.06182161396885322,-0.11438556823162292
2020-12-01,1606780800,0.0001993,0.000129,0.0002095,804152653.2,131997.15,0.0001641,multiply,ETH,2020-12-01 01:00:00,-0.21670644391408111,6033,64210,4,15,17,70829,0,2711181.5955728,1391302551.32762,-0.21740644391408112,131961.45039012,False,False,0.2812370328562037,228312.74867286245,-1.1588320905795248e-05,0.713672140550996,0.00024104790157496316,0.10611578360148871,9.947295303614783e-05,0.026035398047564155,0.027837649732294866,0.0545759495669622,0.041206799649628534,-49.107390248655435,3.3279690586353494e-05,47812.56165660078,0.7442273534635879,0.2314151125401932,0.39282140758405726,0.4931963544852457,0.06539379474940343,-0.019918283963227923,0.0955056179775281,0.3646578140960164,0.24923391215526047,0.08745684695051781,-0.06113744075829386,-0.12899050481342605
2020-12-02,1606867200,0.0001795,0.0001555,0.0001641,786593649.7,136470.38,0.0001735,multiply,ETH,2020-12-02 01:00:00,0.05728214503351614,6034,64210,0,3,2,70831,0,954.305,1391302551.32762,0.05658214503351614,136473.99822295,False,False,0.2659999832374815,241390.99265534207,-2.095466056580423e-05,0.6277707717971002,0.004077624642039868,0.10520421517146886,9.484741493803679e-05,0.02619894353380115,0.06296838112930439,0.06318404487428696,0.06307621300179567,-56.6920863501045,3.436532306433039e-05,49220.9567900702,0.6313966910350135,0.2314151125401932,0.38947391907376566,0.4909510158209267,-0.2766605728214502,0.04868735083532216,0.14415274463007166,0.2682577565632458,0.2429594272076372,0.1767363071710898,-0.056791292001892923,-0.11438556823162292
2020-12-03,1606953600,0.000185,0.0001603,0.0001735,798436815.75,137837.34,0.0001726,multiply,ETH,2020-12-03 01:00:00,-0.005187319884726205,6035,64211,1,6,4,70835,0,2647776.17605,1391302551.32762,-0.005987319884726205,137810.19439845,False,False,0.2673911694242822,240138.8203591472,-3.817960012328321e-05,0.6404855635807124,0.005962759820257488,0.10443697996745063,9.80908128808667e-05,0.026449740005752946,0.048471144494104286,0.008608095307324762,0.028539619900714526,-22.947154897661957,3.537760837360801e-05,49696.3942667039,0.6675644478645634,0.2314151125401932,0.3840601887274037,0.48637483834221173,0.054178674351584966,-0.14137720901889095,-0.15112736136502147,0.2084095063985374,0.11151736745886665,0.1991076408254322,0.0036579789666209006,-0.11438556823162292
2020-12-04,1607040000,0.000176,0.0001533,0.0001726,781121751.92,133025.82,0.0001703,multiply,ETH,2020-12-04 01:00:00,-0.01332560834298957,6037,64212,1,7,5,70840,0,180087.97528,1391302551.32762,-0.01402560834298957,133025.03435197598,False,False,0.2710066623227198,236938.8244910937,-3.246056410922537e-05,0.7304543825118519,0.011722434601194105,0.09889832444885861,9.905120512209773e-05,0.02609556702788566,0.05598432771557826,0.0,0.02799216385778913,-16.15316401967698,3.5719329501180174e-05,50082.83124922602,0.6641015775298192,0.2314151125401932,0.3745009782936344,0.47806393261398855,-0.005214368482039378,-0.046685878962536176,-0.050144092219020386,0.11988472622478386,0.17233429394812683,0.3816834303864478,0.04486316733961415,-0.11438556823162292
2020-12-05,1607126400,0.0001851,0.0001552,0.0001703,780705613.88,130526.8,0.0001672,multiply,ETH,2020-12-05 01:00:00,-0.01820317087492651,6039,64214,2,7,5,70845,0,134596.01364,1391302551.32762,-0.01890317087492651,130533.978640736,False,False,0.27603990487688596,232625.78658197806,-3.069054906541657e-05,0.6385829572670185,0.008568354866921729,0.09914284712148289,9.561186689770658e-05,0.026257529140637427,0.059354499210510316,0.03251321868019223,0.04593385894535128,-17.55653835435546,3.599708144101049e-05,49707.06630450232,0.6552520200076953,0.2314151125401932,0.3676140356939294,0.4716220878429425,-0.01350557839107469,-0.24681344148319817,-0.2004634994206258,-0.049826187717265435,0.32329084588644263,0.24478594950603727,-0.07233181588265047,-0.11438556823162292
2020-12-06,1607212800,0.0001746,0.0001626,0.0001672,803473405.71,140305.34,0.0001746,multiply,ETH,2020-12-06 01:00:00,0.04425837320574155,6039,64215,1,4,2,70847,0,25060.08,1391302551.32762,0.04355837320574155,140286.456636966,False,False,0.26434473566061517,242921.42546180243,-2.222388942724889e-05,0.6360974854984103,0.009284048230748802,0.09927480594148727,9.382141829336603e-05,0.025749330966533267,0.036883039139733495,0.03251321868019223,0.034698128909962864,-1.0410575757797211,3.5727000038252244e-05,49131.93492209324,0.6433243555213545,0.2314151125401932,0.36962686819979,0.47430373781573254,-0.01854066985645919,-0.14973576042278336,-0.32354668232530837,0.02524955960070463,0.1920140927774514,0.3614864864864865,-0.08874566187407051,-0.11438556823162292
2020-12-07,1607299200,0.0001775,0.0001538,0.0001746,811602630.37,134424.45,0.0001656,multiply,ETH,2020-12-07 01:00:00,-0.05154639175257736,6040,64215,0,3,2,70849,0,406173.91,1391302551.32762,-0.052446391752577357,134401.395589272,False,False,0.2787112973813008,230399.70249985385,-2.2062814549419542e-05,0.5325356692637856,0.010010403969356313,0.09927361233745272,0.00010083102090418847,0.025826138921061063,0.02017245454770668,0.0,0.01008622727385334,-1.683190033522811,3.531362382338059e-05,47808.76010850815,0.6717968449403617,0.2314151125401932,0.36085048162078415,0.46586647087330574,0.04238258877434131,-0.25299043062200965,-0.19437799043062198,0.0879186602870814,0.208732057416268,0.45874001774622897,-0.007469654528478031,-0.11438556823162292
2020-12-08,1607385600,0.0001664,0.0001443,0.0001656,806015515.69,129686.12,0.0001609,multiply,ETH,2020-12-08 01:00:00,-0.0283816425120772,6040,64215,0,3,2,70851,0,1856.79,1391302551.32762,-0.029181642512077197,129687.89647452101,False,False,0.2868526466522275,223860.58050861408,-2.746603831248783e-05,0.5733103809903761,0.007804060042838931,0.09880497659973302,9.66011278143797e-05,0.025972499150327354,0.0,0.013012582634835663,0.006506291317417832,-4.541110886083002,3.43625906981107e-05,46086.056398446475,0.6371681415929203,0.2314151125401932,0.35364511219357503,0.4587102234922025,-0.05434782608695654,0.06013745704467344,-0.1414662084765177,0.050400916380297756,0.3012600229095074,0.3169754631947922,0.08075370121130554,-0.11438556823162292
2020-12-09,1607472000,0.0001778,0.0001548,0.0001609,799755188.06,132997.37,0.0001663,multiply,ETH,2020-12-09 01:00:00,0.033561218147917904,6042,64217,2,5,3,70854,0,602830.768303477,1391302551.32762,0.032861218147917905,132999.287774378,False,False,0.27754677298977487,231373.6142857832,-2.5521821637018048e-05,0.6169520222314918,0.010296047336074627,0.0977372310367487,9.32132959511712e-05,0.025906270733904092,0.04048389811519057,0.026207075884543757,0.03334548699986716,-19.71225169086599,3.312439580770543e-05,43860.30300781496,0.6190842631781456,0.2314151125401932,0.35288411362822686,0.457666162372378,-0.02921068986948394,-0.04770531400966194,-0.1310386473429952,-0.049516908212560384,0.17632850241545883,0.3758153537380833,0.022232734153263878,-0.11438556823162292
2020-12-10,1607558400,0.0001731,0.0001563,0.0001663,779701195.61,130606.19,0.0001675,multiply,ETH,2020-12-10 01:00:00,0.007215874924834553,6043,64217,0,3,2,70856,0,11735.385,1391302551.32762,0.006515874924834553,130599.950264675,False,False,0.27555837819820633,233043.17734737636,-3.7760135585126755e-05,0.7793510142415916,0.002206552753711697,0.08843206114827576,9.559336152116327e-05,0.02551279579953228,0.04681604346385435,0.02459822145703533,0.03570713246044484,-29.6631921773146,3.152463349252269e-05,41481.438669834,0.6398614851866103,0.1856404715127703,0.3484865106270323,0.4526736968361288,0.03247143716175582,-0.07271597265382224,-0.1286513362336854,-0.10068365444375371,0.22684897451833452,0.18152696209289898,0.03499079189686927,-0.11438556823162292
2020-12-11,1607644800,0.0001687,0.0001632,0.0001675,777557137.37,126929.98,0.0001632,multiply,ETH,2020-12-11 01:00:00,-0.025671641791044753,6044,64219,2,5,3,70859,0,617631.886733333,1391302551.32762,-0.02647164179104475,126897.324818784,False,False,0.28282760937534135,227060.5763766676,-2.8860878933386957e-05,0.859889646542843,0.007219107550845311,0.0818263520641499,9.38688354592988e-05,0.02501688447623465,0.006332145348663784,0.018329386769873515,0.012330766059268649,-12.876950160671601,2.981482254183409e-05,38769.00854445546,0.6444786456329358,0.1856404715127703,0.34373200278210225,0.44696832939436765,0.0071641791044776415,-0.0240529164161154,-0.29404690318701143,-0.0781719783523751,0.07817197835237522,0.2846916299559471,0.08155080213903743,-0.11438556823162292
2020-12-12,1607731200,0.0001818,0.0001705,0.0001632,749854314.13,132094.79,0.0001762,multiply,ETH,2020-12-12 01:00:00,0.07965686274509798,6044,64219,0,5,4,70863,0,2425336.205,1391302551.32762,0.07885686274509798,132124.330149706,False,False,0.2619606461410653,245147.50954392666,-1.9148835662604873e-05,0.6364056765903294,0.004896544490358679,0.07849306499813417,9.120756998375012e-05,0.019005543471347766,0.025585110125794674,0.008818158948265443,0.01720163453703006,-18.428509960531994,2.7865260871879364e-05,36651.39551872501,0.6365054602184088,0.1856404715127703,0.34624129350799393,0.4478275617942868,-0.026348039215686292,0.0017910447761194659,-0.16895522388059692,-0.12776119402985087,0.22447761194029847,0.29042750929368033,0.09132007233273054,-0.11438556823162292
2020-12-13,1607817600,0.0001831,0.0001713,0.0001762,794025758.0,140714.07,0.0001772,multiply,ETH,2020-12-13 01:00:00,0.00567536889897835,6043,64219,0,5,3,70866,0,928902.117333333,1391302551.32762,0.00487536889897835,140701.3643176,False,False,0.26048231292356494,246538.81209525425,-3.675600260583392e-05,0.4520053965060489,-0.0009917216846748861,0.06879626993654424,9.496448491640386e-05,0.017712489457533266,0.026321892235168846,0.0018925003857191657,0.014107196310444006,-4.61580282444514,2.6343224544331654e-05,33520.07712026318,0.6969936708860759,0.18412202643171816,0.3509328236542472,0.4508305343943814,0.07377979568671955,-0.06985294117647056,-0.28370098039215685,-0.11642156862745101,0.06433823529411775,0.07456588355464744,0.1005459508644222,-0.11438556823162292
2020-12-14,1607904000,0.0001759,0.00017,0.0001772,768876926.31,135249.3,0.0001759,multiply,ETH,2020-12-14 01:00:00,-0.007336343115124211,6042,64220,1,4,2,70868,0,17983309.38595,1391302551.32762,-0.00803634311512421,135245.45133792897,False,False,0.2624115099544274,244730.11877852835,-3.6340702959561316e-05,0.3838705643856105,0.0016175147233558908,0.06742457867088848,0.00010112923618470965,0.017294896401124072,0.0007367821093741703,0.0,0.00036839105468708513,-8.457318008494067,2.4092586539338538e-05,32235.9616464159,0.7486269539501478,0.18412202643171816,0.3465559733376875,0.44388884372834136,0.0056433408577878375,0.06015891032917142,0.06867196367763906,-0.17593643586833152,-0.028376844494892195,0.20763723150357993,0.13151152860802728,-0.11438556823162292
2020-12-15,1607990400,0.000218,0.0001709,0.0001759,660225108.1,124475.14,0.0001885,multiply,ETH,2020-12-15 01:00:00,0.07163160886867548,6044,64223,3,18,34,70902,0,6407398.50551972,1391302551.32762,0.07093160886867547,124452.43287685,False,False,0.24488244484757565,262260.5309252564,-2.118254160924848e-05,0.3142435312338091,0.007113185790199832,0.06630544752475653,9.720779366707403e-05,0.017701649750019328,0.0,0.0,0.0,-2.482793051712388,2.3169627350755188e-05,30299.82920663328,0.751067463706234,0.18412202643171816,0.3375293109569887,0.4334810311409258,-0.007390562819783897,0.09198645598194122,0.020880361173814976,-0.2720090293453725,0.06320541760722354,0.07068860450944547,0.045897079276773445,-0.11438556823162292
2020-12-16,1608076800,0.0002934,0.0002041,0.0001885,512699297.12,120978.47,0.000236,multiply,ETH,2020-12-16 01:00:00,0.2519893899204244,6062,64244,21,41,102,71004,0,9211468.02057053,1391302551.32762,0.2511893899204244,120997.03412032,False,False,0.19565862128498976,328347.4021133183,-1.1391752747235228e-05,0.6678682668256917,0.008551108760910643,0.07087927984262254,8.945030163144169e-05,0.019996442396766758,0.09987651208989691,0.13860116741226833,0.11923883975108263,-17.74820811744947,2.1778030362785098e-05,28260.807129870984,0.804867634500427,0.2511893899204244,0.33477224713746984,0.428735463817973,0.06684350132625994,0.054576463899943084,0.018760659465605456,-0.13530415008527585,0.13303013075611148,0.04438040345821326,-0.3569457221711132,-0.11438556823162292
2020-12-17,1608163200,0.0002959,0.0002251,0.000236,251255795.22,72718.95,0.0002894,multiply,ETH,2020-12-17 01:00:00,0.2262711864406779,6065,64250,6,15,16,71020,0,2978243.18309638,1391302551.32762,0.2254711864406779,72713.42713666799,False,False,0.15957065352047697,402642.9583542132,-2.0436680233300256e-05,1.3057431078443664,0.009436092833057432,0.07536860253636013,8.696673056831616e-05,0.02020596998766889,0.1496930233935755,0.2104379187819901,0.1800654710877828,-70.25415087755852,2.0312481352746553e-05,27023.74170739441,1.0,0.2511893899204244,0.2855291038220542,0.37955972826774914,0.20127118644067787,0.1114058355437666,0.09655172413793112,-0.05729442970822274,0.12042440318302394,-0.006952491309385911,-0.3631885356023288,-0.11438556823162292
2020-12-18,1608249600,0.0003469,0.0002356,0.0002894,238856756.0,59410.6,0.0002487,multiply,ETH,2020-12-18 01:00:00,-0.14063579820317906,6069,64254,4,23,24,71044,0,5076944.06864312,1391302551.32762,-0.14143579820317906,59403.67521719999,False,False,0.1856961082932784,346016.9445151791,-3.3021218208749295e-05,1.0603218048641159,0.006230240830413525,0.07953588477592745,5.226284323800225e-05,0.020781116850114613,0.06688907971638793,0.07183675136972179,0.06936291554305485,-120.28422352401455,1.942333943225188e-05,26843.37862788606,1.0,0.2511893899204244,0.2664401570038879,0.36022174231143944,0.18451969592259843,0.30847457627118635,0.2915254237288135,0.20635593220338977,0.2635593220338983,-0.0399295361127423,-0.42209893666204334,-0.12899050481342605
2020-12-19,1608336000,0.0002635,0.0002371,0.0002487,204294956.13,52481.94,0.0002569,multiply,ETH,2020-12-19 01:00:00,0.032971451548049924,6072,64256,2,8,6,71050,0,4083240.80325649,1391302551.32762,0.03217145154804992,52483.374229797,False,False,0.17977446334914163,357425.6254360656,-6.501322078872648e-05,1.0501528865004306,0.005457251679563908,0.0796053982965148,4.269644669343511e-05,0.019656500971041203,0.05649385333137617,0.024589353329340317,0.04054160333035824,-42.10472324582862,1.929370330146477e-05,27336.8610852121,0.8593642017968209,0.2511893899204244,0.2544011462710072,0.34845004019103015,-0.16365098512263776,0.39115411195577054,0.39668279198341394,0.3724948168624741,0.3880442294402211,-0.07236842105263164,-0.308087891538102,-0.12899050481342605
2020-12-20,1608422400,0.000268,0.0002297,0.0002569,211434359.99,53972.43,0.0002553,multiply,ETH,2020-12-20 01:00:00,-0.006228104320747274,6072,64256,0,5,3,71053,0,1585964.65634667,1391302551.32762,-0.0070281043207472745,53979.19210544701,False,False,0.1809011344864649,355199.54135394143,-9.408594454227913e-05,1.0602163925970702,0.0067976232113117095,0.07968015611100929,3.7722473936180085e-05,0.019776524434176553,0.07513238596597985,0.024589353329340317,0.04986086964766008,-38.10033538038425,1.9648394275656644e-05,27799.075110821468,0.8876986869384935,0.2511893899204244,0.25687860186602607,0.3507510915745034,0.03191903464383039,0.2874949738640932,0.3341375150784077,0.1347004422999597,0.27905106554081216,-0.08190148911798412,-0.4538043478260869,-0.12899050481342605
2020-12-21,1608508800,0.0002553,0.000231,0.0002553,209202904.55,50869.78,0.0002432,multiply,ETH,2020-12-21 01:00:00,-0.0473952213082649,6074,64257,1,6,4,71057,0,1590389.7694,1391302551.32762,-0.0481952213082649,50878.14638656,False,False,0.1899045163870171,338364.7804828772,-5.9932094390337846e-05,1.0835636336820116,0.005900056041274225,0.07975828475777508,3.879759442253487e-05,0.019242513149350708,0.03571110104731301,0.13858839024929623,0.08714974564830462,-26.334667018988217,1.9980611035532713e-05,28562.328425791933,0.8821700069108501,0.2511893899204244,0.2508523329007036,0.3450065694661335,-0.00626713670191914,0.3152977812378358,0.37368625924484233,0.2378357337485404,0.26469443363176337,-0.10024154589372003,-0.29345150172328904,-0.12899050481342605
2020-12-22,1608595200,0.0003632,0.0002549,0.0002432,344896861.36,112087.1,0.000325,multiply,ETH,2020-12-22 01:00:00,0.3363486842105263,6087,64267,10,30,34,71091,0,2580971.64372844,1391302551.32762,0.33564868421052635,112091.479942,False,False,0.14212912582954865,452173.3291814765,-9.72069337515314e-06,1.2569529054123274,0.007093563029835695,0.08619523635409151,3.656871493408148e-05,0.019334281413415522,0.059189541868776605,0.17544264813544655,0.11731609500211157,-57.44772363757626,2.0529200064024144e-05,27905.243692963104,0.8403593642017969,0.33564868421052635,0.327472382360123,0.4178217108800532,-0.04975328947368429,0.2616529573051313,0.34860947904426165,0.1793967880924403,0.2863298080689385,-0.28775637041640767,-0.5987791342952278,-0.12899050481342605
2020-12-23,1608681600,0.0003336,0.0002751,0.000325,290361525.72,84967.04,0.0002926,multiply,ETH,2020-12-23 01:00:00,-0.09969230769230764,6088,64267,0,8,9,71100,0,4330302.75982448,1391302551.32762,-0.10039230769230764,84959.782425672,False,False,0.15786727920233531,407095.1265184616,-2.713833173417778e-05,1.3694071382563648,0.0004124541300840807,0.08431435439660999,8.056585523762547e-05,0.017298921724838802,0.059189541868776605,0.13141057937944173,0.09530006062410917,-34.679077579826284,2.0056919802479434e-05,28293.801385422197,1.0,0.33564868421052635,0.3003509520495897,0.39059254494606893,0.25169230769230766,0.0296052631578948,0.311266447368421,0.3252467105263158,0.14802631578947367,-0.3553818400481059,-0.7801724137931034,-0.12899050481342605
2020-12-24,1608768000,0.0003062,0.0002572,0.0002926,251354979.67,66181.16,0.0002633,multiply,ETH,2020-12-24 01:00:00,-0.1001367053998633,6088,64267,0,6,5,71105,0,45695533.3135883,1391302551.32762,-0.1010367053998633,66181.766147111,False,False,0.17543473564224576,366329.96176456235,-3.477119313267913e-05,1.4580048810747304,0.0026401479346693456,0.07761773600229624,6.106492246751146e-05,0.01715511191004713,0.041864532627123675,0.2153568452074917,0.1286106889173077,-49.76950348196483,2.0336196004545134e-05,29628.917143930958,0.9003076923076924,0.33564868421052635,0.2770003584512624,0.366703768274122,-0.11073137388926857,0.10953846153846158,0.4978461538461538,0.46615384615384614,0.30646153846153845,-0.1922388059701492,-0.7315397824842587,-0.12899050481342605
2020-12-25,1608854400,0.0003322,0.0002633,0.0002633,268476367.42,87510.3,0.000326,multiply,ETH,2020-12-25 01:00:00,0.2381314090391189,6091,64272,5,14,14,71119,0,15296287.7017378,1391302551.32762,0.23723140903911888,87523.29577892,False,False,0.14170417070320152,453564.6317328041,-1.6394865002432786e-05,1.5550503117982983,0.004771287208652922,0.08164119256372461,4.7568205839886154e-05,0.01715472212825222,0.041864532627123675,0.23172630613376222,0.13679541938044296,-23.83400852382843,2.1295811695061014e-05,29860.810935896337,0.8101538461538462,0.33564868421052635,0.30452404259864546,0.39212103694895856,-0.11127990884922134,0.15003417634996596,0.3978127136021873,0.4101161995898839,0.3174982911825017,-0.22120098039215685,-0.7704142011834321,-0.12899050481342605
2020-12-26,1608940800,0.0003753,0.0003244,0.000326,291483265.17,107534.18,0.0003689,multiply,ETH,2020-12-26 01:00:00,0.1315950920245399,6097,64280,8,20,20,71139,0,4055306.79344772,1391302551.32762,0.13069509202453988,107528.17652121301,False,False,0.12524074181802192,513251.5111847591,-1.8860410555112966e-05,1.792741446904858,-0.0033287461770124802,0.0788888789525639,6.29074500692914e-05,0.017217006922554776,0.03287571937767127,0.2276381002090837,0.13025690979337748,-36.47413785586088,2.146248557325099e-05,29864.8396911963,1.0,0.33564868421052635,0.3254685038553675,0.41029727105670366,0.19233128834355828,0.024306874287884472,0.32700341815419676,0.35320926699582234,0.2430687428788455,-0.0629965947786606,-0.7972620599739244,-0.12899050481342605
2020-12-27,1609027200,0.0004583,0.0003146,0.0003689,454061299.72,145967.36,0.0003215,multiply,ETH,2020-12-27 01:00:00,-0.12849010571970731,6107,64295,15,26,49,71188,0,5193821.34839148,1391302551.32762,-0.12939010571970733,145980.70785998,False,False,0.1437390075290495,447303.7702518299,-1.4055990041298596e-05,1.5447430915145883,0.0025308194926443968,0.07710585832387358,7.728597666884647e-05,0.019455972723805757,0.03287571937767127,0.2876379209316607,0.16025682015466597,-54.89525940824337,2.1465381244861823e-05,30466.158772889044,1.0,0.33564868421052635,0.3554024315524946,0.43719040980279134,0.11629167796150719,0.21687116564417175,0.46042944785276074,0.487116564417178,0.4254601226993865,-0.02483069977426644,-0.878808395396073,-0.13554726800397582
2020-12-28,1609113600,0.0003575,0.0002772,0.0003215,307935852.66,87620.1,0.0002845,multiply,ETH,2020-12-28 01:00:00,-0.11508553654743403,6110,64298,3,13,32,71220,0,11110097.8921425,1391302551.32762,-0.11598553654743403,87607.75008177,False,False,0.16244023611027644,395825.57585270784,-2.4679090936765742e-05,1.6707154812870668,-0.009373720768933053,0.08168106222421476,0.00010492376925542262,0.020064975424056088,0.0,0.30933361829430506,0.15466680914715253,-85.83665035494141,2.1897579892897756e-05,30562.232229926805,0.8715098942802927,0.33564868421052635,0.30432261916120656,0.38728051975230393,-0.14743390357698294,0.3407427487123882,0.48902141501762,0.526701002981838,0.5077256709135267,-0.2234223990903923,-1.1429567642956764,-0.13554726800397582
2020-12-29,1609200000,0.0002926,0.0002487,0.0002845,274695464.26,68324.18,0.0002487,multiply,ETH,2020-12-29 01:00:00,-0.1258347978910369,6112,64302,4,17,20,71240,0,8248318.73988306,1391302551.32762,-0.1266347978910369,68316.76196146199,False,False,0.18583482982342558,346016.9445151791,-3.034080217866598e-05,1.699954383134594,-0.010704690224027305,0.08296349485674477,6.296815167784479e-05,0.019638645635411074,0.0,0.282888904713479,0.1414444523567395,-43.38184834934934,2.1966632779307034e-05,31485.57486751434,0.7712117104906477,0.33564868421052635,0.28147894319968575,0.36338933660929285,-0.13005272407732882,-0.010886469673405896,0.265940902021773,0.48491446345256617,0.33063763608087093,-0.038726790450928306,-0.9891146589259798,-0.13554726800397582
2020-12-30,1609286400,0.0002634,0.0001656,0.0002487,358396656.57,70123.1,0.0001957,multiply,ETH,2020-12-30 01:00:00,-0.2131081624447123,6116,64304,2,21,25,71265,0,7952205.38036077,1391302551.32762,-0.2137081624447123,70138.22569074901,False,False,0.23617046335688344,272277.90929481527,-2.2041553261891885e-05,1.4836700632855242,-0.015496967564122114,0.10150510269842644,4.910273606288741e-05,0.02227046284684767,0.0459486991961241,0.14448088956131278,0.09521479437871844,-48.18577688046468,2.2630286157004395e-05,31830.7567671271,0.6741664407698562,0.33564868421052635,0.2847556353705818,0.3653860436536237,-0.14394853236831517,-0.028471001757469416,-0.017223198594024547,0.4344463971880491,0.31177504393673106,0.11228813559322026,-0.8530612244897959,-0.1410529148182001
2020-12-31,1609372800,0.0002064,0.0001622,0.0001957,382194715.89,70433.71,0.0001843,multiply,ETH,2020-12-31 01:00:00,-0.058252427184465994,6116,64304,0,7,7,71272,0,4204894.39626373,1391302551.32762,-0.059052427184465996,70438.486138527,False,False,0.2507789456263814,256417.06020968038,-4.036102526977212e-05,1.474320748174366,-0.01410086413667856,0.1010908334865137,5.041191480876761e-05,0.019792110255182255,0.1046682603479506,0.0402582189986622,0.0724632396733064,-71.22431205067203,2.2878385967705798e-05,32196.37037150755,0.5304960693955001,0.33564868421052635,0.2868802611281961,0.36535965133084886,-0.2708226877874296,-0.05870526739043047,0.0,0.33132287897064727,0.1576196220345797,0.43296475466482376,-0.6916771752837327,-0.1410529148182001
2021-01-01,1609459200,0.0001973,0.000168,0.0001843,299852424.45,52577.32,0.0001753,multiply,ETH,2021-01-01 01:00:00,-0.048833423765599626,6116,64305,1,7,5,71277,0,5071450.672,1391302551.32762,-0.04963342376559963,52564.130006085,False,False,0.2636581770100979,243895.3372477318,-5.7441077917394014e-05,1.4864288526855565,-0.016424114852304866,0.10178677519255983,5.06277272842723e-05,0.01987873775613447,0.058719561151826506,0.14625440582144042,0.10248698348663346,-66.3903243528394,2.3141171085171133e-05,33050.67797482575,0.49959338574139334,0.33564868421052635,0.26021268656465596,0.3377127494375018,-0.061855670103092786,-0.6658150229943791,-0.3127235564639754,0.1440981093510475,0.1614716402657128,0.30237233614796943,-1.0802469135802468,-0.1410529148182001
2021-01-02,1609545600,0.0002325,0.0001782,0.0001753,318803255.86,69171.38,0.000217,multiply,ETH,2021-01-02 01:00:00,0.23787792355961201,6119,64306,1,7,5,71282,0,14507452.474335,1391302551.32762,0.23707792355961202,69180.30652162,False,False,0.21299537871335594,301912.65363809356,-2.075731859721755e-05,1.5807539105560597,-0.01674279301520268,0.10212727802859106,3.778051722533451e-05,0.020262040610936657,0.0,0.10599618682277823,0.05299809341138911,-47.006477142548846,2.375520546791771e-05,32942.93491882308,0.4751965302249932,0.33564868421052635,0.28852758295411257,0.3631072111091064,-0.05134055904164292,-1.0016277807921865,-0.3852414541508411,0.11448724905046115,0.05860010851871955,0.3281432463993772,-1.036908077994429,-0.1410529148182001
2021-01-03,1609632000,0.0003034,0.0002153,0.000217,280240776.16,63081.83,0.0002251,multiply,ETH,2021-01-03 01:00:00,0.037327188940092126,6119,64306,0,6,4,71286,0,13651919.4703677,1391302551.32762,0.036527188940092124,63082.198713616,False,False,0.2053309514917736,313182.2043038473,-5.212299759539549e-05,1.8743170204744177,-0.020702624765558526,0.10318045774866237,4.97234095169352e-05,0.0227623896238269,0.0,0.0,0.0,-145.06148745701475,2.367776504642215e-05,33054.425685102404,0.588235294117647,0.33564868421052635,0.28190481562482844,0.3541400746622466,0.19216589861751143,-0.833998859098688,-0.38733599543639463,-0.005134055904164159,0.01540216771249292,0.33294163728946347,-1.889554794520548,-0.1410529148182001
2021-01-04,1609718400,0.0002608,0.0001878,0.0002251,433039169.18,99380.41,0.0002295,multiply,ETH,2021-01-04 01:00:00,0.019546868058640587,6119,64306,0,7,5,71291,0,13936908.300254,1391302551.32762,0.018646868058640586,99382.48932681,False,False,0.20139432322787906,319303.9355296888,-3.959389861979397e-05,1.531465703571866,-0.007890598657727312,0.10524591841665652,4.5340388870430224e-05,0.023897171581358696,0.03770229205669299,0.06313176534526625,0.050417028700979624,-113.1812071914858,2.3757899138157215e-05,32515.629393307914,0.6101924640824071,0.33564868421052635,0.32774284137672205,0.3963698091898343,0.03598400710795202,-0.3110599078341014,-0.4976958525345623,0.1834101382488479,0.21520737327188943,0.3125,-1.2805232558139532,-0.1410529148182001
2021-01-05,1609804800,0.0002427,0.0002096,0.0002295,416966639.66,87398.75,0.0002096,multiply,ETH,2021-01-05 01:00:00,-0.08671023965141611,6119,64306,0,3,2,71293,0,151896.94026427,1391302551.32762,-0.0875102396514161,87396.20767273601,False,False,0.2205152537251825,291617.0147582691,-2.79781395884635e-05,1.6515063569638253,-0.018456601214416,0.11165183124431653,7.143125643805974e-05,0.02411681907781063,0.07459028908811113,0.188735689246062,0.13166298916708657,-152.60094187322963,2.3370638803386502e-05,31563.945639948568,0.6221198156682027,0.33564868421052635,0.31691110002643397,0.38363661441922753,0.019172113289760317,-0.10484229231452669,-0.2998667258996002,0.21856952465570856,0.257219013771657,0.4627692307692308,-1.2872260015117156,-0.1410529148182001
2021-01-06,1609891200,0.0002542,0.0001816,0.0002096,496950930.37,96256.61,0.0001937,multiply,ETH,2021-01-06 01:00:00,-0.07585877862595425,6119,64307,1,4,3,71296,0,7482548.42963875,1391302551.32762,-0.07675877862595425,96259.395212669,False,False,0.23862011322522625,269495.30419215997,-2.6790962456424057e-05,1.2591826806893502,-0.016098581855140015,0.11609518334791134,6.281610537502436e-05,0.025599769212712217,0.11787414450241186,0.2467961338601259,0.18233513918126887,-117.04608012045219,2.268661522242546e-05,30735.319354838797,0.5681756573597181,0.33564868421052635,0.32890653556054905,0.3923822276110518,-0.09494274809160297,0.147276688453159,-0.1472766884531591,0.17864923747276684,0.23921568627450984,0.43403964456596045,-1.5508196721311474,-0.1410529148182001
2021-01-07,1609977600,0.0002451,0.0001961,0.0001937,405846262.38,99472.92,0.0002451,multiply,ETH,2021-01-07 01:00:00,0.26535880227155406,6120,64310,3,9,6,71302,0,3986886.96575407,1391302551.32762,0.26445880227155405,99472.918909338,False,False,0.18858780981032452,341008.25533039967,-1.3337020894711972e-05,1.742046700904005,-0.024002762932177506,0.11886307749852663,6.918652964505497e-05,0.02532810431210612,0.08835076845133427,0.12808828175372777,0.10821952510253102,-153.71892772742598,2.209103931097538e-05,30049.652350224576,0.5250745459474112,0.33564868421052635,0.3342261111878166,0.3951816146056938,-0.08208569953536404,0.12070610687022898,-0.5553435114503817,-0.12595419847328237,0.20992366412213748,0.38890998860615267,-1.2624633431085046,-0.1410529148182001
2021-01-08,1610064000,0.0002556,0.0002191,0.0002451,425311614.78,93167.23,0.0002191,multiply,ETH,2021-01-08 01:00:00,-0.10607915136678903,6122,64311,1,12,8,71310,0,7714072.82097234,1391302551.32762,-0.10687915136678902,93185.77479829799,False,False,0.2109702918093958,304834.38899588154,-2.407631161911596e-05,1.6161740894172947,-0.026577488375811992,0.12114802447862527,7.149625278442719e-05,0.02531496562140685,0.007364620980340555,0.006896071794397662,0.007130346387369108,-192.5172665084196,2.1598215515058428e-05,29136.137955975824,0.6644076985632962,0.33564868421052635,0.32966551428145136,0.3887855137101799,0.20971032231742148,0.09499225606608153,-0.9044914816726899,-0.4940629839958699,0.16933402168301492,0.489877300613497,-1.557073954983923,-0.1410529148182001
2021-01-09,1610150400,0.0003072,0.0002304,0.0002191,426254594.02,109117.77,0.000256,multiply,ETH,2021-01-09 01:00:00,0.16841624828845259,6123,64313,2,9,8,71318,0,3707536.63121581,1391302551.32762,0.1676162482884526,109121.17606911999,False,False,0.18056651733318269,356173.4531398707,-1.63242072686846e-05,1.45453944143275,-0.01580503419060459,0.1286776956164008,6.69773621196752e-05,0.026867556154587014,0.0,0.0,0.0,-184.68526693522392,2.0941626196382164e-05,28435.754938349328,0.5939278937381404,0.33564868421052635,0.34740471883569884,0.4039034709120515,-0.11866727521679588,0.11464708282333747,-0.31170950632394945,-0.014687882496939864,0.32150142798857606,0.5459474112225535,-1.0626223091976512,-0.1410529148182001
2021-01-10,1610236800,0.0002511,0.000226,0.000256,431278564.16,102897.37,0.0002386,multiply,ETH,2021-01-10 01:00:00,-0.06796874999999991,6124,64314,1,6,4,71322,0,8544049.36855775,1391302551.32762,-0.0687687499999999,102903.065408576,False,False,0.1937374148710094,331964.7887467701,-2.612854366955527e-05,1.3751332899911168,-0.01270330438242744,0.12880158986478696,7.843094657232785e-05,0.027052736101086314,0.0,0.0,0.0,-75.05921741984031,2.0438225252455065e-05,27753.734825774678,0.6939550013553808,0.33564868421052635,0.3432692475435751,0.39825210808578404,0.1441406249999999,-0.027384755819260587,-0.2984938384299405,-0.17252396166134187,0.2355089000456413,0.4923794712286158,-1.314087759815242,-0.1410529148182001
2021-01-11,1610323200,0.0002394,0.0001959,0.0002386,460832759.95,100311.31,0.0002177,multiply,ETH,2021-01-11 01:00:00,-0.0875943000838223,6125,64314,0,18,19,71341,0,6517840.49843155,1391302551.32762,-0.0884943000838223,100323.291841115,False,False,0.21233691864135434,302886.5654240229,-2.4271924355806577e-05,1.3718597927490066,-0.013346102304769973,0.12872343533160155,7.39616737641881e-05,0.027630455471314222,0.08618547937391297,0.023863845371376927,0.055024662372644945,-149.56158361377805,1.9948022663576144e-05,26733.89617612941,0.6467877473570073,0.33564868421052635,0.3424617749642156,0.3960223995145501,-0.07292539815590948,0.103515625,0.028515625000000044,0.0027343749999998446,0.36249999999999993,0.38066783831282947,-0.9986902423051736,-0.1410529148182001
2021-01-12,1610409600,0.0002415,0.000189,0.0002177,452349834.37,99746.94,0.0002205,multiply,ETH,2021-01-12 01:00:00,0.012861736334405016,6124,64314,0,8,6,71347,0,6099782.57918333,1391302551.32762,0.011961736334405016,99743.138478585,False,False,0.2096405768173372,306782.2125677402,-4.364709811085458e-05,1.222352331622563,-0.007562334333341328,0.1294547094212973,7.210745911835186e-05,0.028461336261059993,0.10009016263702258,0.023863845371376927,0.061977004004199754,-345.2890647133264,1.9215012687656737e-05,25077.925609529448,0.5901328273244781,0.33564868421052635,0.3443058668809358,0.3955744804522947,-0.09600367478180982,0.12154233025984917,0.17979882648784573,-0.019279128248113953,0.2615255658005029,0.2874949738640932,-0.5987858719646797,-0.1410529148182001
2021-01-13,1610496000,0.0002486,0.0002147,0.0002205,461408864.78,104263.64,0.000226,multiply,ETH,2021-01-13 01:00:00,0.024943310657596474,6126,64316,2,5,4,71351,0,1084241.815,1391302551.32762,0.024043310657596472,104278.40344027999,False,False,0.20454506500034955,314434.3766000421,-3.539706670674513e-05,1.212345022199643,-0.010828444796240748,0.13105684393473513,7.169047335060752e-05,0.028787507720193107,0.05262778737442904,0.09809733031843079,0.07536255884642992,-147.71170750357453,1.8024782306047944e-05,23717.26050142724,0.5977229601518026,0.33564868421052635,0.3523867571134528,0.4004296299626323,0.012698412698412653,0.11024345429490134,0.15342214056040426,-0.49288011024345413,0.18603582912264582,0.10117526826775691,-0.780722891566265,-0.1410529148182001
2021-01-14,1610582400,0.0002711,0.0001971,0.000226,438639187.42,91876.79,0.0002095,multiply,ETH,2021-01-14 01:00:00,-0.07300884955752207,6126,64316,0,7,6,71357,0,11218836.58817,1391302551.32762,-0.07390884955752207,91894.90976449,False,False,0.2206548195230501,291477.8845031364,-2.8480082575553923e-05,1.1204813277675416,-0.014646738000840282,0.13165172923581184,7.495019925089233e-05,0.02940815269049783,0.03872310411131942,0.09809733031843079,0.06841021721487511,-125.77456419490314,1.7046802996800058e-05,22705.921160140144,0.6126321496340471,0.33564868421052635,0.3429587498049799,0.38804399225176917,0.02433628318584069,-0.11156462585034022,0.20498866213151923,-0.32698412698412715,0.20226757369614512,-0.022788931090613085,-0.994754098360656,-0.1410529148182001
2021-01-15,1610668800,0.0001987,0.0001754,0.0002095,518473248.39,96980.21,0.000187,multiply,ETH,2021-01-15 01:00:00,-0.10739856801909309,6126,64317,1,2,1,71358,0,718.71,1391302551.32762,-0.10819856801909308,96954.49744893,False,False,0.24720803979148165,260173.57709826494,-2.301294410119643e-05,1.0144549325913799,-0.01748680218789949,0.12900754166286163,6.604955167860599e-05,0.027024969834994132,0.0025868196170873536,0.010669717756654434,0.006628268686870894,-104.07129314429088,1.6319901906651082e-05,21865.284581848013,0.5679045811873136,0.33564868421052635,0.35104234657108585,0.39333420006991987,-0.07875894988066823,0.03053097345132738,0.039823008849557584,-0.16504424778761062,0.165929203539823,-0.34626354820308025,-0.8323281061519905,-0.1410529148182001
2021-01-16,1610755200,0.0002088,0.0001843,0.000187,514125603.32,101058.17,0.0001966,multiply,ETH,2021-01-16 01:00:00,0.051336898395722086,6127,64318,1,6,4,71362,0,3615183.88368868,1391302551.32762,0.050536898395722084,101077.09361271201,False,False,0.23514049945033136,273530.0815910101,-2.937703699473361e-05,0.5665621109286385,-0.011994085684614277,0.1256161281449432,6.968613502247464e-05,0.02655217868443972,0.02142239866053926,0.053891730155162194,0.03765706440785073,-117.33474587753474,1.5715693585829728e-05,21918.13185029753,0.5069124423963133,0.33564868421052635,0.35747181787632093,0.3974188063310679,-0.1203208556149733,-0.22195704057279242,-0.07446300715990462,-0.5560859188544154,-0.12649164677804303,-0.33364055299539164,-0.766398158803222,-0.1410529148182001
2021-01-17,1610841600,0.0001974,0.0001851,0.0001966,494732143.79,91554.88,0.0001851,multiply,ETH,2021-01-17 01:00:00,-0.058494404883011275,6128,64319,1,6,4,71366,0,3019834.39023298,1391302551.32762,-0.05929440488301128,91574.919815529,False,False,0.2497533276221676,257530.10225074246,-3.1000018106076034e-05,0.692632704714306,-0.012011115443363942,0.1242398929545516,7.264925484127187e-05,0.02443041637656643,0.02764527122201417,0.08411123544472843,0.0558782533333713,-60.676580542239805,1.5753677609074052e-05,21363.570508069268,0.5329357549471402,0.33564868421052635,0.34640386414089974,0.3879023608762153,0.04883011190233988,-0.2759358288770053,-0.2272727272727273,-0.9727272727272729,-0.5475935828877005,-0.10484229231452669,-0.7634105025409375,-0.1410529148182001
2021-01-18,1610928000,0.0002013,0.0001887,0.0001851,500406390.25,100746.62,0.0002013,multiply,ETH,2021-01-18 01:00:00,0.08752025931928675,6129,64320,1,3,2,71368,0,277168.49,1391302551.32762,0.08672025931928676,100731.806357325,False,False,0.22965752455932092,280069.2035822499,-2.4181885200195087e-05,0.6753921106131712,-0.00975086169351519,0.1249456723970468,6.581955860581556e-05,0.024276754810998287,0.018077921108365414,0.06198529561114235,0.04003160835975388,-54.392367243801615,1.5355086129672907e-05,20486.354227365537,0.5017619951206289,0.33564868421052635,0.3556129799749024,0.3973662933413549,-0.06212857914640746,-0.10732451678535093,-0.06612410986775163,-0.6353001017293998,-0.26500508646998955,-0.11938997821350772,-0.7691020635805914,-0.1410529148182001
2021-01-19,1611014400,0.0002325,0.0001778,0.0002013,545219574.64,111850.43,0.0002051,multiply,ETH,2021-01-19 01:00:00,0.018877297565822238,6131,64321,1,8,6,71374,0,3770886.05493846,1391302551.32762,0.01817729756582224,111824.534758664,False,False,0.22540603824826605,285356.1532772949,-3.550021714358912e-05,0.6465741808861365,-0.008037089047259794,0.12544269642913705,7.240107930600995e-05,0.024907708772147902,0.0470136346779579,0.02746648891346503,0.03724006179571146,-42.58280333736924,1.47245861137945e-05,19827.53589041565,0.545676335050149,0.33564868421052635,0.36579755113476525,0.40767484132544873,0.0804769001490312,-0.19124797406807126,-0.04646137223122637,-0.537007023230686,-0.3878984332793085,-0.21803435114503822,-0.7220751720487029,-0.1360152365856168
2021-01-20,1611100800,0.0002204,0.0001929,0.0002051,538585194.59,111305.36,0.0002067,multiply,ETH,2021-01-20 01:00:00,0.007801072647489082,6131,64321,0,3,2,71376,0,2061048.2929064,1391302551.32762,0.007001072647489082,111325.55972175302,False,False,0.22366124066143867,287582.23735941906,-4.359730189512103e-05,0.6116069681095482,-0.006238017762220346,0.1254431574597701,8.037398813935753e-05,0.025006137176379027,0.03774540574815475,0.0063704163485433585,0.022057911048349053,-50.83166760141914,1.4251059822678866e-05,18713.048770647678,0.555977229601518,0.33564868421052635,0.36438362904514876,0.40720003228953155,0.018527547537786515,-0.12270243417784399,-0.2175856929955291,-0.2354694485842026,-0.2682563338301045,-0.25554981930820864,-0.9182217343578483,-0.1360152365856168
2021-01-21,1611187200,0.0002112,0.0001556,0.0002067,539131345.17,107863.04,0.0002001,multiply,ETH,2021-01-21 01:00:00,-0.03193033381712629,6132,64322,1,6,4,71380,0,1086159.98,1391302551.32762,-0.03263033381712629,107880.182168517,False,False,0.23104196499573934,278399.6405206568,-3.1926149441194336e-05,0.5299361124944069,-0.013896026637432637,0.11317937909144493,8.001534936849144e-05,0.025697290651753055,0.0,0.0,0.0,-75.9998471457983,1.3450021171017879e-05,18582.910128921914,0.5603144483599891,0.26445880227155405,0.36109835777838956,0.4041413236800567,0.00774068698597008,-0.021452949780594865,-0.06825938566552914,0.04583130180399797,-0.18576304241833252,-0.3259893920848633,-0.7852316602316602,-0.1360152365856168
2021-01-22,1611273600,0.0002346,0.0001975,0.0002001,571213360.63,112831.55,0.0001975,multiply,ETH,2021-01-22 01:00:00,-0.012993503248375893,6132,64323,1,8,5,71385,0,3649793.444,1391302551.32762,-0.013693503248375892,112814.638724425,False,False,0.23408716934974944,274782.253887205,-3.849948770541863e-05,0.5815895367545006,-0.013177158497687701,0.11245782811471337,7.753898105453389e-05,0.026049094477873326,0.0,0.0,0.0,-137.1262780349772,1.3356483901499053e-05,18870.249060537644,0.5424234209812957,0.26445880227155405,0.3660586104695183,0.40835467539932446,-0.03298350824587715,0.09530720851475571,-0.23850991775520058,0.10836961780358012,-0.5723270440251571,-0.3354632587859425,-0.5754214729370009,-0.1360152365856168
2021-01-23,1611360000,0.0002098,0.0001851,0.0001975,592860291.4,117063.82,0.0001975,multiply,ETH,2021-01-23 01:00:00,0.0,6133,64324,1,3,2,71387,0,890839.63,1391302551.32762,-0.0007000000000000001,117089.9075515,False,False,0.2340908085949549,274782.253887205,-inf,0.5679246593081745,-0.008920062119084266,0.11117992229864909,8.10856262836391e-05,0.02594856873954458,0.0,0.027174112176146147,0.013587056088073073,-125.0419568995207,1.3563009025269968e-05,18619.59311846013,0.5353754404987802,0.26445880227155405,0.36825305457250435,0.4127924826918814,-0.013164556962025342,0.017491254372813625,-0.19240379810094943,0.12393803098450773,-0.46226886556721625,-0.028515625000000044,-0.7110665998998498,-0.1360152365856168
2021-01-24,1611446400,0.0002228,0.0001949,0.0001975,467021342.89,91042.54,0.0001949,multiply,ETH,2021-01-24 01:00:00,-0.013164556962025342,6133,64325,1,5,3,71390,0,1114620.197,1391302551.32762,-0.013864556962025341,91022.459729261,False,False,0.2372173086117582,271164.8672537531,-4.7573172074163356e-05,0.4794402266207603,-0.01563146492233642,0.10306549139531958,8.415847972086986e-05,0.026034154047592906,0.0,0.027174112176146147,0.013587056088073073,-28.29508751930271,1.3382849834274213e-05,18581.727153971653,0.5353754404987802,0.26445880227155405,0.3413116474909533,0.3882691643190533,0.0,0.06278481012658232,-0.10227848101265824,-0.09873417721518973,-0.3331645569620254,-0.366303436714166,-0.5930757651781235,-0.1360152365856168
2021-01-25,1611532800,0.0001978,0.0001714,0.0001949,371050070.5,68490.57,0.0001846,multiply,ETH,2021-01-25 01:00:00,-0.05284761416110828,6133,64325,0,3,2,71392,0,316126.41333333,1391302551.32762,-0.05354761416110828,68495.8430143,False,False,0.25045316060905565,256834.45097507865,-4.2927316197335714e-05,0.3600269939814767,-0.020106497685510885,0.10113435795294004,6.542247740608598e-05,0.026153940714673182,0.026865935055536697,0.010566346025621629,0.018716140540579164,-22.61053042831309,1.3355633637155659e-05,19045.57215251192,0.5283274600162645,0.26445880227155405,0.3123325948005207,0.3611469862413801,-0.01334017444843516,-0.019240506329113893,-0.1164556962025316,-0.139746835443038,-0.650632911392405,-0.6945337620578778,-0.8013881473571811,-0.1360152365856168
2021-01-26,1611619200,0.0002052,0.0001779,0.0001846,582835898.93,111642.68,0.0001916,multiply,ETH,2021-01-26 01:00:00,0.037919826652221156,6135,64326,1,6,4,71396,0,324792.865499995,1391302551.32762,0.037419826652221155,111671.35823498799,False,False,0.24130674425553103,266573.568834372,-2.9302779376316294e-05,0.4175915598376005,-0.014981964208373395,0.0995776961182405,4.92314507358154e-05,0.024087798681650854,0.026865935055536697,0.010566346025621629,0.018716140540579164,-56.02448685422632,1.3689022660339478e-05,16790.645568569278,0.5004066142586066,0.26445880227155405,0.3625450047185663,0.40942458895716216,-0.05579631635969662,-0.05233453052847614,-0.15956900974858912,-0.1775269368907133,-0.8927655207798872,-0.4580498866213152,-0.8645374449339207,-0.1360152365856168
2021-01-27,1611705600,0.0001738,0.0001614,0.0001916,640130030.42,111261.9,0.0001738,multiply,ETH,2021-01-27 01:00:00,-0.09290187891440504,6137,64329,3,8,5,71401,0,469378.884713904,1391302551.32762,-0.09340187891440505,111254.59928699599,False,False,0.26603296002384336,241808.38342074034,-2.135832067588476e-05,0.45216532057348696,-0.013454365812923655,0.09821174619107875,8.026389237080607e-05,0.02362449849350937,0.0,0.06279070780140782,0.03139535390070391,-56.96087618357234,1.2068292085389458e-05,17075.16036968506,0.5193819463269178,0.26445880227155405,0.3681139945720462,0.4090945987745854,0.0365344467640919,-0.11971830985915499,-0.1348862405200435,-0.1354279523293609,-0.7416034669555798,-0.2588495575221239,-0.5631970260223047,-0.1360152365856168
2021-01-28,1611792000,0.0001863,0.000173,0.0001738,379846933.87,70768.98,0.0001863,multiply,ETH,2021-01-28 01:00:00,0.07192174913693905,6137,64329,0,0,0,0,0,0.0,1391302551.32762,0.07142174913693905,70765.483779981,False,False,0.2481831908327642,259199.66531233562,-3.7195768726838796e-05,0.5029996894129544,-0.008069145541326579,0.09594907728717039,7.996434649015321e-05,0.02346494753680573,0.011318400797353946,0.07177476325486613,0.04154658202611004,-103.80610334236104,1.2272787362742535e-05,16959.020625513127,0.4711303876389265,0.26445880227155405,0.32018544748330446,0.365443828276545,-0.10241657077100119,-0.044363256784968774,0.024008350730688965,-0.01096033402922747,-0.4848643006263047,-0.18711217183770867,-0.6618998978549542,-0.1360152365856168
2021-01-29,1611878400,0.0002207,0.0001655,0.0001863,269714076.93,48356.2,0.0001793,multiply,ETH,2021-01-29 01:00:00,-0.037573805689747775,6138,64329,0,5,3,71404,0,5231987.73417308,1391302551.32762,-0.038273805689747774,48359.733993549,False,False,0.2578724397777132,249460.54745304227,-6.78549664683838e-05,0.606183579015368,-0.0021524768510734786,0.085732919894802,5.086275714254573e-05,0.022051231815116513,0.15424952456742153,0.08833188616505055,0.12129070536623604,-81.46076455534202,1.218931181383255e-05,18364.056742386336,0.5050149091894822,0.26445880227155405,0.28122800324112424,0.3286196450550526,0.06709608158883529,-0.13636363636363646,-0.13118527042577677,-0.41024165707710014,-0.4309551208285385,-0.04652406417112309,-0.4023866348448686,-0.1360152365856168
2021-01-30,1611964800,0.0002207,0.0001655,0.0001793,435108026.84,90024.94,0.0002069,multiply,ETH,2021-01-30 01:00:00,0.1539319576129392,6138,64329,0,3,2,71406,0,22735968.7506595,1391302551.32762,0.1532319576129392,90023.85075319599,False,False,0.2234728296382019,287860.4978696846,-2.0786098264315258e-05,0.6685854081886555,0.0047738456741261825,0.08908238919487163,3.4758603689328956e-05,0.02216928619561147,0.1429311237700676,0.07934783071159224,0.11113947724082991,-212.24070361728587,1.3199182826814221e-05,17889.946809453137,0.486039577121171,0.26445880227155405,0.3430311414069577,0.3904374655535133,-0.03904071388733965,-0.060118089103596395,0.006441223832528209,-0.1760601180891037,-0.05045625335480408,0.06256358087487279,-0.7879341864716634,-0.1360152365856168
2021-01-31,1612051200,0.0003417,0.000184,0.0002069,690070878.43,154169.15,0.0002234,multiply,ETH,2021-01-31 01:00:00,0.07974867085548576,6139,64333,4,25,27,71433,0,2161171.97339032,1391302551.32762,0.07904867085548575,154161.834241262,False,False,0.2069803198561158,310816.9899665903,-1.640402902762102e-05,0.6454816677039453,0.0100887380238543,0.08977566653733204,6.470472627775511e-05,0.02859029252180941,0.031672026684800854,0.05925978133099626,0.04546590400789856,-41.378703851147435,1.2858415872508857e-05,19336.046568907714,0.560856600704798,0.26445880227155405,0.39816910098819724,0.4442921574035322,0.13339777670372155,-0.08700501952035689,-0.12269938650306744,-0.4277746793084216,-0.02788622420524267,0.05294435440302536,-0.7521613832853029,-0.1360152365856168
2021-02-01,1612137600,0.0002474,0.0002062,0.0002234,404414110.93,88943.28,0.0002199,multiply,ETH,2021-02-01 01:00:00,-0.015666965085049278,6141,64334,1,6,4,71437,0,9399068.48403328,1391302551.32762,-0.016266965085049278,88930.66299350701,False,False,0.21027795455563597,305947.4310369436,-4.6735296670881464e-05,0.43529999454150636,0.0033686855432049365,0.08340909753876605,0.00011080396143466886,0.028405917431761532,0.08558849339736899,0.05925978133099626,0.07242413736418263,-23.73536745099225,1.3897801416706033e-05,18699.71112596189,0.6055841691515316,0.26445880227155405,0.33569589807397937,0.38933466874774736,0.07385854968666083,0.10778153697438375,0.008699855002416546,-0.15321411309811506,0.15273078782020288,-0.0779930452061599,-0.7665121668597914,-0.1360152365856168
2021-02-02,1612224000,0.0002574,0.0002119,0.0002199,204708901.66,46486.32,0.0002271,multiply,ETH,2021-02-02 01:00:00,0.032742155525238736,6145,64336,2,10,9,71446,0,2637308.94747968,1391302551.32762,0.03234215552523874,46489.391566986,False,False,0.2036176121032166,315964.8094065025,-7.354563603208655e-05,0.4142008928377323,0.0027903594669451753,0.08327808953154077,6.391899656091831e-05,0.026168298049471257,0.10714055878575096,0.13128717657712952,0.11921386768144024,-41.267047411376396,1.3440434726521635e-05,19922.80709531116,0.5960965031173759,0.26445880227155405,0.2702080136179359,0.32710946737847457,-0.01591632560254652,0.14234556848701885,0.07475380483437777,0.025514771709937323,0.02864816472694731,-0.09751340809361286,-0.8326482677627716,-0.12815021719680564
2021-02-03,1612310400,0.0002501,0.0002001,0.0002271,310720348.84,62164.7,0.0002001,multiply,ETH,2021-02-03 01:00:00,-0.11889035667106995,6145,64336,0,3,2,71448,0,939592.24346491,1391302551.32762,-0.11919035667106995,62175.141802884,False,False,0.231092252416994,278399.6405206568,-3.42508842176602e-05,0.27918612669151915,-0.002811115373882662,0.08675298367543374,3.341429333441854e-05,0.025278559969089558,0.11290365883727171,0.1795369817044361,0.1462203202708539,-50.886971516044554,1.4319536089616351e-05,20884.119424926277,0.615613987530496,0.26445880227155405,0.2984196882781058,0.3564493369763606,0.031704095112285224,0.20964074579354253,0.09004092769440653,-0.0027285129604364133,-0.02364711232378358,-0.11030478955007239,-0.7709330143540669,-0.12815021719680564
2021-02-04,1612396800,0.0002396,0.0001917,0.0002001,420191462.92,87259.98,0.0002077,multiply,ETH,2021-02-04 01:00:00,0.037981009495252405,6145,64336,0,3,2,71450,0,3140296.10275862,1391302551.32762,0.0376810094952524,87273.76684848401,False,False,0.2226363009563818,288973.5399107467,-3.7475969153200525e-05,0.30724724356607436,0.002301350812652493,0.08479643318154731,4.4688440874024655e-05,0.02584888494251792,0.1105530627158075,0.059575058061951035,0.08506406038887927,-73.85469831049618,1.5010480218697266e-05,20885.807152129244,0.5424234209812957,0.26445880227155405,0.3323877851176368,0.3907397900383784,-0.1349325337331333,0.17965653896961686,0.1303390576838397,0.004843681197710281,-0.010568031704095038,-0.047476261869065395,-0.9352806414662085,-0.12815021719680564
2021-02-05,1612483200,0.000241,0.0002066,0.0002077,387259852.79,86665.81,0.0002238,multiply,ETH,2021-02-05 01:00:00,0.07751564756860851,6145,64336,0,3,2,71452,0,7157110.71305084,1391302551.32762,0.07731564756860851,86668.755054402,False,False,0.2066200165712265,311373.5109871214,-2.9506313518481343e-05,0.47770599401932445,0.007882573714903142,0.08303065506079195,6.272810091895895e-05,0.02440369619142204,0.108715500031983,0.03761942263514262,0.0731674613335628,-85.11448068854304,1.5011693274190735e-05,20952.214201134142,0.5630252100840336,0.26445880227155405,0.33168999279935596,0.39176876166238517,0.03659123736157921,0.10394802598700659,0.012993503248375893,-0.04697651174412787,-0.047476261869065395,0.019240506329114004,-0.8146135265700483,-0.12815021719680564
2021-02-06,1612569600,0.0002519,0.0002015,0.0002238,222081361.46,48477.74,0.0002183,multiply,ETH,2021-02-06 01:00:00,-0.02457551385165324,6145,64337,1,5,3,71455,0,4554386.02722523,1391302551.32762,-0.02477551385165324,48480.361206718,False,False,0.2118290355454355,303721.34695481946,-7.64434218597747e-05,-0.030634838931086622,-0.0015502441416319988,0.07085316984754167,6.229324813046612e-05,0.024942374732915395,0.1258727547783265,0.026294169700498166,0.07608346223941233,-45.94009199511798,1.5059423402293734e-05,22578.385977857415,0.6066684738411493,0.1676162482884526,0.2735341229004454,0.3361661749773869,0.0719392314566577,0.003851709195955788,0.06162734713529139,0.09966297544535396,0.06740491092922496,-0.241012658227848,-0.9192044748290864,-0.12815021719680564
2021-02-07,1612656000,0.0002583,0.0002099,0.0002183,291975632.36,66000.97,0.000226,multiply,ETH,2021-02-07 01:00:00,0.03527256069628959,6143,64337,0,7,4,71459,0,2404157.47646214,1391302551.32762,0.03507256069628959,65986.49291336,False,False,0.2046118515910114,314434.3766000421,-5.068688737690257e-05,0.159486189241474,0.003539009010875334,0.0688151564577372,3.484530461074529e-05,0.025430483847114955,0.06803075069806211,0.0,0.034015375349031055,-79.61340396367953,1.6228235876023145e-05,23130.21981694125,0.5917592843589048,0.1676162482884526,0.3040361697648624,0.36749894800406896,-0.025194686211635453,0.0017873100983020196,0.17515638963360147,0.12153708668453966,-0.0951742627345844,-0.12416623909697289,-0.708959711365003,-0.12815021719680564
2021-02-08,1612742400,0.000298,0.0002454,0.000226,232620322.65,61162.98,0.0002629,multiply,ETH,2021-02-08 01:00:00,0.16327433628318588,6144,64337,0,6,7,71466,0,6131903.64901486,1391302551.32762,0.16287433628318587,61155.882824685,False,False,0.1758930333190132,365773.4407440313,-2.9634490821123044e-05,0.2932261384814965,-0.00039272165022120523,0.06172916386433467,4.742785302189939e-05,0.024641355434830065,0.08378894531842583,0.041463863963166606,0.06262640464079622,-61.637960239921085,1.6624866960007906e-05,23616.255361435342,0.6126321496340471,0.16287433628318587,0.29670517562881027,0.36157601129233635,0.034070796460176966,-0.007329363261566746,0.12230874942739345,0.15208428767750803,-0.003664681630783484,-0.38678223185265437,-0.7570149253731342,-0.12815021719680564
2021-02-09,1612828800,0.0003012,0.0002481,0.0002629,204882907.3,58090.04,0.0002835,multiply,ETH,2021-02-09 01:00:00,0.07835678965386084,6144,64339,2,7,6,71472,0,986088.83615193,1391302551.32762,0.07795678965386084,58084.30421955,False,False,0.163117163885096,394434.2733013803,-4.384114934587105e-05,0.48258271538093117,0.0043793145071286885,0.06350432432132883,4.395584753749523e-05,0.024931939493620162,0.1219442684871484,0.09390113560634768,0.10792270204674803,-235.71758549357068,1.6974205458690528e-05,24253.152252291813,0.7126592572512875,0.16287433628318587,0.2926963710025166,0.35798059466806903,0.14035755039939146,-0.004867256637168138,0.23097345132743363,0.10929203539823007,-0.1327433628318584,-0.24530271398747394,-1.0049019607843137,-0.12328479934205178
2021-02-10,1612915200,0.0003137,0.0002614,0.0002835,314675733.0,93241.57,0.0002963,multiply,ETH,2021-02-10 01:00:00,0.04514991181657835,6145,64339,0,5,3,71475,0,7412888.9321359,1391302551.32762,0.04464991181657835,93238.4196879,False,False,0.15607059048742736,412242.9459583738,-3.322414689793644e-05,0.36451124020454995,0.009433606838413173,0.0630793575752875,4.174814756439879e-05,0.0247417508048279,0.03815532316872256,0.14996432461482206,0.09405982389177231,-158.64956487451624,1.7431975690081764e-05,24185.397256624405,0.7685009487666034,0.16287433628318587,0.3404314354321135,0.4058646079464361,0.07266313932980606,0.23887409661468229,0.2913655382274629,0.2198554583491822,0.09243058197033094,-0.25258918296892996,-0.8416572077185016,-0.12328479934205178
2021-02-11,1613001600,0.0003397,0.0003039,0.0002963,320157658.75,108745.1,0.0003397,multiply,ETH,2021-02-11 01:00:00,0.14647316908538643,6145,64339,0,3,2,71477,0,15673324.0927819,1391302551.32762,0.14597316908538643,108757.556677375,False,False,0.13613104492618402,472625.47668599256,-1.7662340642420583e-05,0.40014747533547407,0.011777811683288144,0.06554878772872158,6.701520068293504e-05,0.023842161456804414,0.0,0.19774414372176533,0.09887207186088266,-107.83348274158091,1.738327672406409e-05,24363.472125466815,0.8031986988343723,0.16287433628318587,0.3560397503830372,0.4226373336321406,0.0431994600067499,0.26737213403880067,0.3675485008818342,0.27089947089947086,0.23209876543209873,-0.18357487922705307,-0.8064334085778779,-0.12328479934205178
2021-02-12,1613088000,0.0004059,0.0003321,0.0003397,278035309.09,107715.44,0.0003874,multiply,ETH,2021-02-12 01:00:00,0.14041801589637903,6146,64339,0,3,2,71479,0,36044601.3680425,1391302551.32762,0.14011801589637904,107710.87874146599,False,False,0.11936942684931524,538990.6083843199,-1.8225935023557535e-05,0.46763930300915685,0.017002079166633644,0.06991436100747166,7.816959479704504e-05,0.023877530178497672,0.0,0.35942889798902944,0.17971444899451472,-111.70479686312635,1.7511268201311433e-05,24438.13392186377,0.9208457576579019,0.16287433628318587,0.35449273449436014,0.4235186474090409,0.12775978804827792,0.24468444144448198,0.301721228484644,0.32467094161322974,0.2558218022274722,-0.26045733407696603,-0.923820352472996,-0.12328479934205178
2021-02-13,1613174400,0.0005271,0.0003635,0.0003874,229341312.82,120878.74,0.0005271,multiply,ETH,2021-02-13 01:00:00,0.36060918946824994,6147,64340,1,6,5,71484,0,36706439.3377358,1391302551.32762,0.3603091894682499,120885.80598742199,False,False,0.0877337027363931,733355.5748047885,-8.437388296985874e-06,0.4493324260278625,0.0323972876626921,0.0910125121704541,7.741729405921468e-05,0.023315813750055026,0.0,0.2879091377231826,0.1439545688615913,-85.6355521382767,1.7564931436763493e-05,25054.280605020536,1.0,0.3603091894682499,0.3656805734255799,0.4365189028129408,0.12312854930304584,0.3573741536649986,0.34236090668236685,0.41860465116279066,0.3347070944951428,-0.012566457225712924,-0.9448275862068967,-0.12328479934205178
2021-02-14,1613260800,0.0005589,0.0004507,0.0005271,218177188.28,110142.13,0.0005048,multiply,ETH,2021-02-14 01:00:00,-0.04230696262568767,6148,64341,1,11,8,71492,0,14323355.0903889,1391302551.32762,-0.042606962625687674,110135.844643744,False,False,0.09161084283534246,702329.5279101826,-2.871729558733397e-05,0.3809882786836619,0.03373191631009082,0.0900758726407422,8.688678524456766e-05,0.023685385290917713,0.07142553433169722,0.06637074185304531,0.06889813809237127,-35.29162822103853,1.8007787437112825e-05,25267.84777736235,1.0,0.3603091894682499,0.3545339304095052,0.42750432855906445,0.26503509770442035,0.4166236448115642,0.43236964377903975,0.4901910170366546,0.4592152813629323,0.1629364368845122,-0.5211864406779663,-0.12328479934205178
2021-02-15,1613347200,0.0005872,0.0004093,0.0005048,197443121.86,101885.78,0.000516,multiply,ETH,2021-02-15 01:00:00,0.022187004754357975,6149,64344,3,11,10,71502,0,3888328.15466849,1391302551.32762,0.021887004754357973,101880.65087976,False,False,0.08962656921718042,717912.1164850519,-3.737950729643919e-05,0.42323672784166433,0.03202007413397742,0.08988674412896278,7.916024055202751e-05,0.025417870401055004,0.07142553433169722,0.12156068860087688,0.09649311146628706,-45.78045121460026,1.8161289040439882e-05,25278.372517527954,0.9576930373743123,0.3603091894682499,0.34607668882621834,0.420340369034505,-0.04417591125198084,0.5012331625877442,0.5691519635742743,0.6302409409979131,0.6452286093720356,0.10595725329695316,-0.15549412577747068,-0.12328479934205178
2021-02-16,1613433600,0.0006418,0.0004992,0.000516,172466610.53,101467.95,0.0005883,multiply,ETH,2021-02-16 01:00:00,0.14011627906976765,6150,64345,1,6,4,71506,0,6043113.38105957,1391302551.32762,0.13981627906976765,101462.10697479901,False,False,0.07861300096378238,818503.2909460389,-1.9369621772244254e-05,0.35308704277616915,0.038795424687441245,0.09000023021007933,7.322681237272411e-05,0.02610979569509824,0.07063287370994659,0.18459402932030158,0.1276134515151241,-74.28274205315904,1.8168853707201658e-05,25340.77287274208,0.9789413773477519,0.3603091894682499,0.345627539707593,0.4194344185352617,0.021705426356589008,0.438391442155309,0.6036053882725831,0.634310618066561,0.6105388272583201,0.18494055482166438,-0.32167269802975484,-0.12328479934205178
2021-02-17,1613520000,0.0006109,0.0004813,0.0005883,143109638.81,71527.31,0.0004998,multiply,ETH,2021-02-17 01:00:00,-0.15043345232024485,6150,64346,1,8,5,71511,0,1483164.25005587,1391302551.32762,-0.15073345232024485,71526.197477238,False,False,0.09253450823913816,695373.0151535445,-2.6483086430805072e-05,0.17522254571762924,0.03249004492250237,0.09710072422869868,7.292598355259322e-05,0.026756674010713462,0.07063287370994659,0.1929890544684253,0.13181096408918594,-102.70877735479762,1.8213704020424023e-05,25542.638458180936,1.0,0.3603091894682499,0.3107102987376127,0.38438108230125606,0.12289648138704756,0.42577519379844964,0.5974806201550387,0.6286821705426356,0.6412790697674418,-0.0059970014992503096,-0.13273647333592842,-0.12815021719680564
2021-02-18,1613606400,0.0005431,0.0004461,0.0004998,45942005.99,21386.3,0.0004655,multiply,ETH,2021-02-18 01:00:00,-0.06862745098039225,6151,64346,0,3,2,71513,0,1741481.38263157,1391302551.32762,-0.06892745098039224,21386.003788345,False,False,0.09935284042517992,647651.337643007,-0.0001252717754445082,0.15382909715107956,0.029830588194107176,0.09846617392699276,5.140952081844865e-05,0.026285120742329787,0.04228427268891648,0.12177777203316882,0.08203102236104265,-111.084157143812,1.8358795097304635e-05,28105.58787767526,0.8495665476797551,0.3603091894682499,0.1925461972104015,0.2645238389626006,-0.1770708283313327,0.4225735169131396,0.6195818459969404,0.7045724970253273,0.6578276389597144,0.01251805488685609,-0.2236584410497453,-0.12815021719680564
2021-02-19,1613692800,0.0005089,0.0004502,0.0004655,129414504.6,60798.0,0.0004698,multiply,ETH,2021-02-19 01:00:00,0.00923737916219114,6151,64346,0,0,0,0,0,0.0,1391302551.32762,0.00893737916219114,60798.934261079994,False,False,0.0984434806682019,653633.9386137158,-7.704899980485938e-05,0.10508377191547799,0.029739127582997647,0.09874533711364708,1.537121007069086e-05,0.026276150641373258,0.04228427268891648,0.11523807655092422,0.07876117461992035,-59.98143150848266,2.020091737117575e-05,28165.375054491913,0.7912629610742817,0.3603091894682499,0.2960382772291898,0.3672572269071019,-0.0736842105263158,0.22488995598239303,0.5632252901160464,0.6272509003601441,0.5896358543417367,0.07640750670241281,-0.23725328947368407,-0.12815021719680564
2021-02-20,1613779200,0.0004596,0.000383,0.0004698,130488006.28,52479.04,0.0004022,multiply,ETH,2021-02-20 01:00:00,-0.14389101745423583,6152,64348,2,7,4,71517,0,1876067.39749062,1391302551.32762,-0.14419101745423582,52482.276125816,False,False,0.11499300029780556,559581.8861439688,-3.6940072578564275e-05,-0.12775868451712752,0.02981860401606179,0.10241605202357106,4.369929042612906e-05,0.024542793740952664,0.05635993182583597,0.24008567234890865,0.14822280208737232,-135.24295573575262,2.0243889459999712e-05,28498.71446750691,0.798572157062723,0.3603091894682499,0.2835083320460033,0.3528410793184184,0.009152830991911443,-0.13233082706766908,0.514500537056928,0.6148227712137486,0.5559613319011815,0.0833715071003206,0.07107692307692293,-0.1360152365856168
2021-02-21,1613865600,0.0005031,0.000387,0.0004022,229360047.32,115399.39,0.0005031,multiply,ETH,2021-02-21 01:00:00,0.25087021382396824,6152,64349,1,5,3,71520,0,1377061.08010929,1391302551.32762,0.2505702138239682,115391.039806692,False,False,0.09193182959790394,699964.3135729256,-1.1983768863644408e-05,-0.28152141467912684,0.04301319564833291,0.10785025495964162,3.772168467292462e-05,0.02422849688559598,0.06923212910190854,0.3052498958824613,0.18724101249218494,-91.19247906620939,2.048347747246825e-05,28588.037177548118,0.683664796872344,0.3603091894682499,0.3621002690075399,0.43153508377360095,-0.16807558428642455,-0.07449978714346539,0.4404001702852277,0.5595998297147722,0.574074074074074,0.1261061946902654,-0.06117566643882433,-0.1360152365856168
2021-02-22,1613952000,0.0004623,0.0003378,0.0005031,195396954.51,69485.89,0.0003556,multiply,ETH,2021-02-22 01:00:00,-0.293182269926456,6153,64350,1,3,2,71522,0,13558800.0638916,1391302551.32762,-0.29348226992645604,69483.15702375601,False,False,0.130066429194695,494747.1872521017,-1.765839138969902e-05,0.00489026494079986,0.02741488880237572,0.12102333581307624,8.293741695261223e-05,0.024625577504647125,0.012872197276072566,0.2134372794438567,0.11315473835996463,-48.37963413284508,2.0547678253208556e-05,28048.857055725046,0.8551759306476288,0.3603091894682499,0.3124554435817588,0.3803982390392233,0.20055654939375867,-0.28294380905022365,0.2951268025857783,0.44455494778717053,0.5089507707608155,0.2487637885127425,-0.2609191036840106,-0.14295116879126027
2021-02-23,1614038400,0.000363,0.0002841,0.0003556,204570458.07,64570.21,0.0003156,multiply,ETH,2021-02-23 01:00:00,-0.11248593925759298,6152,64352,2,9,5,71527,0,6213357.88675384,1391302551.32762,-0.11278593925759298,64562.43656689199,False,False,0.1465559560313362,439095.0851989968,-3.3842078547671404e-05,0.233591670344603,0.020811118696357593,0.12252617972374065,4.9941083596413464e-05,0.025009025143712,0.043834000255499654,0.1364431537838866,0.09013857701969313,-262.2476991266244,2.0160142040248565e-05,28194.317640240974,0.6044535101138875,0.3603091894682499,0.30771653663688525,0.3731445668215833,-0.4147919010123735,-0.16935002981514602,0.41105148081892273,0.5629099582587955,0.6074339097594912,0.31252204585537924,0.024539877300613577,-0.14295116879126027
2021-02-24,1614124800,0.0003738,0.0003088,0.0003156,164265994.12,58731.24,0.0003575,multiply,ETH,2021-02-24 01:00:00,0.13276299112801038,6153,64352,0,5,3,71530,0,8404279.21117647,1391302551.32762,0.13246299112801038,58725.0928979,False,False,0.1293791880377334,497390.66209962417,-3.438376445915901e-05,0.0928697971558613,0.02859084821049302,0.12211815624520196,4.6404311201244256e-05,0.02504236638649536,0.12531149429089009,0.12007353865155626,0.12269251647122317,-303.2504665981471,2.026469197036774e-05,28403.963318393635,0.5364609892911779,0.3603091894682499,0.29935718121323346,0.36390769569682524,-0.1267427122940432,-0.405511811023622,0.044713160854893186,0.361361079865017,0.45191226096737913,0.3769827877151536,0.08864190837625385,-0.14295116879126027
2021-02-25,1614211200,0.0003705,0.0003112,0.0003575,168530996.22,59938.25,0.0003557,multiply,ETH,2021-02-25 01:00:00,-0.005034965034965033,6156,64353,1,16,20,71550,0,4313178.90524567,1391302551.32762,-0.005434965034965033,59946.47535545401,False,False,0.13003592486482365,494886.31750723446,-8.826788674157687e-05,0.09895033362726496,0.02795480887673237,0.12210105695289603,4.220871502166288e-05,0.025330694559784168,0.13197221641745466,0.06878470583209616,0.10037846112477541,-121.6912906869133,2.04153749961069e-05,28098.362864923485,0.6076831548529662,0.3603091894682499,0.30153651870712583,0.36660776502422276,0.11720279720279736,-0.47496831432192654,-0.2275031685678075,0.36596958174904937,0.41508238276299114,0.4359729172799529,0.007776049766718529,-0.14295116879126027
2021-02-26,1614297600,0.0003615,0.0003181,0.0003557,165510538.96,57442.75,0.0003471,multiply,ETH,2021-02-26 01:00:00,-0.024177677818386423,6157,64355,2,7,5,71555,0,1267777.12358,1391302551.32762,-0.024577677818386424,57448.708073016,False,False,0.13326193021110322,482921.1155658169,-6.479389355394991e-05,0.08025735734780232,0.029228746302149028,0.12146870016058767,4.308658479656448e-05,0.02520621977163484,0.0684273173725905,0.042522795683443165,0.05547505652801683,-107.63630868141564,2.019572438655506e-05,27757.42003306956,0.6046234914159443,0.3603091894682499,0.29978333484923264,0.3653927440890049,-0.005060444194545877,-0.3141258741258741,-0.47440559440559427,0.419020979020979,0.4640559440559441,0.551368094992256,-0.16133567662565929,-0.14295116879126027
2021-02-27,1614384000,0.0003651,0.0003359,0.0003471,141090243.3,47385.57,0.0003359,multiply,ETH,2021-02-27 01:00:00,-0.03226735811005477,6157,64356,1,11,8,71563,0,2514339.29422044,1391302551.32762,-0.032667358110054764,47392.21272447,False,False,0.1377074567645192,467338.52699094755,-7.245281338792123e-05,0.1269912476708745,0.027349677026275162,0.12192916559389236,4.129131224419651e-05,0.025320102284652035,0.017932594990526286,0.057882425409740444,0.03790751020013337,-137.60492033252333,1.9950671409739492e-05,28276.81017058984,0.5900050994390617,0.3603091894682499,0.2835504174369044,0.34649114580743906,-0.02477672140593512,-0.13072814169243752,-0.41917346078155737,0.37081810514478497,0.5113859994377284,0.6465566306203756,-0.32649778850020117,-0.14295116879126027
2021-02-28,1614470400,0.0003414,0.0003272,0.0003359,145344082.84,47555.62,0.0003272,multiply,ETH,2021-02-28 01:00:00,-0.02590056564453702,6157,64356,0,3,2,71565,0,1035994.59369863,1391302551.32762,-0.026300565644537022,47556.583905248,False,False,0.14136899366504277,455234.1947943973,-7.68240729451246e-05,0.1963959075831655,0.02620089448397582,0.12200427008032011,3.4063196879246015e-05,0.024054526357165786,0.007628201165303988,0.06726856492189073,0.037448383043597364,-38.80247953263213,2.0323983553115256e-05,28304.62706877477,0.570967193608703,0.3603091894682499,0.28435292868675616,0.34668115232031027,-0.033343256921702924,-0.4494382022471912,-0.48660328435609324,0.3710746182656295,0.463267070008643,0.6448098256735342,-0.58048032703117,-0.14295116879126027
2021-03-01,1614556800,0.0003614,0.0003143,0.0003272,158183413.91,54688.4,0.0003457,multiply,ETH,2021-03-01 01:00:00,0.05654034229828864,6158,64357,1,8,5,71570,0,1400781.07695164,1391302551.32762,0.056240342298288636,54684.006188686995,False,False,0.13380576649733894,480973.29199395824,-5.253457222449504e-05,0.1815654155161462,0.021048485381092497,0.11958435264703034,3.4181338817979e-05,0.02332556021242468,0.05091892184983584,0.02928506324348284,0.04010199254665934,-79.89414150168193,2.0343976974501846e-05,28487.03985033032,0.5561788203297636,0.3603091894682499,0.2979828700433899,0.36034959734734356,-0.026589242053789652,-0.058648407264066726,-0.7514141113426618,0.32718070854420955,0.46621018160166716,0.599031007751938,-0.5274009766684753,-0.1360152365856168
2021-03-02,1614643200,0.0003573,0.0002977,0.0003457,173059822.97,56678.37,0.0003275,multiply,ETH,2021-03-02 01:00:00,-0.052646803586925084,6158,64357,0,9,8,71578,0,1704286.43818164,1391302551.32762,-0.05304680358692508,56677.092022674995,False,False,0.14124169000955747,455651.58555979555,-5.194602700623654e-05,0.21593801170285792,0.01694251587023836,0.11880739885508905,3.9304180198984025e-05,0.017065336760793384,0.05741939209132231,0.007650700120082356,0.032535046105702334,-96.96617308103188,2.047508633053766e-05,24714.544453656843,0.5876253612102669,0.3603091894682499,0.3027827322272342,0.3638543849469362,0.05351460804165464,0.03545232273838639,-0.5275061124694378,0.1965158924205379,0.36766503667481665,0.6202617712051675,-0.33086138049058755,-0.1360152365856168
2021-03-03,1614729600,0.0003608,0.0003294,0.0003275,155250445.0,53577.39,0.0003451,multiply,ETH,2021-03-03 01:00:00,0.05374045801526717,6158,64357,0,3,2,71580,0,1866296.137,1391302551.32762,0.05334045801526717,53576.9285695,False,False,0.13403840474682724,480138.5104631616,-5.456806187086146e-05,0.18187046308648058,0.01929404318362665,0.11848733806908224,4.0736712491896256e-05,0.01669210081422663,0.03610053170047741,0.007650700120082356,0.021875615910279884,-48.49310917935864,1.7763601763019503e-05,24765.489455830062,0.5566887642359339,0.3603091894682499,0.30578450339065993,0.3583424914337961,-0.05557251908396954,-0.0341336418860283,-0.34654324558866056,0.17992479028059005,0.3537749493780734,0.5600240096038416,-0.19170506912442398,-0.1360152365856168
2021-03-04,1614816000,0.0003538,0.0003231,0.0003451,57638788.17,19507.35,0.0003384,multiply,ETH,2021-03-04 01:00:00,-0.019414662416690764,6158,64357,0,3,2,71582,0,7641392.24174603,1391302551.32762,-0.019714662416690766,19504.965916728,False,False,0.13669223841054987,470816.7833692666,-0.00020208836665161796,0.18821637496383226,0.01972249231608891,0.11844589668617879,3.850846713274218e-05,0.016176973270803356,0.0604140141266496,0.048304657903063174,0.05435933601485639,-66.8559755305146,1.7800218530612293e-05,26119.0851790749,0.5866054733979261,0.3603091894682499,0.2074585014080195,0.2587281558899628,0.05099971022891914,-0.08610687022900776,-0.43450381679389305,0.09526717557251907,0.3285496183206107,0.5121374865735768,-0.13194135939582408,-0.1360152365856168
2021-03-05,1614902400,0.0003518,0.0003212,0.0003384,140069956.33,44997.12,0.0003212,multiply,ETH,2021-03-05 01:00:00,-0.05082742316784861,6158,64357,0,7,7,71589,0,1939723.37734454,1391302551.32762,-0.051227423167848604,44990.469973196006,False,False,0.14401199712991927,446886.37948643154,-6.62211185099345e-05,0.39253874862291027,0.019105067270950897,0.11626547421742126,1.4019212354721705e-05,0.015586882107965024,0.03844215383296265,0.048304657903063174,0.043373405868012915,-81.41931821464311,1.877311671293302e-05,26488.543110912997,0.5752167261601223,0.3603091894682499,0.28979137535139005,0.34040394860153306,-0.019799054373522473,-0.005795421616922702,-0.1654592871631413,0.015647638365691052,0.3419298753984352,0.574074074074074,-0.07581699346405224,-0.1360152365856168
2021-03-06,1614988800,0.0003633,0.0003468,0.0003212,152922328.7,53035.12,0.0003468,multiply,ETH,2021-03-06 01:00:00,0.0797011207970113,6158,64357,0,3,2,71591,0,1684363.58,1391302551.32762,0.0793011207970113,53033.46359316,False,False,0.1333813537431663,482503.72480041865,-4.769576526231879e-05,0.36911751423929007,0.02022135739709247,0.11666065661339592,3.233694204777015e-05,0.014931015759830434,0.0,0.15656551924812986,0.07828275962406493,-77.97932357114267,1.9038664944326366e-05,26468.607031111074,0.5459799422063573,0.3603091894682499,0.30633830139975365,0.35710467092139886,-0.0535491905354919,0.007387706855791931,-0.48670212765957466,-0.14479905437352247,0.4086879432624113,0.4835902536051716,-0.18129770992366412,-0.1360152365856168
2021-03-07,1615075200,0.0005006,0.0003625,0.0003468,187740147.32,87507.39,0.0004661,multiply,ETH,2021-03-07 01:00:00,0.3440023068050748,6158,64357,0,10,10,71601,0,1978131.267882,1391302551.32762,0.3436023068050748,87505.682665852,False,False,0.09924190834183667,648486.1191738037,-1.2194715626382308e-05,0.4141041057965375,0.028186799512413988,0.12780352794539018,3.811785117662149e-05,0.015388987047323215,0.0,0.15656551924812986,0.07828275962406493,-7.238753396155907,1.9024335868466553e-05,26487.522338355284,0.5894951555328913,0.3603091894682499,0.35714381164267167,0.4064558387198277,0.07381776239907734,-0.018679950186799354,-0.1070983810709838,-0.641033623910336,0.3533623910336239,0.5551580202742994,-0.21941146102219933,-0.1360152365856168
2021-03-08,1615161600,0.0006421,0.0004586,0.0004661,192973515.71,88501.51,0.0004586,multiply,ETH,2021-03-08 01:00:00,-0.01609096760351858,6163,64361,4,14,18,71619,0,3098893.07312117,1391302551.32762,-0.01649096760351858,88497.654304606,False,False,0.10087119163070732,638051.3500388465,-4.666222190051317e-05,0.41740875007286854,0.028877658261055008,0.1274696720835552,6.289479062792749e-05,0.017746419796728634,0.03521367200007259,0.1305557958342071,0.08288473391713984,-23.037531333056094,1.903793126310316e-05,26420.64646962652,0.7922828488866224,0.3603091894682499,0.35818595631976635,0.40780562886734567,0.25595365801330183,0.003171856978085419,0.08996539792387559,-0.455594002306805,0.3546712802768167,0.3861079865016873,-0.017135862913096656,-0.1360152365856168
2021-03-09,1615248000,0.0005616,0.0004306,0.0004586,152834959.4,68669.36,0.0004493,multiply,ETH,2021-03-09 01:00:00,-0.02027911033580454,6167,64364,3,12,9,71628,0,5277731.22567097,1391302551.32762,-0.02067911033580454,68668.74725842,False,False,0.10296390993684976,625112.2363114997,-5.676765815451241e-05,0.3740525111839128,0.025998386688362008,0.12819687857040285,6.360777116390612e-05,0.018399678927841872,0.03521367200007259,0.1305557958342071,0.08288473391713984,-57.68256708857545,1.8989864170388532e-05,26409.817601069426,0.7795342512323643,0.3603091894682499,0.331483356939885,0.38329679020696933,-0.016354121238552066,0.29736108131302297,0.23299721089894865,-0.10705857112207684,0.5316455696202531,0.2839036755386565,-0.1255134641716109,-0.1360152365856168
2021-03-10,1615334400,0.0004489,0.000413,0.0004493,131169530.65,56527.67,0.000431,multiply,ETH,2021-03-10 01:00:00,-0.04073002448252838,6167,64364,0,3,2,71630,0,4429688.44608187,1391302551.32762,-0.041030024482528384,56534.067710150004,False,False,0.1073356954399689,599651.3996222042,-5.6617007865755895e-05,0.39855702342222954,0.024361960005851602,0.12874614970870313,4.935572582174477e-05,0.017605770385950105,0.020753313352639493,0.003986757648300202,0.012370035500469848,-75.68900172791649,1.8982080911063113e-05,26477.68809262839,0.7637259901410844,0.3603091894682499,0.3122737359786186,0.3647222542428799,-0.02069886490095696,0.24749236807675534,0.22437854339293495,-0.28281726995202816,0.507195813344963,0.2646153846153847,0.02109374999999991,-0.1360152365856168
2021-03-11,1615420800,0.0004568,0.0004202,0.000431,122386592.51,53665.84,0.0004385,multiply,ETH,2021-03-11 01:00:00,0.01740139211136893,6168,64365,1,5,3,71633,0,1285777.87622686,1391302551.32762,0.01700139211136893,53666.520815635,False,False,0.10550149027492514,610086.1687571614,-7.54884983783264e-05,-0.15989780178626856,0.0232303028307449,0.12439304408000441,4.063391363453162e-05,0.017230274389351798,0.02729013592788919,0.1145415349508057,0.07091583543934744,-115.4294317206704,1.9030862889860035e-05,26558.03509367603,0.7326194118646948,0.3603091894682499,0.3072983002130758,0.36074090395483593,-0.04245939675174015,0.24682839973291792,0.22746494547073237,-0.11239706209659461,0.4148675717783219,0.20298003935901043,-0.08927074601844076,-0.1360152365856168
2021-03-12,1615507200,0.0005303,0.0004243,0.0004385,127827340.46,65531.11,0.0005127,multiply,ETH,2021-03-12 01:00:00,0.16921322690992024,6169,64367,2,7,5,71638,0,1238043.64607792,1391302551.32762,0.16891322690992025,65537.07745384201,False,False,0.09023569531384985,713320.8180656709,-2.7108252773251375e-05,-0.04111281602164485,0.026528579718316615,0.12825731408076194,3.857286164280005e-05,0.017227285608215716,0.0065368225752496945,0.2673873384147557,0.1369620804950027,-95.11595071479651,1.9088612371431078e-05,26222.870878738497,0.7453680095189529,0.3603091894682499,0.32702808265713895,0.381216316309555,0.017103762827822,0.2547563805104408,0.2206496519721578,-0.08004640371229699,0.34222737819025517,0.146355517142034,-0.17776757005052812,-0.1360152365856168
2021-03-13,1615593600,0.00073,0.0005379,0.0005127,128983764.82,86730.36,0.0006724,multiply,ETH,2021-03-13 01:00:00,0.31148819972693564,6169,64368,1,5,3,71641,0,1153694.78572926,1391302551.32762,0.3111881997269356,86728.683464968,False,False,0.06880511561323453,935511.8355126916,-1.3448766624479272e-05,0.14269080241886378,0.03163373362206303,0.1346447626326377,4.710483524327953e-05,0.01807297327221221,0.09723758974431283,0.24415286552693694,0.1706952276356249,-81.81325255910663,1.8847712780887157e-05,25404.672764399005,0.871494135645079,0.3603091894682499,0.3562730341768652,0.40945610364905083,0.14472401014238356,0.20912200684150506,0.25381984036488026,-0.07137970353477763,0.32428734321550745,-0.01131289074129227,-0.14648526077097523,-0.1360152365856168
2021-03-14,1615680000,0.0007025,0.0005546,0.0006724,142381781.18,81598.13,0.0005731,multiply,ETH,2021-03-14 01:00:00,-0.1476799524092801,6171,64371,3,8,6,71647,0,1824905.95874617,1391302551.32762,-0.1479799524092801,81598.998794258,False,False,0.08073061593286185,797355.4921658591,-2.3440334547559773e-05,-0.028467836566060445,0.023748618666725646,0.1300414232698564,6.233632173117849e-05,0.018262592688209584,0.09899372658293208,0.0873203044146867,0.09315701549880939,-96.16941337664733,1.8259632126856338e-05,24480.719282778544,1.0,0.3603091894682499,0.3524250359367993,0.403913646121172,0.23750743604997016,0.09089135946947546,0.32572654573824855,0.21552564852740397,0.33742929588453285,-0.1839853300733496,-0.04734513274336294,-0.14295116879126027
2021-03-15,1615766400,0.0006102,0.0005384,0.0005731,134128030.25,79443.21,0.0005923,multiply,ETH,2021-03-15 01:00:00,0.03350200663060554,6172,64372,1,5,4,71651,0,4681025.38075175,1391302551.32762,0.03330200663060554,79444.032317075,False,False,0.078114865341974,824068.5011513494,-4.274896230052028e-05,0.18922542948272458,0.012334597877032427,0.11558041243572796,5.8649356113373e-05,0.017375674356830285,0.042318513134744364,0.0884275903451266,0.06537305173993548,-33.68134701792325,1.7595539704443402e-05,22534.873992152043,0.8523200475907199,0.3436023068050748,0.3523319169912145,0.4020417497591679,-0.17326819054266274,0.317965496728138,0.512938726948245,0.25178465199286126,0.42385484830458064,-0.5247324269597917,-0.09832935560859202,-0.14295116879126027
2021-03-16,1615852800,0.00065,0.0005236,0.0005923,195970723.7,123848.4,0.000632,multiply,ETH,2021-03-16 01:00:00,0.06702684450447394,6170,64372,0,18,49,71700,0,3110657.71128001,1391302551.32762,0.06692684450447393,123853.49737839999,False,False,0.07320796636400508,879303.2124390558,-2.1821443340695847e-05,0.2486160959924819,0.014787693835256062,0.11384221700103027,5.710047195792696e-05,0.017441003520852493,0.04056237629612512,0.14007758195332426,0.0903199791247247,-120.75258256896961,1.6196961595915015e-05,23535.43264665662,0.8808744794765022,0.3436023068050748,0.40160248895471595,0.4459203714941245,0.03241600540266765,0.21601814692025822,0.3978363287384401,0.3795149188623277,0.08026522421915905,-0.5413740458015268,-0.24973262032085564,-0.14295116879126027
2021-03-17,1615939200,0.0007292,0.0006381,0.000632,162149464.84,112329.27,0.0006928,multiply,ETH,2021-03-17 01:00:00,0.09620253164556969,6173,64372,0,7,6,71706,0,1725640.9258664,1391302551.32762,0.09610253164556969,112337.149241152,False,False,0.06678324876162124,963894.4075597752,-2.0841721736668896e-05,0.2758219601572077,0.014392769988815692,0.11374846832228692,8.901981618607361e-05,0.01571056732107217,0.051266350610609225,0.10355473955116365,0.07741054508088643,-93.093538851054,1.6916114057433767e-05,24122.226210740744,0.9399167162403331,0.3436023068050748,0.3894918965847852,0.43497488320383365,0.06281645569620242,0.27232821205470203,0.4286679047779842,0.4671619111936519,0.1477291912881986,-0.4952187771660388,-0.13479145473041698,-0.14295116879126027
2021-03-18,1616025600,0.0007637,0.0006394,0.0006928,110904689.67,80763.63,0.0007282,multiply,ETH,2021-03-18 01:00:00,0.05109699769053111,6175,64373,1,14,12,71718,0,6763335.08257654,1391302551.32762,0.05099699769053111,80760.795017694,False,False,0.06353770048472847,1013146.5178767729,-3.682516419578229e-05,0.27620665275419387,0.014909428881593752,0.11412553157140089,8.074243027439052e-05,0.015377799960393665,0.051266350610609225,0.26382873841447313,0.1575475445125412,-97.03995251167481,1.7337872476207736e-05,23417.082491549052,1.0,0.3436023068050748,0.35532169823055415,0.4021742305566651,0.08775981524249432,0.30617088607594933,0.49177215189873413,0.43433544303797467,0.18354430379746833,-0.7384751773049647,-0.1869259859535386,-0.137530607173698
2021-03-19,1616112000,0.00114,0.000742,0.0007282,195989825.52,202175.89,0.001032,multiply,ETH,2021-03-19 01:00:00,0.41719307882449863,6175,64375,2,20,29,71747,0,2231605.62210487,1391302551.32762,0.41709307882449864,202261.49993664,False,False,0.04483487499499557,1435824.2329701039,-4.322157928491151e-06,0.43635425473232525,0.03407913098426939,0.12605136033648237,5.804689637105156e-05,0.01642867153153242,0.0,0.5075258585176089,0.25376292925880445,-73.5809224780412,1.683104977361237e-05,33809.81165564072,1.0,0.41709307882449864,0.44864418425135966,0.49227197410725143,0.04861301840153798,0.25995958429561195,0.4994226327944573,0.4865762124711316,0.1508371824480369,-0.5560398505603985,-0.06905116741182327,-0.137530607173698
2021-03-20,1616198400,0.001679,0.001029,0.001032,172605106.71,268007.64,0.001553,multiply,ETH,2021-03-20 01:00:00,0.5048449612403101,6178,64379,4,26,26,71773,0,2654934.83352615,1391302551.32762,0.5047449612403101,268055.73072063,False,False,0.02979553509243254,2160692.8622117937,-2.5498574585614617e-06,0.4190902915982808,0.050244496172939655,0.15152121279118447,0.00014537564079332449,0.01768275818879692,0.05548805978599943,0.2956018680461017,0.17554496391605057,-39.47937641464091,2.4300833505536554e-05,47859.5078690044,1.0,0.5047449612403101,0.45376071364664855,0.5108247978553974,0.29437984496124026,0.07662730019225494,0.35992859104641584,0.5233452348255974,0.31365009612743755,-0.34227220299884653,0.021452949780594865,-0.137530607173698
2021-03-21,1616284800,0.001552,0.001249,0.001553,128762150.67,174575.0,0.001356,multiply,ETH,2021-03-21 01:00:00,-0.12685125563425625,6179,64381,2,20,35,71808,0,2437559.54662319,1391302551.32762,-0.12695125563425624,174601.47630852,False,False,0.03412529756666952,1886606.2596002528,-1.1825444652955353e-05,0.7880781300334649,0.05122779922234066,0.14882323669150088,0.0001926653052313055,0.018090468390167105,0.061511463498365275,0.030841787539927945,0.046176625519146614,-8.117468477926693,3.4399065698065105e-05,50688.4963429723,1.0,0.5047449612403101,0.3891543381461376,0.45656513873996496,0.3354797166773986,0.44467054263565886,0.5556201550387596,0.6745155038759689,0.5489341085271318,-0.00793821068440237,0.0009675858732463016,-0.137530607173698
2021-03-22,1616371200,0.001379,0.001211,0.001356,113482690.61,145071.51,0.001278,multiply,ETH,2021-03-22 01:00:00,-0.05752212389380529,6179,64381,0,7,20,71828,0,3041251.31031337,1391302551.32762,-0.05772212389380529,145030.87859958,False,False,0.03620806220688879,1778084.6605966985,-1.968950108683282e-05,1.0122603305398614,0.053406063810437894,0.14759979680314927,0.00012549497314003367,0.01796428414536678,0.05136530938540355,0.04354875823924687,0.04745703381232521,-19.597946723701625,3.643240378924333e-05,51555.28569319007,0.8731487443657437,0.5047449612403101,0.36563681274816645,0.43626593728431906,-0.1452802359882006,0.6186091435930456,0.7106889890534449,0.7893110109465551,0.6974887314874436,0.1229829917139118,0.03998000999500251,-0.137530607173698
2021-03-23,1616457600,0.001352,0.001201,0.001278,117413198.65,152822.46,0.001302,multiply,ETH,2021-03-23 01:00:00,0.018779342723004744,6181,64382,1,9,10,71838,0,1664407.10292,1391302551.32762,0.018579342723004745,152871.9846423,False,False,0.03554118452483253,1811475.9218285612,-2.600213383695185e-05,1.01168092736166,0.04557669112007705,0.14597521859192616,0.00010424107859299723,0.017707282366258435,0.09153333475636116,0.08826834193674171,0.08990083834655144,-52.69030043690307,3.7055409439157976e-05,52695.50453309062,0.8229233741146169,0.5047449612403101,0.3665488271592802,0.4399117942006688,-0.06103286384976525,0.5339233038348083,0.6821533923303835,0.7450589970501476,0.7033923303834808,-0.11974182060983751,-0.04303797468354431,-0.137530607173698
2021-03-24,1616544000,0.001362,0.001156,0.001302,81376965.17,95341.06,0.001172,multiply,ETH,2021-03-24 01:00:00,-0.09984639016897079,6184,64385,3,17,18,71856,0,3228126.30490548,1391302551.32762,-0.1000463901689708,95373.80317924001,False,False,0.03948530589088411,1630606.5901559708,-2.415886014299648e-05,0.949177916760879,0.05034438424474254,0.14057007314223785,0.0001098768808383376,0.01738142810214939,0.05575890293646588,0.07556137123742279,0.06566013708694433,-36.86895539941766,3.7874942788545235e-05,52610.47647637291,0.8383773341918868,0.5047449612403101,0.3210892846819743,0.39416172237712765,0.018433179723502224,0.4579029733959311,0.6568857589984352,0.7437402190923318,0.606338028169014,0.17494199535962873,-0.069367088607595,-0.137530607173698
2021-03-25,1616630400,0.00127,0.001111,0.001172,103397409.03,127989.9,0.001238,multiply,ETH,2021-03-25 01:00:00,0.05631399317406127,6197,64387,2,32,36,71892,0,1817672.74095368,1391302551.32762,0.05611399317406127,128005.99237913999,False,False,0.03738143457671432,1722432.5585435936,-2.2474043399388103e-05,0.7115149450669372,0.0532198705721711,0.14007817547912074,6.855000954913197e-05,0.0167204774771913,0.009567473853142433,0.0,0.004783736926571217,-71.0784226728816,3.7813828793866956e-05,52898.27445584676,0.754668383773342,0.5047449612403101,0.34730124061834583,0.422340994116494,-0.11092150170648463,0.4407066052227342,0.606221198156682,0.7349462365591398,0.7268817204301075,0.28027366020524513,-0.12673165726013336,-0.137530607173698
2021-03-26,1616716800,0.001343,0.001258,0.001238,67352622.86,85869.04,0.001275,multiply,ETH,2021-03-26 01:00:00,0.02988691437802915,6199,64389,2,5,3,71895,0,3913365.75637139,1391302551.32762,0.02968691437802915,85874.5941465,False,False,0.03629776745712037,1773910.7529427158,-4.087745130546722e-05,0.5959395736999286,0.049143557092634814,0.14190783586163092,9.200442582168276e-05,0.016497411119616882,0.02838301265512777,0.03891030443903521,0.03364665854708149,-82.70922142443555,3.802068385871192e-05,52584.008182087,0.7971667739858339,0.5047449612403101,0.30824151512745673,0.38389411865800027,0.05331179321486257,0.11945392491467588,0.4262798634812287,0.7112627986348123,0.730716723549488,0.30271113711722253,-0.20151679306608883,-0.137530607173698
2021-03-27,1616803200,0.001354,0.001251,0.001275,55058504.46,68887.89,0.001251,multiply,ETH,2021-03-27 01:00:00,-0.018823529411764794,6199,64390,1,5,3,71898,0,1441903.06887355,1391302551.32762,-0.019023529411764793,68878.18907946,False,False,0.03699470204536895,1740519.4917108526,-5.767642384821714e-05,0.5217370446604866,0.04753823092528234,0.14211733447281039,6.172244424087059e-05,0.016068552934210053,0.02838301265512777,0.07061425958342898,0.04949863611927838,-40.14803959655461,3.779480468278439e-05,52432.028623719554,0.8209916291049583,0.5047449612403101,0.28720237513912056,0.36293727001082127,0.029019607843137396,-0.25444264943457195,0.537075928917609,0.7405492730210016,0.7112277867528272,0.47099940511600236,-0.12682672233820447,-0.136433124635245
2021-03-28,1616889600,0.001282,0.001147,0.001251,95299601.69,114129.41,0.001198,multiply,ETH,2021-03-28 01:00:00,-0.04236610711430844,6200,64393,3,16,10,71908,0,673321.9430611,1391302551.32762,-0.04256610711430844,114168.92282462001,False,False,0.03863316236355657,1666780.456490489,-2.76906054528619e-05,0.3378403904400862,0.048760194848368535,0.14199716856563238,4.950626232499502e-05,0.015940086988820712,0.033886631635240035,0.06396764658438246,0.04892713910981125,1.564908186575508,3.7685569234159343e-05,52197.05858895583,0.8055376690276883,0.5047449612403101,0.33347956980110494,0.4111955718048208,-0.01918465227817756,-0.06352941176470583,0.5354509803921569,0.728,0.7210196078431372,0.3943465363810854,-0.22209436133486782,-0.136433124635245
2021-03-29,1616976000,0.001362,0.001108,0.001198,76886145.78,90780.39,0.001181,multiply,ETH,2021-03-29 02:00:00,-0.014190317195325597,6201,64394,1,8,5,71913,2,150929915.999979,1391302551.32762,-0.014390317195325597,90802.53816618,False,False,0.03918987913841562,1643128.3131179193,-4.6862075890782204e-05,0.2057850249635942,0.0495887204352398,0.14206579215378737,8.205901923753163e-05,0.01647410743387921,0.05023291091428243,0.04108506253023118,0.04565898672225681,9.716987504214856,3.751668430360307e-05,51502.663056439065,0.7714101738570509,0.5047449612403101,0.31065148560419453,0.38962640293307105,-0.044240400667779456,-0.021582733812949728,0.49480415667466027,0.6274180655475619,0.7225419664268585,0.43288873881478984,-0.19753086419753085,-0.136433124635245
2021-03-30,1617062400,0.001271,0.001178,0.001181,77282698.34,93923.52,0.001215,multiply,ETH,2021-03-30 02:00:00,0.028789161727349688,6201,64394,0,3,2,71915,0,5269646.01,1391302551.32762,0.02868916172734969,93898.4784831,False,False,0.03809320762343116,1690432.5998630582,-3.778289434391349e-05,0.11108698356826141,0.05181690551888091,0.14162852734928894,6.526440857851778e-05,0.016529148633573444,0.016346279279042402,0.139610593552832,0.0779784364159372,-57.40060215659045,3.7017586870155427e-05,50754.97699358707,0.7604636188023182,0.5047449612403101,0.31270597413458767,0.3924421987318349,-0.014394580863674955,-0.08681135225375614,0.4217028380634391,0.6171953255425711,0.7196160267111853,0.48227848101265824,-0.18181818181818188,-0.12345885110082241
2021-03-31,1617148800,0.00165,0.001228,0.001215,140615709.09,215882.24,0.001535,multiply,ETH,2021-03-31 02:00:00,0.26337448559670773,6201,64395,1,15,14,71929,0,1899169.52093361,1391302551.32762,0.26327448559670774,215845.11345315,False,False,0.030152420855633178,2135649.4162878967,-6.181183991781521e-06,0.33669421976557545,0.06192191009256759,0.14606675471055208,6.74896185545692e-05,0.017028049056493397,0.0,0.4770296447874021,0.23851482239370106,-19.000872209139217,3.648018681857174e-05,54464.77270958599,0.7823567289117836,0.5047449612403101,0.3884565890253658,0.47001558416596734,0.027983539094650123,0.007620660457239525,0.38340389500423366,0.6195596951735817,0.7229466553767994,0.5010103926096998,-0.019816336394393508,-0.12345885110082241
2021-04-01,1617235200,0.003129,0.001535,0.001535,344254842.6,914462.9,0.002656,multiply,ETH,2021-04-01 02:00:00,0.7302931596091207,6207,64404,9,31,88,72017,0,2025836.31039424,1391302551.32761,0.7300931596091207,914340.8619456,False,False,0.017428627549604645,3695299.5763261323,-3.437549933843356e-07,-0.1641504473575578,0.08762973360011654,0.18898313811444495,0.00015513887561493083,0.020977701055112062,0.0,0.3462404223248126,0.1731202111624063,-45.34315372985648,3.9146605932415125e-05,155238.4148210305,0.9884095299420477,0.7300931596091207,0.5133431026755603,0.5993157540471813,0.20846905537459282,-0.018930041152263488,0.15061728395061724,0.6452674897119342,0.7154732510288065,0.5502609173304038,0.05416293643688452,-0.12345885110082241
2021-04-02,1617321600,0.004141,0.002497,0.002656,632600488.4,1782343.78,0.002817,multiply,ETH,2021-04-02 02:00:00,0.060617469879518104,6204,64407,3,25,55,72072,0,1507881.25626233,1391302551.32761,0.060417469879518106,1782035.5758228,False,False,0.016433294648396934,3919299.2870898773,-1.5730169384062843e-06,-0.1207156603644155,0.08961697802472673,0.1882841042145693,0.0006571833431004039,0.025972707818738484,0.0,0.0,0.0,0.0,0.00011157775472552595,333968.2781947627,1.0,0.7300931596091207,0.5034481566702642,0.5973145917523045,0.42206325301204817,0.16938110749185653,-0.011726384364820763,0.7143322475570033,0.7866449511400652,0.6656007751937985,0.00545702592087316,-0.12345885110082241
2021-04-03,1617408000,0.003255,0.001949,0.002817,601725838.32,1644214.89,0.002732,multiply,ETH,2021-04-03 02:00:00,-0.03017394391196304,6212,64413,6,30,113,72185,0,1753461.36833629,1391302551.32761,-0.03037394391196304,1643914.9902902402,False,False,0.0169461579539175,3801038.5702270307,-2.1295362181519988e-06,0.006971848750257914,0.08631720078079524,0.18913805418241308,0.0012808397239855158,0.03015004835848259,0.042114883669806334,0.007966796632382405,0.025040840151094368,-5.223450421998379,0.00024004000990013517,422293.6746167067,1.0,0.7300931596091207,0.4379760319310923,0.5347687578327234,0.057152999645012414,0.5289909638554218,0.4894578313253012,0.8069653614457831,0.8700677710843374,0.7820991629104959,0.018494055482166427,-0.12345885110082241
2021-04-04,1617494400,0.002845,0.002347,0.002732,267650249.81,672527.51,0.002513,multiply,ETH,2021-04-04 02:00:00,-0.0801610541727672,6213,64415,2,19,52,72237,0,1815645.40877929,1391302551.32761,-0.0803610541727672,672605.07777253,False,False,0.018423534035797356,3496343.3114862842,-3.752153491365229e-06,-0.10570899081026885,0.08630308718848016,0.1897725847090961,0.0011815654249477097,0.0305318825650231,0.094503666999936,0.06649110510623442,0.08049738605308521,8.375931504318665,0.0003035239705510102,427530.63552760636,0.969826056088037,0.7300931596091207,0.3414949248018345,0.4390435627517026,-0.03111273792093705,0.574724884629038,0.5463258785942492,0.7613063542776003,0.8798722044728434,0.7631268436578171,0.01199400299850073,-0.12345885110082241
2021-04-05,1617580800,0.003351,0.002361,0.002513,323420271.47,811202.3,0.002508,multiply,ETH,2021-04-05 02:00:00,-0.0019896538002388553,6217,64418,3,17,41,72278,0,1746623.98142838,1391302551.32761,-0.002289653800238855,811138.04084676,False,False,0.018461123319275515,3489386.7987296456,-7.667985363645994e-06,-0.14141972355101662,0.08329316149008688,0.1903440053686026,0.00048343552387704325,0.03288617103078318,0.05238878333012966,0.05852430847385201,0.05545654590199084,22.07162620186363,0.00030728804106601253,436686.4030515742,0.8920837770678026,0.7300931596091207,0.34921890101993674,0.4481175213241312,-0.08714683645045773,0.5677159590043924,0.5234260614934114,0.7902269399707175,0.8824304538799415,0.7286384976525822,0.028887818969667856,-0.12345885110082241
2021-04-06,1617667200,0.00264,0.002112,0.002508,107329716.54,253916.87,0.002366,multiply,ETH,2021-04-06 02:00:00,-0.05661881977671446,6219,64420,2,16,44,72322,0,1929376.62348625,1391302551.32761,-0.056818819776714456,253942.10933364002,False,False,0.019569710391631082,3291821.8364411253,-1.130735604144709e-05,-0.22710463915392465,0.07324637543731237,0.18709782139244652,0.0005830062196556423,0.03297206864375236,0.0,0.0,0.0,8.13855536869238,0.00031386875747110437,435156.49947631435,0.8903088391906282,0.7300931596091207,0.2521591589894247,0.3500494515507049,-0.001993620414673103,0.5165141265419817,0.5336251492240349,0.7643056108237167,0.8619976124154397,0.6420122887864823,0.04289544235924925,-0.12345885110082241
2021-04-07,1617753600,0.0022,0.001807,0.002366,112930632.03,226252.41,0.002003,multiply,ETH,2021-04-07 02:00:00,-0.1534234995773458,6219,64420,0,9,18,72340,0,1470470.68286961,1391302551.32761,-0.1535234995773458,226200.05595609001,False,False,0.023116292953868765,2786779.010309203,-8.287147420676895e-06,0.2829118434085035,0.06596556782082205,0.19102864376351328,0.000182521126760907,0.03069396978785392,0.0,0.18716785459881013,0.09358392729940507,4.788439842885559,0.00031276913785652097,433691.48169639613,0.8399006034788783,0.7300931596091207,0.24184825280965086,0.3397287130501589,-0.06001690617075228,0.38795853269537484,0.5063795853269537,0.7480063795853269,0.8141547049441786,0.6087030716723549,-0.021071919377004145,-0.136433124635245
2021-04-08,1617840000,0.002914,0.002081,0.002003,73531514.03,201995.86,0.002747,multiply,ETH,2021-04-08 02:00:00,0.3714428357463804,6219,64421,1,13,10,72350,0,1446793.17115109,1391302551.32761,0.3712428357463804,201991.06904041,False,False,0.016855716613588357,3821908.1084969444,-4.902990540807508e-06,0.5987483979819492,0.07805112890501521,0.19390559490326495,0.00016258150014908344,0.02995721702915408,0.0,0.18716785459881013,0.09358392729940507,-46.37324243125681,0.00031171615496755823,431995.4343901905,0.7110401135960241,0.7300931596091207,0.23199563467808565,0.32957388886843436,-0.181228157763355,-0.12256973795435333,0.4611158072696534,0.7071851225697379,0.8061707523245984,0.637075928917609,0.06460176991150446,-0.136433124635245
2021-04-09,1617926400,0.0031,0.002707,0.002747,88489265.6,245042.44,0.002769,multiply,ETH,2021-04-09 02:00:00,0.008008736803785999,6219,64422,1,18,28,72378,0,1836928.67716584,1391302551.32761,0.007808736803785999,245026.7764464,False,False,0.016722055719918846,3852516.7646261523,-1.9700794756988178e-05,0.8755113038127124,0.080231788552418,0.19278038548856816,0.00014518126833568004,0.03021806023174814,0.0,0.09347428069717965,0.04673714034858983,7.509138784368957,0.0003104971193921636,429733.62172987615,0.9751508697195598,0.7300931596091207,0.24581056538951684,0.343849768733602,0.2708409173643975,-0.4063904143784325,0.37543684473290073,0.6364453320019969,0.7756864702945582,0.6619607843137255,0.17383035374667177,-0.136433124635245
2021-04-10,1618012800,0.002923,0.002518,0.002769,76803062.42,195021.85,0.002539,multiply,ETH,2021-04-10 02:00:00,-0.08306247742867467,6223,64426,4,18,14,72392,0,1315017.27387853,1391302551.32761,-0.08326247742867468,195002.97548438,False,False,0.01823798633011721,3532517.1778208017,-1.275961152934854e-05,0.9094730348137353,0.07664136760203374,0.19557000971458036,0.0001761132229741046,0.03045600842182557,0.0,0.09347428069717965,0.04673714034858983,18.593129124784966,0.00030887143944343065,427678.0872864274,0.9829605963791268,0.7300931596091207,0.22672142494235226,0.3246106775000131,0.007945106536655921,0.0054605023662176455,0.5638878776847469,0.6243174372042228,0.8431015653440117,0.6494804156674661,0.20846560846560847,-0.136433124635245
2021-04-11,1618099200,0.002624,0.002344,0.002539,66806149.27,170966.46,0.002559,multiply,ETH,2021-04-11 02:00:00,0.007877116975187004,6223,64427,1,14,12,72404,0,1527477.22240729,1391302551.32761,0.007677116975187004,170956.93598193,False,False,0.018095727254042855,3560343.228847354,-2.8333412039290892e-05,0.7073422323082521,0.07076030975887349,0.19414457792985357,0.00014015856960680772,0.030280782506588007,0.05110265819898057,0.03635988243079111,0.04373127031488584,-24.27710386011144,0.0003073940221545114,426054.33031238406,0.901313454029109,0.7300931596091207,0.21548858920512332,0.31333863849512694,-0.09058684521465143,0.09245214879017705,0.5734922354640665,0.4391477067533406,0.8416395810762008,0.5720367278797996,0.253459331758353,-0.136433124635245
2021-04-12,1618185600,0.002651,0.00233,0.002559,85377369.35,204421.15,0.002394,multiply,ETH,2021-04-12 02:00:00,-0.06447831184056285,6225,64430,3,15,17,72421,0,808517.873735294,1391302551.32761,-0.06467831184056286,204393.42222389998,False,False,0.01934382719126144,3330778.307878298,-1.3412497977827038e-05,0.3625332369158083,0.06146589313025726,0.19382091359505427,0.00012287545639789083,0.029753205665287927,0.06265157032071128,0.14614255356113134,0.10439706194092131,19.93532971941911,0.0003062269453224494,424452.72348011215,0.9084132055378061,0.7300931596091207,0.2284736482336679,0.3268978704560004,0.007815552950371285,0.012209531311540012,0.5214651437573848,0.46593146908231586,0.7980701063410791,0.43065198983911945,0.35295849278775393,-0.136433124635245
2021-04-13,1618272000,0.002597,0.002,0.002394,85199369.74,180176.83,0.002115,multiply,ETH,2021-04-13 02:00:00,-0.1165413533834585,6225,64430,0,10,13,72434,0,1811535.17779514,1391302551.32761,-0.1168413533834585,180196.6670001,False,False,0.021895566097342736,2942604.8960578954,-1.1928684032182245e-05,-0.02247571947691207,0.05804549244279031,0.19700550746084858,0.00014690796191587767,0.030018688640922234,0.011548912121730707,0.250564168085174,0.13105654010345236,-5.131045801629739,0.0003050757889253425,422964.0594164446,0.8498402555910542,0.7300931596091207,0.21786872653559175,0.31634046756622586,-0.06892230576441105,0.07542008597108252,0.4001563110590075,0.5005861664712778,0.737241109808519,0.528312757201646,0.3954568921011874,-0.136433124635245
2021-04-14,1618358400,0.002262,0.001824,0.002115,59227602.97,109465.26,0.001848,multiply,ETH,2021-04-14 02:00:00,-0.12624113475177312,6226,64430,0,8,10,72444,0,1626753.17333246,1391302551.32761,-0.12644113475177313,109452.61028856,False,False,0.025059048861406863,2571127.1148534236,-1.8908287592447116e-05,-0.21703382271699445,0.05395453507134568,0.1982911174492273,0.00012951652164236495,0.030388787714524086,0.06366642656232376,0.14078149695483377,0.10222396175857876,-60.26791344672458,0.0003040058102479894,422418.5595796483,0.7507987220447284,0.7300931596091207,0.17865829818050372,0.2765945187931965,-0.13191489361702113,0.16332497911445276,-0.10944026733500412,0.45614035087719296,0.760609857978279,0.6141368078175895,0.5907797381900968,-0.136433124635245
2021-04-15,1618444800,0.002291,0.001913,0.001848,86057783.65,175457.6,0.002039,multiply,ETH,2021-04-15 02:00:00,0.10335497835497831,6226,64432,2,19,33,72477,0,2137596.15134734,1391302551.32761,0.1031549783549783,175471.82086235002,False,False,0.022712388326501243,2836865.902156997,-1.2934189734859997e-05,-0.3982348930642642,0.057374451244459605,0.19802229583828646,7.866916522514677e-05,0.03031773364413767,0.06366642656232376,0.1298267869531372,0.09674660675773047,-84.97910381354323,0.00030361373173402715,421698.37482743844,0.6560170394036209,0.7300931596091207,0.21487476889087595,0.31384818959888006,-0.14448051948051943,-0.29881796690307305,-0.3319148936170213,0.4458628841607565,0.719952718676123,0.7620481927710844,0.5693343898573693,-0.136433124635245
2021-04-16,1618531200,0.001989,0.001577,0.002039,83860760.58,138341.14,0.00165,multiply,ETH,2021-04-16 02:00:00,-0.1907797940166749,6228,64433,1,11,31,72508,0,1757434.67560063,1391302551.32761,-0.1909797940166749,138370.254957,False,False,0.02806744154464492,2295649.2096905564,-1.1972482290148453e-05,0.10827807702999004,0.04900989766597947,0.20163951932801283,0.00012612053409584504,0.030608105512918007,0.0,0.2306048974371389,0.11530244871856946,-10.470116036658737,0.0003030960982749907,421281.95608944277,0.723819666311679,0.7300931596091207,0.1961556037156704,0.294711945234705,0.09367336929867576,-0.49837662337662336,-0.4783549783549783,0.3300865800865801,0.658008658008658,0.7540646077387292,0.5672480620155038,-0.14627493167951017
2021-04-17,1618617600,0.001692,0.00146,0.00165,100041894.05,148414.79,0.001484,multiply,ETH,2021-04-17 02:00:00,-0.10060606060606059,6228,64434,1,9,18,72526,0,1646451.91830203,1391302551.32761,-0.1008060606060606,148462.1707702,False,False,0.031207545350129505,2064692.9861701734,-1.5468875112252203e-05,0.515339424173342,0.04138604530848227,0.20383766592391497,9.945374916833453e-05,0.030410778434298562,0.0,0.17692795492291669,0.08846397746145834,-63.27232828145294,0.00030279679692058847,420131.0029656649,0.5857294994675186,0.7300931596091207,0.201401671720408,0.30002527622424946,-0.23575757575757583,-0.24521824423737137,-0.23246689553702793,0.37469347719470325,0.6602256007846984,0.7334553440702782,0.6323304436511984,-0.14627493167951017
2021-04-18,1618704000,0.001457,0.001233,0.001484,97135431.94,126252.44,0.0013,multiply,ETH,2021-04-18 02:00:00,-0.12398921832884102,6228,64435,1,9,27,72553,0,1536051.84246667,1391302551.32761,-0.12418921832884103,126276.06152199999,False,False,0.0356251661927079,1808693.316725893,-1.6531721380577284e-05,0.9308433338451367,0.027284436071518026,0.19290422713541977,0.00010670732302512799,0.02909888445824585,0.0,0.19298332525103473,0.09649166262551737,-4.815552553183267,0.0003019695482947022,421123.1848399985,0.5268015619453319,0.7300931596091207,0.18841432375514236,0.2869744864945081,-0.11185983827493251,-0.550909090909091,-0.5199999999999998,0.24181818181818182,0.5586666666666666,0.5893354556307202,0.5720288115246099,-0.14627493167951017
2021-04-19,1618790400,0.001341,0.001103,0.0013,70210836.42,78983.48,0.001125,multiply,ETH,2021-04-19 02:00:00,-0.1346153846153847,6228,64435,0,8,5,72558,0,4266562.93834822,1391302551.32761,-0.13471538461538468,78987.1909725,False,False,0.04116685871157357,1565215.3702435612,-2.538808564827031e-05,1.1411855919499976,0.006213599585227703,0.17380478277717257,9.076103641260826e-05,0.027507283978846282,0.01676034142853788,0.31548830752848367,0.16612432447851078,-167.2576520647603,0.00030268267993769873,423378.42435527995,0.46148384806531767,0.7300931596091207,0.1527458151768574,0.24966591948288638,-0.1415384615384616,-0.6132075471698111,-0.5943396226415094,0.19272237196765496,0.3045822102425877,0.3807814992025518,0.6047261009667024,-0.14627493167951017
2021-04-20,1618876800,0.002123,0.00112,0.001125,135898870.01,234563.22,0.001726,multiply,ETH,2021-04-20 02:00:00,0.5342222222222224,6228,64437,2,14,20,72578,0,1890832.41741877,1391302551.32761,0.5341222222222224,234561.44963726,False,False,0.026833229172871616,2401388.2035914552,-2.6728321344912206e-06,1.2952208234723803,0.027672174499720772,0.1951260907044479,5.6772116817531e-05,0.03162560210132028,0.02669215783438192,0.4290882651697765,0.22789021150207922,-29.167062055212767,0.000304303635432339,422821.5357454485,0.3993610223642172,0.7300931596091207,0.2381910979464014,0.3350794328835468,-0.15555555555555567,-0.6269230769230771,-0.5407692307692309,0.09153846153846157,-0.19461538461538463,0.42688081149619617,0.5676883780332056,-0.14627493167951017
2021-04-21,1618963200,0.003301,0.001367,0.001726,284697695.72,389296.26,0.001367,multiply,ETH,2021-04-21 02:00:00,-0.20799536500579385,6235,64449,12,62,187,72765,0,1977866.31126181,1391302551.32761,-0.20799536500579385,389181.75004924,False,False,0.033886451034025836,1901910.5876648428,-4.0347202379259156e-06,1.5059094467665624,0.023441898927190986,0.19679992849463065,0.0001685912596174258,0.04803650217404755,0.009931816405844038,0.5185655228466801,0.2642486696262621,-44.896125647599675,0.00030390337122718816,421656.74978443445,0.612708555200568,0.7300931596091207,0.27682141327378473,0.3738891786634444,0.34820393974507535,-0.6426666666666667,-1.4417777777777778,-0.08000000000000007,-0.20533333333333337,0.3619570644033949,0.5519641969169569,-0.1494943773603107
2021-04-22,1619049600,0.001513,0.001153,0.001367,141573642.57,163184.58,0.001153,multiply,ETH,2021-04-22 02:00:00,-0.15654718361375275,6244,64460,11,47,64,72829,2,4150482.73855297,1391302551.32761,-0.15674718361375276,163234.40988320997,False,False,0.04018272751406951,1604171.8416807342,-1.1360336481927261e-05,1.8166910971408239,0.021722787779623384,0.19772405431702486,0.00027972474403779006,0.048759248107830284,0.0,0.3917807827375075,0.19589039136875375,-9.959052516483638,0.0003030661802367004,421514.411424023,0.48526801561945326,0.7300931596091207,0.20787858250161043,0.30325126660891255,-0.2626188734455013,-0.1813441483198146,-0.604287369640788,0.11066048667439177,0.2595596755504056,0.5260283946123043,0.6310872589942358,-0.15226797831165037
2021-04-23,1619136000,0.001161,0.0009716,0.001153,101539030.48,103464.02,0.001019,multiply,ETH,2021-04-23 02:00:00,-0.11621856027753685,6250,64465,5,42,60,72889,0,1063500.04688439,1391302551.32761,-0.11631856027753686,103468.27205912,False,False,0.0454703420788641,1417737.2998028346,-2.0801378794538775e-05,1.9495370266559,0.020199834106136676,0.19862264961210413,0.00011732488359735147,0.04879757129197157,0.0789186512168626,0.2064750962119667,0.14269687371441464,-89.30593402660337,0.00030296387440805394,421365.452693703,0.4093006744763933,0.7300931596091207,0.17260164132309766,0.267034631664049,-0.1856027753686036,-0.20702267739575708,-0.8573518653986834,-0.9429407461594734,0.04754937820043892,0.5767425063199711,0.5087176602924635,-0.15226797831165037
2021-04-24,1619222400,0.001175,0.0009531,0.001019,118275431.86,138947.23,0.001175,multiply,ETH,2021-04-24 02:00:00,0.15309126594700695,6254,64468,3,36,67,72956,0,1273025.01337137,1391302551.32761,0.15299126594700696,138973.6324355,False,False,0.039435263686082335,1634780.4978099419,-1.3504151781052458e-05,2.0206052064256093,0.022853458872670457,0.20001554151624448,7.436791656882136e-05,0.049060765172993966,0.10100865319580556,0.16253611422292455,0.13177238370936506,-130.24006614890948,0.0003028568101823916,421192.832641172,0.3617323393681221,0.7300931596091207,0.1953228147218791,0.2900860535216771,-0.1315014720314034,-0.287077189939289,-1.2194275802254988,-1.4431916738941895,-0.01647875108412844,0.5124064592359197,0.4645120405576679,-0.15226797831165037
2021-04-25,1619308800,0.001254,0.001022,0.001175,73114517.39,74704.14,0.001022,multiply,ETH,2021-04-25 02:00:00,-0.1302127659574469,6260,64473,5,33,39,72995,0,301856.647891282,1391302551.32761,-0.1303127659574469,74723.03677257999,False,False,0.045342493723862155,1421911.2074568174,-2.7281887798407745e-05,2.4045645471907093,0.02677689346309081,0.19908547364171128,9.988742729098603e-05,0.0494099314693811,0.056557179227622004,0.07205499946657859,0.0643060893471003,14.827398365736059,0.00030273273935943056,421415.2649653563,0.41711040113596026,0.7300931596091207,0.14733246919283452,0.24074613013559756,0.13276595744680864,-0.2757605495583906,-1.349362119725221,-1.6810598626104025,-0.21491658488714438,0.5017584994138335,0.570909090909091,-0.15226797831165037
2021-04-26,1619395200,0.001191,0.001065,0.001022,76706703.81,85555.28,0.001115,multiply,ETH,2021-04-26 02:00:00,0.09099804305283787,6263,64476,3,33,45,73040,0,591590.78282244,1391302551.32761,0.09079804305283787,85527.97474815001,False,False,0.04156249761306847,1551302.3447302852,-2.8024950721310473e-05,2.42091875182964,0.025571330381808123,0.19970233183289568,5.370725202888308e-05,0.04954945922238082,0.03446717724867906,0.012345283111380846,0.023406230180029953,-3.0823193457149216,0.00030289261279887195,421078.9190596809,0.3627973020944267,0.7300931596091207,0.15784066468835714,0.25129869838208085,-0.1497064579256362,0.042553191489361764,-0.8,-1.1387234042553191,-0.08510638297872353,0.47744360902255634,0.5847624402586449,-0.15226797831165037
2021-04-27,1619481600,0.001334,0.001147,0.001115,111920970.21,134368.79,0.001201,multiply,ETH,2021-04-27 02:00:00,0.0771300448430492,6271,64483,7,34,48,73088,0,704659.877609722,1391302551.32761,0.07703004484304919,134417.08522221,False,False,0.03859052131146368,1670954.3641444596,-1.9062029082128505e-05,2.412744057820698,0.027473887693192825,0.19922938878778168,6.147331122661813e-05,0.049915701744291066,0.026391555973956708,0.0727006775714387,0.0495461167726977,-43.514030592869105,0.00030265086386701336,420744.07882771024,0.39581114660986866,0.7300931596091207,0.19263146415620672,0.2867873753246882,0.0834080717488791,-0.6888454011741685,-0.8082191780821919,-1.4540117416829745,-0.22407045009784743,0.43356973995271864,0.5868625756266206,-0.15226797831165037
2021-04-28,1619568000,0.001265,0.001128,0.001201,77638335.14,87566.19,0.001128,multiply,ETH,2021-04-28 02:00:00,-0.060782681099084024,6276,64489,6,31,44,73132,0,480230.21300945,1391302551.32761,-0.06088268109908403,87576.04203792001,False,False,0.04109178067432298,1569389.2778975442,-3.197735722880707e-05,2.5046308224652316,0.02887552733649874,0.19884094011591028,9.661240475261574e-05,0.04943746686253394,0.026391555973956708,0.11633796077473746,0.07136475837434708,-2.4460557430019065,0.00030241019713952766,420806.4970848768,0.4263400780972666,0.7300931596091207,0.1594020956210362,0.2525697405225976,0.07160699417152372,-0.2260089686098654,-0.8286995515695066,-1.1219730941704036,-0.07443946188340811,0.360930735930736,0.5897588568026199,-0.15226797831165037
2021-04-29,1619654400,0.001186,0.001076,0.001128,78120908.73,86197.36,0.001103,multiply,ETH,2021-04-29 02:00:00,-0.022163120567375905,6276,64491,2,38,48,73180,0,392936.970699709,1391302551.32761,-0.022263120567375904,86167.36232919,False,False,0.04202444796236851,1534606.714114354,-4.4208450905539185e-05,2.595622087281841,0.03175526560898179,0.19856127210382107,6.294536149190061e-05,0.04947545382077753,0.004658431972873304,0.09677705028644733,0.050717741129660314,-6.211551007396537,0.00030245506031979487,420955.39365578734,0.40042598509052185,0.7300931596091207,0.15817297353629092,0.2510629324904653,-0.06471631205673756,0.03996669442131562,-0.37385512073272276,-0.6677768526228143,0.016652789342214813,0.40411966650318787,0.5507334963325183,-0.15226797831165037
2021-04-30,1619740800,0.001249,0.00111,0.001103,86360315.51,105482.42,0.001221,multiply,ETH,2021-04-30 02:00:00,0.10698096101541266,6281,64496,5,40,49,73229,0,370483.572069663,1391302551.32761,0.10688096101541265,105445.94523771001,False,False,0.03796606048905229,1698780.415171012,-2.1196684137537696e-05,2.2382648302631667,0.019087332067647487,0.19426101943053165,6.193287164389033e-05,0.048751203774220056,0.004658431972873304,0.053139767083148555,0.02889909952801093,-5.7182534289007805,0.000302562079868324,422444.1021042552,0.39155129570465036,0.7300931596091207,0.17381930563818226,0.2667632729544156,-0.022665457842248493,0.09663120567375905,-0.3156028368794326,-1.435283687943262,-0.07712765957446788,0.0696969696969697,0.5412207115996528,-0.15226797831165037
2021-05-01,1619827200,0.001975,0.001297,0.001221,128062045.39,188750.65,0.001474,multiply,ETH,2021-05-01 02:00:00,0.2072072072072071,6286,64498,2,45,62,73291,0,853585.045362267,1391302551.32761,0.2071072072072071,188763.45490486,False,False,0.03145047310650543,2050779.9606568972,-8.338669082829226e-06,2.7188240754723343,0.0025914250630563102,0.14349211264521713,7.57893710013622e-05,0.04787842376442436,0.022899727135203437,0.08831639053906327,0.05560805883713336,-19.720528476534525,0.00030363209044729356,408813.18753550324,0.43343982960596383,0.5341222222222224,0.2195813039670444,0.3123903340693033,0.09664209664209666,-0.0652765185856754,-0.17860380779691742,-1.5104261106074346,-0.3916591115140524,-0.7897574123989217,0.5548091603053436,-0.15226797831165037
2021-05-02,1619913600,0.001476,0.001299,0.001474,62607891.67,83167.76,0.001328,multiply,ETH,2021-05-02 02:00:00,-0.09905020352781557,6293,64505,7,33,45,73336,0,317965.328973333,1391302551.32761,-0.09915020352781558,83143.28013776,False,False,0.03491191913816681,1847649.7881630661,-2.7808963601267377e-05,2.76835593439972,-0.0013191920123630128,0.14288112779834755,0.00013567390839953393,0.04285147958603867,0.05872570724285073,0.19431463107411578,0.12652016915848324,26.24164040634556,0.00029383485795049047,304737.9902427894,0.5232516861909833,0.5341222222222224,0.1625835895965419,0.24697643231770766,0.17164179104477606,0.16298116298116316,0.07862407862407872,-1.0794430794430792,-1.175266175266175,-1.166923076923077,0.5838887279049552,-0.15226797831165037
2021-05-03,1620000000,0.001647,0.00127,0.001328,100933977.09,128147.97,0.00127,multiply,ETH,2021-05-03 02:00:00,-0.0436746987951806,6295,64509,4,40,59,73395,0,906029.992115254,1391302551.32761,-0.0438746987951806,128186.15090430001,False,False,0.03650858552692742,1766954.2401860647,-2.442530879819821e-05,2.7606080186722606,-0.0014338620349011962,0.14286526741154953,5.975930976222457e-05,0.040169104675890605,0.035825980107647294,0.15731456046976103,0.09657027028870416,38.590831919758486,0.0002190307133067513,160927.36115016486,0.4714235001774938,0.5341222222222224,0.21690410043154124,0.28095493998694604,-0.10993975903614461,0.24355495251017634,-0.17096336499321585,-0.7360922659430122,-0.9111261872455902,-1.4284444444444446,0.6548463356973995,-0.15226797831165037
2021-05-04,1620086400,0.001232,0.001005,0.00127,104358589.35,115000.1,0.001102,multiply,ETH,2021-05-04 02:00:00,-0.1322834645669293,6303,64517,8,40,62,73457,0,1269535.73230004,1391302551.32761,-0.1323834645669293,115003.16546369999,False,False,0.04207954049602761,1533215.411563026,-1.7589152367183002e-05,2.6493741483576487,0.0024783968659021524,0.1422256855429061,9.213391492884283e-05,0.04029725149952813,0.0014246101837623174,0.051316319934708525,0.02637046505923542,-3.4825231473053293,0.00011566669017936077,135187.7064376702,0.4508342208022719,0.5341222222222224,0.23835593302031835,0.2717988529886702,-0.04566929133858255,0.0956325301204819,-0.029367469879518104,-0.802710843373494,-1.0572289156626509,-0.4559675550405562,0.5716064757160647,-0.15226797831165037
2021-05-05,1620172800,0.00127,0.001129,0.001102,111289650.76,125672.19,0.001129,multiply,ETH,2021-05-05 02:00:00,0.024500907441016517,6304,64521,4,31,40,73497,0,283152.554318711,1391302551.32761,0.024400907441016518,125646.01570804001,False,False,0.04107575609418487,1570780.5804488717,-2.9519798959062287e-05,2.694840380682138,0.003367182631073969,0.14208958006706945,8.265863190861079e-05,0.03828975675543874,0.024095980253533857,0.010382962151642203,0.01723947120258803,-39.33254469254537,9.716628946642214e-05,67455.44890705042,0.3911963081292154,0.5341222222222224,0.25770471837804565,0.2783985990031285,-0.15245009074410176,0.1118110236220472,0.0921259842519686,-0.6653543307086613,-0.978740157480315,-0.8346744696415507,0.6185121107266436,-0.15226797831165037
2021-05-06,1620259200,0.001501,0.001048,0.001129,173864274.85,218551.98,0.001257,multiply,ETH,2021-05-06 02:00:00,0.11337466784765282,6308,64527,6,40,55,73552,0,636756.463853348,1391302551.32761,0.11327466784765282,218547.39348645002,False,False,0.03689645277319266,1748867.307018806,-9.961488286361202e-06,2.8047846264115672,0.008154766167746524,0.14302343454467764,9.030819039909469e-05,0.039482199367482755,0.05312751462192654,0.04422368049425405,0.0486755975580903,-28.789081383376313,4.848366650566623e-05,66037.64813188241,0.4007809726659567,0.5341222222222224,0.33584596374336584,0.32167780131489243,0.023914968999114383,-0.0009074410163341096,0.07531760435571688,-0.6769509981851181,-1.2758620689655173,-1.0520381613183,0.7382535936494314,-0.15226797831165037
2021-05-07,1620345600,0.001359,0.001185,0.001257,115929649.84,141362.99,0.001219,multiply,ETH,2021-05-07 02:00:00,-0.03023070803500405,6322,64533,6,49,60,73612,0,594501.295860939,1391302551.32761,-0.03033070803500405,141318.24315496002,False,False,0.03805016705617033,1695997.8100683566,-2.4758990564489296e-05,2.718197908861163,0.00907839640718053,0.14235583953080735,0.00015708114189678409,0.03906801838020756,0.07843152417068924,0.1094593042580815,0.09394541421438538,-14.2027400418213,4.746462088268861e-05,64751.39057722869,0.4462193823216188,0.5341222222222224,0.2978847290954368,0.2865402946569036,0.10182975338106603,-0.08148804251550046,-0.04074402125775034,-0.8060230292294066,-1.095659875996457,-0.9656526005888126,0.7025730484081989,-0.15226797831165037
2021-05-08,1620432000,0.00141,0.001136,0.001219,159254796.1,187104.48,0.001175,multiply,ETH,2021-05-08 02:00:00,-0.03609515996718615,6319,64534,1,34,54,73666,0,942707.981076417,1391302551.32761,-0.036195159967186155,187124.3854175,False,False,0.03947563607863804,1634780.4978099419,-1.7750740974523863e-05,2.511432644362108,-0.006074044805043432,0.12871711442218195,0.00010157261842157279,0.0390102262076719,0.04797537961853424,0.07561858591546965,0.06179698276700195,1.5133357661604805,4.654012207153761e-05,64427.69437676454,0.4327298544550941,0.5341222222222224,0.3254149271115503,0.30841004826116836,-0.031173092698933536,-0.17263325377883842,0.18695306284805102,-0.31264916467780424,-0.5934765314240253,-1.3378723404255317,0.7231248608947252,-0.15226797831165037
2021-05-09,1620518400,0.001178,0.0011,0.001175,133343930.23,151858.39,0.001139,multiply,ETH,2021-05-09 02:00:00,-0.030638297872340403,6320,64536,2,36,49,73715,0,950261.531734006,1391302551.32761,-0.030738297872340403,151878.73653197,False,False,0.040724591654307155,1584693.605962148,-2.2949259176833237e-05,2.529233464736674,-0.005855698938174235,0.12869654655666696,0.0001344958256843143,0.03867154442020075,0.012402359503467174,0.05691759321902741,0.03465997636124729,7.965061748008139,4.630746512703961e-05,62077.11372800104,0.41711040113596026,0.5341222222222224,0.3070095784791162,0.29129670634043486,-0.03744680851063831,-0.0894175553732568,0.08531583264971276,-0.21739130434782616,-1.2534864643150123,-1.709393346379648,0.6443155452436194,-0.15226797831165037
2021-05-10,1620604800,0.001185,0.0009479,0.001139,186986166.42,192023.61,0.001027,multiply,ETH,2021-05-10 02:00:00,-0.0983318700614575,6320,64541,5,37,43,73758,0,698294.949921136,1391302551.32761,-0.0985318700614575,192034.79291333997,False,False,0.04516933169318036,1428867.7202134554,-1.2078056569669495e-05,2.661190090901699,-0.0014011863420886196,0.12671880816015269,0.00010916298283722985,0.039024987446045975,0.012402359503467174,0.14162026131728228,0.07701131041037473,-5.474235529119326,4.461798310422543e-05,62006.06369524372,0.4043308484203053,0.5341222222222224,0.3311690176538795,0.30931132374454023,-0.03160667251975413,-0.08085106382978724,-0.02212765957446816,-0.10638297872340408,-1.3565957446808512,-1.277130044843049,0.7037628278221209,-0.15226797831165037
2021-05-11,1620691200,0.001379,0.001045,0.001027,245725051.94,307993.25,0.001253,multiply,ETH,2021-05-11 02:00:00,0.22005842259006814,6312,64542,1,34,43,73801,0,1034180.94149812,1391302551.32761,0.21995842259006815,307893.49008082,False,False,0.03702284309642802,1743302.0968134953,-4.916837346118925e-06,2.524034598808351,0.007136457230364473,0.13527349331288338,0.00013802518562917632,0.039761151253527555,0.0,0.22970344736802492,0.11485172368401246,-50.26351859466973,4.456691582724134e-05,68192.24170711868,0.36457223997160093,0.5341222222222224,0.3740436267097557,0.34585442746246026,-0.10905550146056497,0.03248463564530302,0.009657594381035972,0.012291483757682298,-1.2291483757682178,-1.1307243963363862,0.7021650087770626,-0.15226797831165037
2021-05-12,1620777600,0.001143,0.0009528,0.001253,90670822.86,86393.2,0.0009528,multiply,ETH,2021-05-12 02:00:00,-0.23958499600957706,6312,64544,2,33,35,73836,0,1317237.98671983,1391302551.32761,-0.23968499600957704,86391.16002100799,False,False,0.048689189653317026,1325633.0709049467,-1.6539273640373038e-05,2.6228315529418658,0.009364230164418057,0.13478975001148158,0.00022129873174387668,0.03939503267880152,0.0,0.14500077926977006,0.07250038963488503,2.073873687919047,4.901323701451436e-05,68544.44939167568,0.4447994320198793,0.5341222222222224,0.2539519233925268,0.24417947694400324,0.180367118914605,-0.09931840311587159,-0.07400194741966915,-0.6806231742940605,-1.4917234664070111,-1.1223404255319145,0.7305175490779298,-0.15529652579736963
2021-05-13,1620864000,0.0009669,0.0008182,0.0009528,98912386.96,88285.0,0.0008926,multiply,ETH,2021-05-13 02:00:00,-0.06318219983207385,6320,64547,3,42,58,73894,0,1133751.79643888,1391302551.32761,-0.06318219983207385,88289.196600496,False,False,0.0519753709998484,1241876.6573150246,-3.128052776630205e-05,2.8535962784250466,0.022272903395239733,0.12809654058605222,6.209372644258557e-05,0.039004913951453585,0.0,0.07781484985241714,0.03890742492620857,-39.026846790973096,4.926638661466489e-05,69157.28025608887,0.33823216187433436,0.5341222222222224,0.25811764071622356,0.24589739010584669,-0.31507136859781704,-0.0031923383878691425,0.025538707102952807,-0.09098164405426967,-0.9106145251396647,-0.9174977334542158,0.7103472343395568,-0.15529652579736963
2021-05-14,1620950400,0.001061,0.0008976,0.0008926,132871287.44,135533.03,0.00102,multiply,ETH,2021-05-14 02:00:00,0.14272910598252309,6330,64550,3,41,54,73948,0,743255.983561513,1391302551.32761,0.1426291059825231,135528.7131888,False,False,0.04548565922279304,1419128.6023541624,-1.4364534003544192e-05,3.0155671532024533,0.03558910751716202,0.1284673457318412,6.34579419956131e-05,0.03879663362987982,0.0,0.1440452930829202,0.0720226465414601,-105.2453573660193,4.970685936721494e-05,68849.57454311494,0.3168619098331558,0.5341222222222224,0.29822542604602204,0.27970715020818815,-0.0674434237060273,-0.2793870696893368,-0.5470193115029389,-0.2101175482787574,-1.2197732997481112,-0.5135135135135134,0.7425291237548539,-0.15529652579736963
2021-05-15,1621036800,0.0009475,0.0008746,0.00102,126135053.06,110313.88,0.0008746,multiply,ETH,2021-05-15 02:00:00,-0.14254901960784316,6334,64552,2,32,46,73994,0,1501992.78123794,1391302551.32761,-0.14264901960784315,110317.717406276,False,False,0.05304917666259439,1216833.2113911277,-1.7658716904054356e-05,3.0667521942198652,0.031160959219027617,0.12686715838765106,9.741138838527657e-05,0.037982992571650095,0.00936325858334533,0.09861026187035447,0.0539867602268499,15.665248128474843,4.9485695600440907e-05,68955.87262035848,0.362087326943557,0.5341222222222224,0.2793375076752638,0.2631657762963445,0.12490196078431381,-0.3163791171857495,-0.48778848308312783,-0.14160878332959892,-1.0703562626036298,-0.3833107191316145,0.7376582278481012,-0.15529652579736963
2021-05-16,1621123200,0.0009324,0.0008248,0.0008746,146602755.64,126178.53,0.0008607,multiply,ETH,2021-05-16 02:00:00,-0.01589297964783898,6338,64555,3,31,38,74032,0,418050.848274066,1391302551.32761,-0.015992979647838978,126180.991779348,False,False,0.053908407298581706,1197494.105927674,-3.282489494206112e-05,2.9854101200874696,0.0349926689644969,0.12504077125720686,7.929096176888954e-05,0.037831746542745265,0.00936325858334533,0.08645552248427302,0.047909390533809174,6.061470906062652,4.956209744211231e-05,69030.67903962827,0.31047213347532837,0.5341222222222224,0.2926906479477421,0.2738462026816871,-0.1662474273953809,-0.1166666666666667,-0.2450980392156863,-0.1519607843137254,-0.999019607843137,-0.24246987951807242,0.749133949191686,-0.15529652579736963
2021-05-17,1621209600,0.0008202,0.0007218,0.0008607,142772536.38,107731.57,0.0007546,multiply,ETH,2021-05-17 02:00:00,-0.12327175554781,6339,64556,1,26,32,74064,0,652623.5086075,1391302551.32761,-0.12327175554781,107736.155952348,False,False,0.06148911332204791,1049876.9052318146,-1.9430468328212784e-05,2.979680982764739,0.03553073649309931,0.12477936935179006,9.069270494684529e-05,0.037813158229748955,0.01713734853165292,0.11823565141583298,0.06768649997374294,-32.77479255715244,4.9615864625388435e-05,69344.55789251135,0.30553780617678383,0.5341222222222224,0.2787306225482354,0.26129394814169465,-0.016149645637271837,-0.17425108621083907,-0.26000457351932305,-0.16853418705694012,-0.8865767207866453,-0.16850393700787403,0.756797583081571,-0.15529652579736963
2021-05-18,1621296000,0.0008782,0.0007431,0.0007546,154640900.13,130580.71,0.0008444,multiply,ETH,2021-05-18 02:00:00,0.11900344553405784,6337,64556,0,25,36,74100,0,1286971.56554273,1391302551.32761,0.11900344553405784,130578.77606977201,False,False,0.0549498873908306,1174815.8743410339,-1.6301292570583458e-05,2.7562744154689782,0.039168302258513116,0.1298500048621375,7.743546207799583e-05,0.03783926836865175,0.01713734853165292,0.06415994757141136,0.040648648051532135,-96.82693030252784,4.9841465342201315e-05,69313.39903814894,0.2678736244231452,0.5341222222222224,0.29671311756478574,0.2763446749035883,-0.1406042936655183,-0.45579179737423026,-0.3117230161496456,-0.29545718601138615,-0.7241779946555129,-0.17967332123411994,0.8262596899224806,-0.15529652579736963
2021-05-19,1621382400,0.0007817,0.0006107,0.0008444,162485927.93,115111.22,0.0007084,multiply,ETH,2021-05-19 02:00:00,-0.1610611084793937,6335,64557,1,26,44,74144,0,1486801.74954685,1391302551.32761,-0.1610611084793937,115105.031345612,False,False,0.065500287498229,985598.727360479,-1.5863524025769897e-05,2.709286611289432,0.04070443200005704,0.12881916618115444,9.385361648706171e-05,0.03879323066779178,0.0,0.01876278288004311,0.009381391440021555,-18.674090390238433,4.981906988671057e-05,68490.12346015335,0.2997515086971956,0.5341222222222224,0.28531948997801565,0.2667642963327892,0.1063477025106585,-0.26265571163530343,-0.6657831963954413,-0.5915716936125099,-0.7227670288894776,0.003542958370239213,0.8783644558918222,-0.15911984228985526
2021-05-20,1621468800,0.0008596,0.0007487,0.0007084,120040851.84,96527.68,0.0008041,multiply,ETH,2021-05-20 02:00:00,0.13509316770186341,6347,64559,2,84,140,74284,0,606870.414454538,1391302551.32761,0.13499316770186343,96524.848964544,False,False,0.05770655536077799,1118746.3815225312,-2.073860388204365e-05,2.4249926988902724,0.020440082227687492,0.0924993983055421,8.273184810577424e-05,0.03435742266597534,0.0,0.01876278288004311,0.009381391440021555,-267.69485049107755,4.9227339800964664e-05,66921.70211815847,0.25147319843805466,0.21995842259006815,0.26906483363490746,0.25369791631605615,-0.19198193111236606,-0.05708195168166741,-0.44362861203221216,-0.3358597820937945,-0.3323069635243958,-0.37311058074781234,0.8656342182890855,-0.15911984228985526
2021-05-21,1621555200,0.0007551,0.0006577,0.0008041,109521487.67,80033.7,0.0007308,multiply,ETH,2021-05-21 02:00:00,-0.0911578161920159,6351,64560,1,28,34,74318,0,905739.028169668,1391302551.32761,-0.0911578161920159,80038.303189236,False,False,0.06349556638824529,1016763.9045102174,-2.992520999600117e-05,2.3157826987406502,0.02105806419833745,0.08978308649123092,6.937732477557664e-05,0.01835017427817068,0.03799122569404809,0.013527288303675056,0.025759256998861575,-104.91274677975206,4.810003550579303e-05,49252.670566592366,0.2854455094071707,0.21995842259006815,0.25567647724138703,0.23932548199658887,0.11901504787961692,-0.4398644833427443,-0.6586674195369848,-0.5570299265951442,-1.4364765669113497,-0.12141099261689892,0.8378716744913928,-0.15911984228985526
2021-05-22,1621641600,0.000735,0.0006661,0.0007308,110114586.55,78410.32,0.0007121,multiply,ETH,2021-05-22 02:00:00,-0.02558839627805143,6353,64561,1,16,20,74338,0,326955.54308,1391302551.32761,-0.02558839627805143,78412.597082255,False,False,0.06516399194980722,990746.5468003912,-4.6747798657887476e-05,2.2332120625018317,0.02058874785522622,0.08934373693602206,5.75276046988211e-05,0.01763133679536519,0.07929053960968852,0.07995559504951036,0.07962306732959944,-67.39233329539802,3.540040267991633e-05,49688.26863514723,0.2594249201277955,0.21995842259006815,0.26809900029367895,0.23805082116475398,-0.10030103995621231,-0.08767566223106593,-0.41649048625792817,-0.5184678522571822,-0.7000373087924388,0.018723404255319265,0.8268817204301075,-0.15911984228985526
2021-05-23,1621728000,0.0007345,0.0006506,0.0007121,106567412.6,69328.14,0.0006506,multiply,ETH,2021-05-23 02:00:00,-0.08636427468052243,6352,64562,1,19,22,74360,0,292924.458636364,1391302551.32761,-0.08636427468052243,69332.75863756,False,False,0.07132492686502584,905181.439893743,-3.532502130744296e-05,2.191609628093073,0.022375370509975574,0.087767201614851,5.6359126925651115e-05,0.017450066995488216,0.04129931391564043,0.0664283067458353,0.053863810330737866,-9.65970796673112,3.5713489195957867e-05,50597.36231434528,0.25278665246716364,0.21995842259006815,0.258535567150845,0.2287344648905161,-0.02626035669147586,-0.1777504105090313,-0.4053092501368363,-1.016967706622879,-0.5777230432402847,0.10535557506584736,0.8296075085324233,-0.15529652579736963
2021-05-24,1621814400,0.0008741,0.0007417,0.0006506,105497481.11,78242.8,0.0007417,multiply,ETH,2021-05-24 02:00:00,0.1400245926836765,6353,64562,0,21,23,74383,0,174025.677391304,1391302551.32761,0.13992459268367652,78247.481739287,False,False,0.06256437564835622,1031929.1023196883,-2.5124606774230137e-05,2.1985197194930604,0.018658179959688114,0.08337884701246785,4.983298461675444e-05,0.018421179272036063,0.05719139228313206,0.06342660790229623,0.06030900009271414,-63.95451877951308,3.636690112158869e-05,51244.16357916988,0.23095491657791975,0.21995842259006815,0.27010068270114096,0.23842109095902542,-0.09452812788195519,-0.05968262884426334,-0.7595843280438139,-0.8649066142395729,-0.4309787951130457,-0.1441090555014608,0.8390145395799677,-0.15529652579736963
2021-05-25,1621900800,0.0008664,0.0007581,0.0007417,122443446.42,92824.03,0.0007581,multiply,ETH,2021-05-25 02:00:00,0.02211136578131323,6356,64564,2,22,21,74404,0,218096.773259519,1391302551.32761,0.02201136578131323,92824.376731002,False,False,0.06121281482685919,1054746.4641614612,-4.1063173792787964e-05,2.1521702524410804,0.02083736058510253,0.08162199260793507,5.624045011965343e-05,0.018561625308979042,0.10090757681799231,0.06900311286557814,0.08495534484178523,-49.56808045146181,3.683179013096154e-05,50766.274105294106,0.26329428470003546,0.21995842259006815,0.2870321717391468,0.2521725545734473,0.12282594040717265,-0.29787888103289273,-0.4644943129418997,-0.9520442668306182,-0.8060252075007686,0.18435754189944142,0.8530980392156863,-0.15529652579736963
2021-05-26,1621987200,0.0008667,0.00078,0.0007581,123722295.84,100079.36,0.0008089,multiply,ETH,2021-05-26 02:00:00,0.06700962933649901,6357,64565,1,21,23,74427,0,183162.61568947,1391302551.32761,0.06700962933649901,100078.965104976,False,False,0.05736945688115964,1125424.6337689038,-2.700786269764727e-05,2.295207241870658,0.026816789675095418,0.08086141972778063,6.671760692340214e-05,0.018543060636193258,0.07996491371549377,0.047784175110366596,0.06387454441293018,2.3908241041745555,3.6488306628095995e-05,50460.46041351097,0.2691160809371672,0.21995842259006815,0.2937770181354513,0.2580755965553495,0.021633029943279314,0.044896858568154285,-0.20345153026830265,-0.48577592018336246,-0.37791559929890783,-0.1702350965575148,0.8548361310951239,-0.15529652579736963
2021-05-27,1622073600,0.0008776,0.0007405,0.0008089,116271869.69,98850.72,0.0008502,multiply,ETH,2021-05-27 02:00:00,0.05105699097539862,6357,64565,0,21,22,74449,0,579129.621783827,1391302551.32761,0.05105699097539862,98854.343610438,False,False,0.05458263193503885,1182885.429138734,-3.009288910743232e-05,2.387942768983113,0.03008838852907545,0.08090947977007407,7.19318490499989e-05,0.018447117725032235,0.06845629806278473,0.12274990873044413,0.09560310339661443,1.8223845919254273,3.626850275330879e-05,50641.713399716034,0.28714944976925805,0.21995842259006815,0.2924448373270379,0.2569392629278411,0.06280133514649511,-0.060678010816514805,-0.34546893549663626,-0.4892494393879434,-0.4707822187046564,-0.3455075061617745,0.8203672787979966,-0.15529652579736963
2021-05-28,1622160000,0.0008443,0.0006996,0.0008502,110462742.9,79942.77,0.0007237,multiply,ETH,2021-05-28 02:00:00,-0.14878852034815337,6357,64566,1,16,17,74466,0,251366.386538747,1391302551.32761,-0.14888852034815336,79941.88703673,False,False,0.06412446099502295,1006885.6563957913,-2.3832678691731916e-05,2.48280281852864,0.03178344599731787,0.08070243272805556,7.105165121425897e-05,0.01852962089925701,0.03220756888215121,0.08054223858335945,0.05637490373275533,31.093084554853164,3.639877850536007e-05,50841.74395780214,0.30181043663471774,0.21995842259006815,0.2736252079070002,0.24025872895197128,0.048576805457539396,0.09655087155396214,-0.08122141179379416,-0.5539621708493017,-0.48473235257757463,-0.10588235294117654,0.8342082980524979,-0.15529652579736963
2021-05-29,1622246400,0.0007291,0.0006608,0.0007237,105649999.26,74626.91,0.0007064,multiply,ETH,2021-05-29 02:00:00,-0.023904932983280225,6358,64568,2,11,9,74475,0,193211.821152598,1391302551.32761,-0.024004932983280224,74631.15947726401,False,False,0.06569692797841768,982816.1222578238,-5.00283054225601e-05,2.4568764248372488,0.03195736714771075,0.08081639579981238,5.745830549972598e-05,0.018572573171225945,0.0,0.005374451533059289,0.0026872257665296446,-11.805975075850796,3.6542550654627836e-05,51165.38591611771,0.256904508342208,0.21995842259006815,0.267372026124004,0.23489013013290633,-0.1747961862650269,0.16243236885438717,-0.012350035285815242,-0.43378028699129634,-0.32674664784756535,-0.2611479533501029,0.8275720164609053,-0.15529652579736963
2021-05-30,1622332800,0.0007638,0.0007161,0.0007064,101505261.78,75108.02,0.0007399,multiply,ETH,2021-05-30 02:00:00,0.04742355605889004,6360,64569,1,22,26,74501,0,187973.790769231,1391302551.32761,0.047323556058890034,75103.743191022,False,False,0.06272337974710411,1029424.7577272987,-4.0592333762975076e-05,2.6141475514878927,0.03668865317761461,0.07967269953563522,5.364121513760569e-05,0.018519165265713355,0.0,0.005374451533059289,0.0026872257665296446,20.789440738411272,3.67751686125312e-05,51800.96846816905,0.250763223287185,0.21995842259006815,0.2680852885598731,0.23549092688541123,-0.024490373725934322,0.10100870526461236,-0.042697250241813034,-0.623600939615863,-0.5241122011883379,-0.41861275705820855,0.8930944625407166,-0.15529652579736963
2021-05-31,1622419200,0.0008664,0.0007581,0.0007399,108421935.62,82191.03,0.0007581,multiply,ETH,2021-05-31 02:00:00,0.024597918637653704,6360,64570,1,14,15,74516,0,105277.507515073,1391302551.32761,0.024497918637653705,82194.66939352201,False,False,0.06121850339771851,1054746.4641614612,-4.507705274790929e-05,2.0838283984325834,0.020206574203565243,0.0751209144326669,5.398088512046243e-05,0.015114738673525994,0.0,0.04061768879371296,0.02030884439685648,46.10183529812715,3.723199416168646e-05,50752.581425309654,0.2626553070642528,0.21995842259006815,0.2768514584895253,0.24339193300720982,0.045276388701175785,-0.049971687429218425,-0.19535673839184597,-0.612400906002265,-0.7284824462061155,-0.9533527696793003,0.9346762048192772,-0.15529652579736963
2021-06-01,1622505600,0.0007639,0.0007376,0.0007581,113562929.89,83762.25,0.0007376,multiply,ETH,2021-06-01 02:00:00,-0.02704128742909906,6360,64570,0,16,18,74534,0,118499.817777778,1391302551.32761,-0.02714128742909906,83764.017086864,False,False,0.06291993956861497,1026224.7618592452,-4.310192541475047e-05,2.0541355643545542,0.02135582251252996,0.0740621955735182,5.9077494909421486e-05,0.015004730217021449,0.0,0.04577730205892789,0.022888651029463945,29.598245988920233,3.647846500164933e-05,50738.258818227776,0.2691160809371672,0.21995842259006815,0.28184404013738296,0.2506756115763484,0.024007386888273308,-0.024597918637653704,0.042573320719016206,-0.388025408839032,-0.9921611028517368,-0.5727143533870203,0.9387291444799432,-0.15529652579736963
2021-06-02,1622592000,0.000812,0.0007578,0.0007376,48717726.05,38238.09,0.0007849,multiply,ETH,2021-06-02 02:00:00,0.06412689804772231,6360,64571,1,16,15,74549,0,495909.496501053,1391302551.32761,0.06402689804772231,38238.543176645,False,False,0.059129145339200516,1092033.372537041,-7.18356702046698e-05,2.060654781645723,0.02243423265591379,0.0740645952155303,6.020546502048359e-05,0.013496502809036963,0.0,0.03957887947075358,0.01978943973537679,38.46459782951029,3.646817061451678e-05,52702.23511136408,0.2618388356407526,0.21995842259006815,0.20945868365116155,0.20471358173571877,-0.027792841648589972,-0.06700962933649901,-0.060678010816514805,-0.6528162511542013,-0.7517477905289538,-0.7927724449463582,0.9376647144948755,-0.15529652579736963
2021-06-03,1622678400,0.0008854,0.0007711,0.0007849,44381208.05,34223.36,0.0007711,multiply,ETH,2021-06-03 02:00:00,-0.01758185756147279,6360,64572,1,13,12,74561,0,671853.207594016,1391302551.32761,-0.01758185756147279,34222.349527355,False,False,0.060188282878571586,1072833.3973287202,-0.00011807744894135924,1.7409079137262358,0.01370683190400064,0.07758888092862803,2.7483988396454086e-05,0.013373350066725678,0.0,0.03441926620553865,0.017209633102769326,42.71975845996033,3.787978039792604e-05,54689.71012105946,0.27862974795882145,0.21995842259006815,0.20087620381454038,0.21891717494269522,0.060262453815772665,-0.15265726681127978,0.009219088937093334,-0.29175704989154005,-0.7218004338394794,-0.3704763089168013,0.9334659769200159,-0.15529652579736963
2021-06-04,1622764800,0.0007535,0.0006997,0.0007711,46654301.81,33899.76,0.0007266,multiply,ETH,2021-06-04 02:00:00,-0.057709765270392954,6361,64572,0,17,21,74582,0,892069.103958485,1391302551.32761,-0.05780976527039296,33899.015695146,False,False,0.06387446315395894,1010920.4337946414,-8.41419380231487e-05,1.7532475208665135,0.016570517856292207,0.07650444171983621,2.4597345483697503e-05,0.0129797290750404,0.01097237440052162,0.0,0.00548618720026081,38.73745450045989,3.93082799056707e-05,56428.98944552957,0.2737309194178204,0.21995842259006815,0.20148498797360295,0.2271025329316523,-0.017896511477110577,0.07797171614218379,0.09275066887501593,-0.1372149318384508,-0.40400050961905953,-0.5448823207443898,0.9303827751196172,-0.15529652579736963
2021-06-05,1622851200,0.0009204,0.0006837,0.0007266,88618349.07,69913.5,0.0007889,multiply,ETH,2021-06-05 02:00:00,0.08574181117533719,6364,64574,2,26,37,74619,0,2153257.04001868,1391302551.32761,0.08564181117533719,69911.015581323,False,False,0.05883207305047877,1097598.5827423516,-3.513630396537874e-05,1.331748081546413,0.010750717406605052,0.07644849032238746,2.4364948991719198e-05,0.01241169052935867,0.01097237440052162,0.0,0.00548618720026081,31.936782236473846,4.0558388534315446e-05,53093.58451245684,0.2579339723109691,0.21995842259006815,0.26957829494521657,0.31064895278160587,-0.06124415083952672,0.08390610815717803,0.1562702632602776,-0.32278563091687196,-0.46414213461289067,-0.7652015166409214,0.9300084530853762,-0.15529652579736963
2021-06-06,1622937600,0.001057,0.0008133,0.0007889,149539146.74,129727.72,0.0008675,multiply,ETH,2021-06-06 02:00:00,0.09963239954366832,6366,64577,3,33,57,74676,0,2113557.65757742,1391302551.32761,0.09953239954366831,129725.20979695,False,False,0.053504067645310585,1206954.9632767017,-1.7778100912503646e-05,1.360458401485561,0.016258055851007473,0.07662623295097615,5.024860733174998e-05,0.013775323381288172,0.0,0.12907396455380366,0.06453698227690183,45.944698876468884,3.8161063143163105e-05,52868.72832615657,0.28004969826056086,0.21995842259006815,0.3321506321104936,0.36913251750849724,0.07897071872227157,-0.018304431599229343,-0.020781723093861837,-0.20368841178089725,-0.7299752270850539,-0.8736550876114357,0.919670494258612,-0.15529652579736963
2021-06-07,1623024000,0.0008817,0.000752,0.0008675,46120934.17,34683.16,0.000752,multiply,ETH,2021-06-07 02:00:00,-0.13314121037463977,6365,64578,1,22,29,74705,0,945666.335604637,1391302551.32761,-0.13324121037463976,34682.94249584,False,False,0.06172273594845081,1046259.5185983627,-5.81365027520665e-05,1.5205705702102628,0.019767871163084934,0.0759207421791486,9.324011493629728e-05,0.013100614473987067,0.0,0.12907396455380366,0.06453698227690183,60.58316656777081,3.7999447550576345e-05,52001.967086206205,0.30795172168974083,0.21995842259006815,0.21132294336767446,0.2516509956146005,0.09060518731988465,0.03904170363797688,0.03904170363797688,-0.09101280263658262,-0.5451895043731778,-0.5841984629904275,0.9394612304331998,-0.15529652579736963
2021-06-08,1623110400,0.000803,0.0007026,0.000752,52058209.46,39187.81,0.0007528,multiply,ETH,2021-06-08 02:00:00,0.0010638297872340718,6365,64578,0,24,26,74731,0,861499.431076923,1391302551.32761,0.0009638297872340718,39189.420081488,False,False,0.06165714324287328,1047372.5606394248,-0.00017468694002180008,1.557873565505012,0.0203817189319038,0.0759339302295966,2.4928397107260966e-05,0.013287670961072884,0.0,0.09410375390497332,0.04705187695248666,37.53870323020626,3.737646210494248e-05,52146.70556203605,0.2669506567270145,0.21995842259006815,0.22748456830082853,0.26453074513365504,-0.15359042553191493,0.14974063400576365,0.06755043227665702,0.13014409221902012,-0.35446685878962536,-0.5024403113045772,0.9395088479595521,-0.15529652579736963
2021-06-09,1623196800,0.0008615,0.0007571,0.0007528,41981783.42,36167.78,0.0008615,multiply,ETH,2021-06-09 02:00:00,0.144394261424017,6365,64578,0,14,14,74745,0,127339.022857143,1391302551.32761,0.14429426142401702,36167.30641633,False,False,0.05387753619644226,1198607.147968736,-5.3507103124224784e-05,1.2061528146676905,0.013506444382884585,0.07702853350584406,2.816743205429519e-05,0.012742200041496914,0.016103708225443138,0.1022552774469832,0.05917949283621317,-1.7964255067466297,3.7480493018773356e-05,50006.8628666695,0.2672346467873624,0.21995842259006815,0.2235838814663497,0.2601380283062905,0.0010626992561105775,-0.04375000000000018,-0.13058510638297882,-0.12287234042553208,-0.5146276595744683,-0.2696254172332797,0.9357227254824734,-0.15529652579736963
2021-06-10,1623283200,0.0008898,0.0007909,0.0008615,37598646.92,31595.29,0.0008403,multiply,ETH,2021-06-10 02:00:00,-0.02460824143934992,6365,64579,1,18,15,74760,0,519953.560845953,1391302551.32761,-0.02470824143934992,31594.143006876002,False,False,0.05523767247907067,1169111.5338805907,-0.0001172582485773946,1.249430018528403,0.0071589132802131646,0.06718259965788922,2.5995285052714378e-05,0.012014914373800048,0.0166652242421478,0.008151523542009894,0.012408373892078849,-17.29083429191394,3.5942479095543886e-05,30912.534402888126,0.3058217962371317,0.14429426142401702,0.21711679652044036,0.24980720502676942,0.12617527568195008,-0.024309245483528308,0.03865568544102016,0.058979808714133886,-0.3642401700318809,-0.4737708774406022,0.9311449785072294,-0.15529652579736963
2021-06-11,1623369600,0.0008478,0.0007536,0.0008403,38285337.04,31557.9,0.0008243,multiply,ETH,2021-06-11 02:00:00,-0.019040818755206468,2867,3598,1,20,26,74786,0,430313.110769231,1391302551.32761,-0.019140818755206467,31558.603322072002,False,False,0.003137287200308476,1146850.693059349,-0.00012551792005078882,1.0528372686605085,0.005297205069194965,0.06716088554653082,2.2708319607930145e-05,0.012439596961091915,0.037025372800715356,0.01753194292223303,0.027278657861474195,19.50418882984799,2.2218412791229875e-05,32151.144441400676,0.29829605963791267,0.14429426142401702,0.2374937279507845,0.2512536505623782,-0.025229084850648453,0.1565873476494486,0.18003482298316886,0.06662797446314561,-0.4544399303540336,-0.3165676385242504,0.9259816207184628,-0.15529652579736963
2021-06-12,1623456000,0.0008294,0.0007583,0.0008243,38204487.58,29874.94,0.000782,multiply,ETH,2021-06-12 02:00:00,-0.05131626834890213,2867,3598,0,24,28,74814,0,175669.785,1391302551.32761,-0.05141626834890213,29875.90928756,False,False,0.00330698956421263,1087998.595138191,-9.940274709909897e-05,0.8827779506257079,0.00765019275908473,0.06541481290463676,2.268277542649377e-05,0.012103765834081539,0.03646385678401069,0.01753194292223303,0.026997899853121864,43.852987654203645,2.3108664905933924e-05,33303.73752232452,0.2926162584309549,0.14429426142401702,0.23350713159064052,0.24858042910454692,-0.019410408831735948,0.06116863025110075,0.11948113768892055,0.13031060335594435,-0.13388075687254553,-0.26359003397508496,0.9168321513002364,-0.15529652579736963
2021-06-13,1623542400,0.0009035,0.0008282,0.000782,44616169.43,38070.89,0.0008533,multiply,ETH,2021-06-13 02:00:00,0.09117647058823519,2867,3598,0,16,20,74834,0,521217.8118,1391302551.32761,0.09107647058823519,38070.977374619,False,False,0.003030664290653084,1187198.4670478497,-6.290772074377379e-05,0.8875882482148139,0.00030496623813049134,0.058764868639869516,2.1473337527521804e-05,0.012064602584359744,0.0,0.0327763792296618,0.0163881896148309,48.75473932898741,2.3937092252540898e-05,32218.72225162834,0.27760028399006037,0.14429426142401702,0.2583783499821555,0.2723608017447017,-0.05409207161125318,-0.05240810384568717,0.08031056654130775,0.1361154919325488,-0.08285818270047307,-0.37856467090147317,0.8979978354978355,-0.15529652579736963
2021-06-14,1623628800,0.0009554,0.0008779,0.0008533,42099722.19,39134.35,0.0009296,multiply,ETH,2021-06-14 02:00:00,0.0894175553732568,2869,3602,4,30,34,74868,0,350711.126090545,1391302551.32761,0.0893175553732568,39135.901747824,False,False,0.0027850052096886585,1293354.8517141463,-6.169369145522175e-05,0.9421039777919671,0.005644344977756909,0.05761515917632097,2.7363550320734247e-05,0.012200762008314945,0.015459921641044658,0.07238968682457983,0.043924804232812246,36.49595646154061,2.3157236519752343e-05,32094.78113055647,0.30291089811856586,0.14429426142401702,0.26598673291731545,0.2755508259973636,0.08355795148247969,0.038363171355498826,0.05677749360613815,0.16803069053708442,-0.30434782608695654,-0.1536736578287825,0.8842569887199607,-0.15529652579736963
2021-06-15,1623715200,0.0009411,0.0008394,0.0009296,35403607.3,30617.89,0.0008648,multiply,ETH,2021-06-15 02:00:00,-0.06970740103270234,2868,3602,0,20,23,74891,0,353416.629565217,1391302551.32761,-0.06990740103270235,30617.039593039997,False,False,0.002993687376187069,1203198.446388117,-8.699236824140514e-05,0.8913507084266051,0.004344050113179742,0.05845187141629842,2.8128965702305153e-05,0.012124287798629363,0.015459921641044658,0.03961330759491803,0.027536614617981344,3.8899002085145042,2.3068153723955264e-05,31277.35170773078,0.32999645012424567,0.14429426142401702,0.24555842047023788,0.25524049668150417,0.08207831325301207,0.11777803820461741,0.080159381225829,0.1307863588421423,-0.024961912574710032,-0.16689262472885025,0.8246060606060606,-0.15529652579736963
2021-06-16,1623801600,0.000876,0.000805,0.0008648,32408542.93,27624.13,0.0008524,multiply,ETH,2021-06-16 02:00:00,-0.014338575393154418,2869,3603,1,24,30,74921,0,310873.822666667,1391302551.32761,-0.014738575393154417,27625.041993532,False,False,0.0030380802368074286,1185946.2947516548,-0.0001536577499034344,0.8110205724913478,0.00738547247230544,0.05715478559851782,2.2006025622410148e-05,0.012057203722172585,0.0,0.1498558820437983,0.07492794102189915,29.23626752808343,2.2480625567663393e-05,31248.2643262662,0.30699325523606674,0.14429426142401702,0.2406159330234913,0.24725135801333573,-0.07493061979648474,0.07325731497418253,0.17050344234079173,0.18448795180722888,0.07411790017211706,0.03860364377627723,0.8324123989218329,-0.15529652579736963
2021-06-17,1623888000,0.001068,0.0008303,0.0008524,51337784.22,53587.22,0.001044,multiply,ETH,2021-06-17 02:00:00,0.2247770999530736,2870,3604,1,26,32,74953,0,564590.4000125,1391302551.32761,0.2242770999530736,53596.64672568,False,False,0.0024812053110945666,1452519.8635860248,-2.7849616083771225e-05,0.8167530857942893,0.01026469876576349,0.0653285532396329,1.9855524570965247e-05,0.012283196950181114,0.07437254389818436,0.15842812064166512,0.11640033226992474,32.36581276474478,2.245971898524045e-05,28913.811681954227,0.30259140930067446,0.2242770999530736,0.30850646135107446,0.3084864137957239,-0.014547160957296912,0.028330249768732663,0.1598057354301573,0.06463922294172064,0.1274283071230342,-0.09505900661392808,0.8023846153846154,-0.15529652579736963
2021-06-18,1623974400,0.00105,0.0008711,0.001044,79026648.05,74134.85,0.0009381,multiply,ETH,2021-06-18 02:00:00,-0.10143678160919545,2870,3604,0,21,27,74980,0,1496218.98447299,1391302551.32761,-0.10193678160919545,74134.898535705,False,False,0.00276130300051458,1305180.923400431,-3.086696766345634e-05,0.7040433984352454,0.011832143846318012,0.0636079816697442,3.8522639575796764e-05,0.011426721566115884,0.07437254389818436,0.09376135193806623,0.0840669479181253,41.25138601622202,2.0781828980593805e-05,27367.444890008966,0.3706070287539936,0.2242770999530736,0.34627941186431027,0.33863734274863655,0.18352490421455936,0.0329657437822618,0.07449554199906139,0.0025809479117785417,0.00938526513374005,0.025048169556840083,0.7730666666666666,-0.15529652579736963
2021-06-19,1624060800,0.0009316,0.0008016,0.0009381,72895041.08,60015.35,0.0008233,multiply,ETH,2021-06-19 02:00:00,-0.12237501332480538,2870,3604,0,18,22,75002,0,460272.900329587,1391302551.32761,-0.12287501332480538,60014.487321164,False,False,0.003146335897950598,1145459.3905080212,-3.5002632914363735e-05,0.8443817005057983,0.006233789606368644,0.06863864825265513,5.3284527125292715e-05,0.011283276722203988,0.03297099440541596,0.08518911334019942,0.059080053872807695,21.068527525611685,1.9670376413738605e-05,26609.644391232367,0.33301384451544197,0.2242770999530736,0.3295912671697585,0.31966655758921003,-0.11288775183882316,0.2509578544061303,0.16906130268199238,0.30680076628352493,0.32145593869731803,-0.01926733426289773,0.8590961761297798,-0.15529652579736963
2021-06-20,1624147200,0.0009647,0.0008301,0.0008233,68532545.22,59966.25,0.000875,multiply,ETH,2021-06-20 02:00:00,0.0627960646180008,2871,3605,1,30,40,75042,0,1052946.64827281,1391302551.32761,0.0622960646180008,59965.9770675,False,False,0.002961253823669488,1217389.7324116589,-4.6157221280233346e-05,0.8428575076426688,0.008943805042722974,0.06939536849986554,4.3135468460039064e-05,0.011134618766643331,0.03297099440541596,0.1945973443460362,0.11378416937572608,41.495290480966965,1.9125706601947137e-05,26370.186262052564,0.29226127085552006,0.2242770999530736,0.33236359031206364,0.32305566450356255,-0.13943884367788173,0.09039548022598876,0.19837970365632662,0.24698859396652806,0.14284191450804817,0.15757925072046108,0.7622531089978054,-0.15529652579736963
2021-06-21,1624233600,0.0008307,0.000623,0.000875,79152676.1,50806.73,0.0006419,multiply,ETH,2021-06-21 02:00:00,-0.26639999999999997,2872,3606,1,21,19,75061,0,1766232.96608542,1391302551.32761,-0.2668,50808.10278859,False,False,0.004037725263497239,893077.1076971929,-2.6034358059379362e-05,1.046900510932046,0.00563769783519342,0.07569529617704211,4.3100601670196904e-05,0.011326643997263311,0.0,0.1945973443460362,0.0972986721730181,27.14608425659999,1.8953595849364023e-05,26199.233695048646,0.3106141285055023,0.2242770999530736,0.31746556361755374,0.3190162612220406,0.0590857142857143,-0.129114539050164,0.08563099720636469,0.10129964775901856,0.1123527268310458,0.05305851063829781,0.7462272333044232,-0.15911984228985526
2021-06-22,1624320000,0.0006771,0.0006019,0.0006419,110721060.0,72886.62,0.0006583,multiply,ETH,2021-06-22 02:00:00,0.02554915095809318,2872,3607,1,22,25,75086,0,905351.94424,1391302551.32761,0.02514915095809318,72887.673798,False,False,0.003938226640691102,915894.4695389657,-5.031236425037622e-05,1.0677169388444987,0.004692571354976685,0.0759940781710262,3.651837103303508e-05,0.011392235433272663,0.00392622930833889,0.009058645632151772,0.006492437470245331,-27.766277934130088,1.8830723533173134e-05,26252.478056578817,0.2278665246716365,0.2242770999530736,0.35465387054926323,0.3543280633836479,-0.36314067611777534,0.011657142857142921,0.015428571428571458,0.13359999999999994,0.18617142857142854,0.13575982996811897,0.7416094210009814,-0.15911984228985526
2021-06-23,1624406400,0.0007087,0.0006299,0.0006583,116361083.91,77881.68,0.0006693,multiply,ETH,2021-06-23 02:00:00,0.016709706820598358,2874,3611,4,19,17,75103,0,1253075.23018306,1391302551.32761,0.016309706820598357,77880.473460963,False,False,0.0038777971033606058,931198.7976035693,-5.2539042199408775e-05,1.0499358028353727,0.0029925827940764423,0.07564837956952052,5.2388083187549006e-05,0.01011712636462993,0.02068167966260319,0.03190037479341863,0.02629102722801091,-51.84017217817231,1.8868992967437708e-05,26243.769574627153,0.2336883209087682,0.2242770999530736,0.3608981050362383,0.3609030816476818,0.02491265380525587,-0.3279326997974761,-0.30908241159059036,-0.14908864309082404,-0.01355351300825669,0.13905977945443992,0.7225531914893617,-0.15911984228985526
2021-06-24,1624492800,0.0006962,0.0006564,0.0006693,69696579.61,45746.97,0.0006564,multiply,ETH,2021-06-24 02:00:00,-0.01927386822052879,2874,3611,0,7,8,75111,0,967845.4275,1391302551.32761,-0.01977386822052879,45748.834856004,False,False,0.003954006095794109,913250.9946914433,-8.631924924795577e-05,0.9716952126198132,-0.00045103076702544077,0.07555997842610036,5.5976662578996796e-05,0.009587320233356683,0.0167554503542643,0.06449051950167009,0.0406229849279672,26.822872439168805,1.886273373795283e-05,25596.113953015683,0.23759318423855164,0.2242770999530736,0.30864517478892,0.3131261612707918,0.016435081428357923,-0.5859030837004404,-0.2521646665653958,-0.19231353486252467,-0.12668995898526503,0.09782220635487315,0.6390410958904109,-0.15911984228985526
2021-06-25,1624579200,0.0006336,0.0005793,0.0006564,50811833.98,30354.44,0.0005974,multiply,ETH,2021-06-25 02:00:00,-0.08988421694088977,2874,3611,0,12,11,75122,0,1410630.75201581,1391302551.32761,-0.09038421694088977,30354.989619652,False,False,0.004344508873919071,831164.1441631143,-7.936859625049794e-05,0.9702421018149708,-0.0019614540428419354,0.0748057489701641,3.288201751110821e-05,0.009414130250326053,0.031124025004820588,0.062357431416508444,0.046740728210664516,51.474558142081285,1.8397230658846515e-05,24805.278982509,0.23301384451544196,0.2242770999530736,0.2716302979934272,0.2756921372607935,-0.019652650822669093,-0.40161362617660257,-0.16838487972508598,-0.1520992081278949,-0.13267593007619927,0.01868251850054603,0.7116591928251121,-0.15911984228985526
2021-06-26,1624665600,0.0006408,0.0005859,0.0005974,85002529.66,52915.74,0.0006225,multiply,ETH,2021-06-26 02:00:00,0.04201540006695681,2875,3612,1,11,10,75132,0,438571.33916,1391302551.32761,0.04151540006695681,52914.07471335,False,False,0.0041704873127828565,866085.8382014373,-5.990313686510642e-05,0.9674323399237048,-0.0039935765632937385,0.07392665894535287,2.1817676960835463e-05,0.009077895283433468,0.031124025004820588,0.02070864107610521,0.025916333040462897,-3.347118474403345,1.7828817289840578e-05,23461.98460637327,0.21206957756478523,0.2242770999530736,0.33144671903987394,0.32745120645442755,-0.09876129896216934,-0.2542656916514321,-0.2999695307739183,-0.10694698354661791,-0.23232784887263858,-0.08721227621483374,0.7631140716069942,-0.15911984228985526
2021-06-27,1624752000,0.0007537,0.0006743,0.0006225,31478605.3,21851.36,0.0006942,multiply,ETH,2021-06-27 02:00:00,0.11518072289156622,2875,3613,1,12,11,75143,0,991394.820984067,1391302551.32761,0.11468072289156622,21852.44779926,False,False,0.0037407765818718,965842.2311316269,-9.890209557239971e-05,0.9496461455086325,-9.432540134651856e-05,0.07288753745710363,3.8032040308456474e-05,0.009250306439149831,0.03614450587095405,0.03955993645411015,0.037852221162532104,32.321136556220125,1.686332321031493e-05,23633.28360977357,0.22097976570820022,0.2242770999530736,0.24818110635685905,0.24756623944520292,0.040321285140562324,-0.46468028121861393,-0.5560763307666556,-0.3205557415467024,-0.423167057248075,0.15188093284893944,0.7795212765957447,-0.15911984228985526
2021-06-28,1624838400,0.0007502,0.0006877,0.0006942,17576638.82,12086.65,0.0006877,multiply,ETH,2021-06-28 02:00:00,-0.009363295880149836,2880,3613,0,19,19,75162,0,107778.098953546,1391302551.32761,-0.009763295880149835,12087.454516513999,False,False,0.003776133638411231,956798.7645479974,-0.0003864302380740778,0.9524093338180316,0.001017322557478249,0.07297136798524284,1.5706467136431206e-05,0.009260814805318904,0.05911407050343928,0.03955993645411015,0.04933700347877472,25.829548681320333,1.6986444527987245e-05,24295.362172579356,0.24643237486687963,0.2242770999530736,0.1928309935145179,0.1940095374733053,0.10328435609334474,-0.03116465863453821,-0.3892369477911646,-0.39357429718875503,-0.162570281124498,0.2401032702237521,0.8225747960108793,-0.15911984228985526
2021-06-29,1624924800,0.0007363,0.000693,0.0006877,24144017.28,17254.55,0.0007147,multiply,ETH,2021-06-29 02:00:00,0.03926130580194864,2892,3615,2,21,19,75181,0,234494.043676952,1391302551.32761,0.038861305801948645,17255.729150016,False,False,0.003635489862867712,994363.9334338428,-0.0001876197639737789,0.9513908378934696,0.00011833870014710376,0.07291016780504807,8.68786915181022e-06,0.009250598665012015,0.044252418753721934,0.04638278065874589,0.04531759970623391,48.19372800196682,1.746231410946254e-05,24515.28893097553,0.24412495562655306,0.2242770999530736,0.23160648302581394,0.22767463196859658,-0.00945179584120992,0.05171420339959654,-0.22788821665226178,-0.0832613079804092,-0.017574186113512136,0.1444264569842738,0.849058149058149,-0.15911984228985526
2021-06-30,1625011200,0.0007511,0.0006828,0.0007147,114874219.06,78440.94,0.0006828,multiply,ETH,2021-06-30 02:00:00,-0.04463411221491531,2892,3615,0,15,14,75195,0,1086503.172,1391302551.32761,-0.04513411221491531,78436.116774168,False,False,0.0038053377343168623,949981.3820464922,-3.964062720477682e-05,0.9494706792281734,0.00019808127396394768,0.07291430159496083,1.2402571341186876e-05,0.008788511706322843,0.02128285412123671,0.04638278065874589,0.0338328173899913,44.35629003389019,1.7620386671168348e-05,24349.254676437395,0.2537096201632943,0.2242770999530736,0.3851072400514728,0.36773235531961923,0.03777808870854904,0.026755852842809347,-0.5181038243420097,-0.09466337065580932,-0.07590519121710049,0.11062881276396053,0.8810719131614654,-0.15911984228985526
2021-07-01,1625097600,0.0006539,0.0006117,0.0006828,180376378.52,114139.83,0.0006328,multiply,ETH,2021-07-01 02:00:00,-0.07322788517867607,6391,64596,0,5,4,75199,0,142278.305,1391302551.32761,-0.07372788517867607,114142.172327456,False,False,0.07336984031280082,880416.2544801116,-2.290283189978608e-05,0.990645536340746,-0.001039515792807132,0.07323656031772291,5.6376031726041624e-05,0.00886946785695474,0.0,0.0,0.0,49.96602215627979,1.7501049396626797e-05,26368.67572812417,0.24238551650692225,0.2242770999530736,0.422768753778477,0.4052655403553214,-0.04671939074399534,0.0815726878410521,-0.3125787043514763,-0.2054008674968517,-0.06072477962781608,0.2934865900383141,0.8365963855421686,-0.15911984228985526
2021-07-02,1625184000,0.0009485,0.0006251,0.0006328,112794561.97,72943.68,0.0006467,multiply,ETH,2021-07-02 02:00:00,0.02196586599241468,6391,64596,0,12,12,75211,0,85999.147872855,1391302551.32761,0.02146586599241468,72944.243225999,False,False,0.07179284822938048,899755.3599435654,-5.234498854812822e-05,0.9840405326455121,-0.0019117320563324582,0.072899409489341,8.203979229286912e-05,0.013234127944959071,0.006384872180762343,0.0,0.0031924360903811716,54.803369412058224,1.8952510151701096e-05,26636.104424670117,0.22853015529071866,0.2242770999530736,0.37342022092682714,0.3634605762735554,-0.07901390644753481,0.12507322788517872,-0.2057703573520797,-0.23066783831282955,-0.08025776215582892,0.16330881569129085,0.822755905511811,-0.15911984228985526
2021-07-03,1625270400,0.0006904,0.0006459,0.0006467,148826091.57,99438.75,0.0006682,multiply,ETH,2021-07-03 02:00:00,0.033245708984072975,6391,64596,0,13,12,75223,0,406617.013333333,1391302551.32761,0.032745708984072974,99445.59438707399,False,False,0.06948284188856683,929668.364797109,-3.422805800798113e-05,1.0583016423942684,0.0007563100886169525,0.07163186856427294,5.242874251642396e-05,0.012826181665141339,0.006384872180762343,0.0,0.0031924360903811716,56.60874824504653,1.914472477553742e-05,27888.43412118512,0.23355001805706033,0.2242770999530736,0.401168806971714,0.3931503766909308,0.021493737436214744,0.01627686472819212,-0.3827433628318584,-0.3026232616940583,-0.24036030341340098,0.06340337665492524,0.7917422867513612,-0.15911984228985526
2021-07-04,1625356800,0.0008596,0.000697,0.0006682,166736771.99,127833.6,0.0007667,multiply,ETH,2021-07-04 02:00:00,0.14741095480395106,6393,64597,1,25,28,75251,0,943469.87135032,1391302551.32761,0.14691095480395105,127837.083084733,False,False,0.060557132777968474,1066711.6661028787,-1.4976335000350578e-05,1.1249468217122818,0.00482722880658414,0.07562921699536314,7.147661325869123e-05,0.013532550330179895,0.0,0.061740093232586966,0.030870046616293483,73.3416095135043,2.004483790716361e-05,30779.629557495482,0.2413145539906103,0.2242770999530736,0.4197490916529837,0.41660940769081906,0.03217599521101455,-0.07344982217411467,0.007422297819700052,-0.20921601979279414,-0.1923612184938921,0.16960000000000008,0.8143489813994685,-0.15911984228985526
2021-07-05,1625443200,0.0007469,0.000659,0.0007667,35977156.34,24499.73,0.000681,multiply,ETH,2021-07-05 02:00:00,-0.11177774879353086,6394,64598,1,24,30,75281,0,815980.342291526,1391302551.32761,-0.11227774879353086,24500.44346754,False,False,0.06817896101585391,947477.0374541024,-8.943686133127483e-05,1.3363945273427538,-0.0017608679289000911,0.07247061132987438,9.18830221095679e-05,0.012345193678519975,0.014023185169734305,0.1115911024214919,0.0628071437956131,72.87774444744184,2.212288731025823e-05,31140.746592815016,0.2768869628024558,0.2242770999530736,0.25024999779808915,0.26467315997148244,0.12847267510108262,-0.029182879377431803,0.014815923376234608,-0.2770128703980843,-0.0873989823406165,-0.2290076335877862,0.8459029435163087,-0.15911984228985526
2021-07-06,1625529600,0.00072,0.0006271,0.000681,46606839.31,30310.12,0.0006503,multiply,ETH,2021-07-06 02:00:00,-0.04508076358296609,6395,64599,1,25,36,75317,0,708550.226042835,1391302551.32761,-0.04558076358296609,30308.427603293003,False,False,0.0713987255154922,904764.0491283449,-0.00010225867511581583,1.4234366741577782,-0.0069232497378099705,0.07036086951101989,1.760971648054635e-05,0.010951276175989582,0.03216811149934801,0.10041428987838935,0.06629120068886868,54.3534431100567,2.238244051453788e-05,28022.075617672905,0.24593716143011915,0.2242770999530736,0.2732094520632856,0.2892050883070918,-0.12584434654919252,0.06782313812442942,0.12703795487152747,-0.21246902308595272,-0.02895526281466032,-0.31778824244265524,0.7989335520918786,-0.15911984228985526
2021-07-07,1625616000,0.000672,0.0006256,0.0006503,60191809.09,37657.34,0.0006256,multiply,ETH,2021-07-07 02:00:00,-0.03798246962940177,6395,64599,0,29,34,75351,0,612589.530823529,1391302551.32761,-0.03848246962940177,37655.99576670401,False,False,0.07421769693530145,870398.8761105528,-8.685550560139791e-05,1.3812294680748458,-0.0058072414514394625,0.0698848541607167,2.178421046836439e-05,0.010860471698053107,0.018144926329613703,0.05056328068948442,0.03435410350954907,52.16771579960005,2.014089285679355e-05,27971.098575493244,0.23485012639942218,0.2242770999530736,0.3034249482156119,0.31158371126263346,-0.047208980470552,-0.002643171806167466,0.03612334801762107,-0.26989720998531586,-0.27386196769456683,-0.12356193037501861,0.813531914893617,-0.15911984228985526
2021-07-08,1625702400,0.0006555,0.0005709,0.0006256,40817328.27,25892.59,0.0006344,multiply,ETH,2021-07-08 02:00:00,0.01406649616368294,6396,64600,1,24,32,75383,0,1080735.11421727,1391302551.32761,0.01346649616368294,25894.513054488005,False,False,0.07318932842631251,882642.3385622358,-0.0001646665244785482,1.37604414492897,-0.004953762983242002,0.07019151821182364,2.7065281904911242e-05,0.010926633372352746,0.0,0.0,0.0,62.79393413407668,2.0104253060416395e-05,28252.596280999824,0.22592993860599495,0.2242770999530736,0.26671521496727413,0.28096715167364683,-0.039482097186700704,0.026910656620021567,0.08134707058280799,-0.3107796401660772,-0.1563893587574965,-0.14686166971358916,0.775241439859526,-0.15911984228985526
2021-07-09,1625788800,0.0006866,0.0006222,0.0006344,78336903.55,50425.54,0.0006437,multiply,ETH,2021-07-09 02:00:00,0.014659520807061677,6396,64600,0,17,20,75403,0,372420.483,1391302551.32761,0.014059520807061677,50425.464815135,False,False,0.0721319092025053,895581.4522895826,-8.374073071298729e-05,1.4749639097542493,-0.0043078810771787325,0.06987820105018529,1.8611705289966527e-05,0.0110161031910295,0.029225751961662893,0.10730317202782376,0.06826446199474333,32.50495803098287,2.0306579797500265e-05,28132.59579083693,0.24790933958577568,0.2242770999530736,0.33234030564830297,0.3458217463638028,0.013871374527112179,-0.033727621483375936,0.004955242966751983,-0.6687979539641944,-0.20332480818414322,-0.44208235687981245,0.7676728334956183,-0.15911984228985526
2021-07-10,1625875200,0.0007387,0.000612,0.0006437,100973159.65,74585.29,0.0007387,multiply,ETH,2021-07-10 02:00:00,0.14758427839055477,6396,64600,0,10,10,75413,0,1392418.27016,1391302551.32761,0.14698427839055478,74588.873033455,False,False,0.06285543516130047,1027755.1946657056,-2.5652028374256836e-05,1.660987651641204,0.002230392200543534,0.0746567480054819,3.624334963449752e-05,0.011187156053172158,0.029225751961662893,0.1547906842947136,0.09200821812818824,56.34371858127808,2.0220329333826218e-05,28220.214391831287,0.2515435717076983,0.2242770999530736,0.36977262694781365,0.3871629282813406,0.014447724095075332,-0.05327868852459017,-0.09426229508196715,-0.4787200504413618,-0.3579760403530894,-0.3498795180722891,0.8262569832402235,-0.15911984228985526
2021-07-11,1625961600,0.0008134,0.0007063,0.0007387,67350136.52,51897.46,0.0007706,multiply,ETH,2021-07-11 02:00:00,0.04318397184242584,6397,64601,1,21,24,75437,0,1443263.91271728,1391302551.32761,0.042583971842425836,51900.015202311995,False,False,0.06025438451152444,1072137.7460530563,-6.0544989485935924e-05,1.7253852043881732,0.005143973339102275,0.07333993998861396,5.361082171687297e-05,0.011170249707708874,0.0,0.1285986155356583,0.06429930776782915,64.67468738403646,2.0283305284607556e-05,27962.060361156826,0.30856307435254804,0.2242770999530736,0.33154749618377843,0.36945792542932804,0.12860430485988905,-0.19108280254777088,-0.06835482367562529,-0.27901196209414336,-0.30542178033245304,-0.18740996830884482,0.7685768261964736,-0.15911984228985526
2021-07-12,1626048000,0.0007318,0.0006302,0.0007706,26835394.79,17457.0,0.0006505,multiply,ETH,2021-07-12 02:00:00,-0.155852582403322,6397,64602,1,18,21,75458,0,926156.270705478,1391302551.32761,-0.156352582403322,17456.424310895,False,False,0.07138008832514806,905042.3096386103,-0.00010648484878692869,1.753530221381134,0.00019233829969874834,0.07634449601124567,3.730318409377451e-05,0.011216145670516172,0.05480285201729339,0.08111110326876847,0.06795697764303094,68.27702655487373,2.0097756835473955e-05,28386.56455678446,0.36434988179669026,0.2242770999530736,0.22415996353590964,0.26559886461339705,0.04139631456008297,0.07811019358332216,0.03248950859618249,-0.18451333423581961,-0.1158792473263841,-0.13712374581939812,0.7468070804391664,-0.15911984228985526
2021-07-13,1626134400,0.0007762,0.000621,0.0006505,55188185.54,37484.56,0.0006792,multiply,ETH,2021-07-13 02:00:00,0.044119907763259025,6398,64604,2,14,15,75473,0,3120176.82639098,1391302551.32761,0.043619907763259025,37483.815618768,False,False,0.06836599669812272,944972.6928617128,-8.32584443090791e-05,1.8262648962541088,0.0046330866963086165,0.07572397100689245,1.2546821174328843e-05,0.011792139677737415,0.07569403026032039,0.06141363955928762,0.068553834909804,50.34911771066927,2.0402869620053094e-05,28396.603280238167,0.31902893575282004,0.2242770999530736,0.29912832877984075,0.34034992016785875,-0.1846272098385855,0.15611212042564226,0.1139371917985984,0.16701271736309364,-0.014793667272255506,-0.19392752203721852,0.794607843137255,-0.15911984228985526
2021-07-14,1626220800,0.000698,0.0006382,0.0006792,83003003.07,52968.4,0.0006382,multiply,ETH,2021-07-14 02:00:00,-0.06036513545347466,6399,64605,1,9,8,75481,0,1198566.8562002,1391302551.32761,-0.060965135453474664,52972.516559273994,False,False,0.07275917221606555,887929.2882572807,-5.299622805632675e-05,1.832163671188982,0.0027278574828192197,0.0765357690237831,2.6941527263786124e-05,0.011788804813886365,0.020891178243026998,0.06141363955928762,0.04115240890115731,56.55710002740861,2.041008496185214e-05,28290.728850561973,0.33310446297204516,0.2242770999530736,0.3328840637198042,0.37723155404608183,0.04225559481743224,0.03827824750192166,0.02720983858570336,-0.011990776325903063,-0.31176018447348186,-0.3614528412419449,0.7861879716441802,-0.15911984228985526
2021-07-15,1626307200,0.0006522,0.0005755,0.0006382,77491042.93,47565.12,0.0006138,multiply,ETH,2021-07-15 02:00:00,-0.03823252898777818,6400,64606,1,19,18,75499,0,95990.4566666667,1391302551.32761,-0.03873252898777818,47564.002150434004,False,False,0.07565269217859419,853981.5060048869,-6.862476734446119e-05,1.9347322512098546,0.005681179426215621,0.07544412342249678,3.807404543945277e-05,0.011886248141014435,0.01776828468205184,0.0,0.00888414234102592,54.1426533232223,2.0333987617262948e-05,28010.127657080797,0.36975666280417147,0.2242770999530736,0.3216425627181032,0.36894910387381596,-0.06424318395487316,0.06595995288574796,0.04785041224970554,0.014575971731448867,-0.3686690223792697,-0.36662452591656125,0.7715812710584409,-0.15656961306905892
2021-07-16,1626393600,0.0006194,0.0005819,0.0006138,35640797.92,21407.86,0.0006007,multiply,ETH,2021-07-16 02:00:00,-0.021342456826327738,6400,64606,0,9,8,75507,0,1242484.95825,1391302551.32761,-0.02184245682632774,21409.427310544,False,False,0.07730251782790262,835755.4425824954,-0.00017968985607026876,1.9965133995206041,0.004216075903956343,0.07486450826961197,3.4186670688591376e-05,0.011815821214692912,0.03432990346745027,0.0024859098167097343,0.018407906642080002,47.72143435863378,2.013230524902937e-05,28221.87809840268,0.3556199304750869,0.2242770999530736,0.24296509968557778,0.29494929333527714,-0.03975236233300761,-0.008617988091507378,-0.047007207771858406,-0.02851770604826065,-0.35506110937010327,-0.318076387815061,0.7547044791942751,-0.15656961306905892
2021-07-17,1626480000,0.000627,0.000589,0.0006007,11168979.77,6790.6,0.000608,multiply,ETH,2021-07-17 02:00:00,0.012152488763109703,6400,64606,0,9,8,75515,0,292373.2975,1391302551.32761,0.011652488763109703,6790.73970016,False,False,0.07637437904477157,845911.9512071869,-0.0006494463767471251,2.3286391666921786,-0.0019598475444844703,0.05833305364603392,1.5388045749010292e-05,0.011325568028869186,0.04262853362700758,0.03149383207371613,0.037061182850361855,57.35350133516067,2.0284501075249785e-05,29422.261394842455,0.3480301274623407,0.14698427839055478,0.1311162375917419,0.18622704108727867,-0.021807890794073526,-0.20348647768002626,-0.24910394265232982,0.02671880091234924,-0.3887259693711307,-0.5624064651302005,0.7616058739933681,-0.15656961306905892
2021-07-18,1626566400,0.0006243,0.0005865,0.000608,12944447.5,8081.82,0.0006243,multiply,ETH,2021-07-18 02:00:00,0.026809210526315796,6400,64606,0,3,2,75517,0,32179.31,1391302551.32761,0.026309210526315796,8081.2185742500005,False,False,0.07438030187285136,868590.182793827,-0.0004478297104455341,2.3675771336389326,-0.0020905253078847556,0.058274210306443024,4.880850461806552e-06,0.010955607468878602,0.026066914841609157,0.029007922257006394,0.027537418549307774,54.93237604033759,2.114727768361175e-05,30116.007705891374,0.3522595596755504,0.14698427839055478,0.15038984996421464,0.20695524360932807,0.012006578947368451,-0.28283669052771754,-0.13367737639420674,-0.03629099384051937,-0.7379723655734975,-0.22355549758706128,0.7104743083003953,-0.15656961306905892
2021-07-19,1626652800,0.0006001,0.0005456,0.0006243,12891104.0,7736.44,0.0006001,multiply,ETH,2021-07-19 02:00:00,-0.03876341502482783,6400,64607,1,9,7,75524,0,623173.172114286,1391302551.32761,-0.03926341502482783,7735.9515104,False,False,0.07738100518271819,834920.6610516987,-0.00042015237356845793,2.1880132014477893,0.00032307381305138333,0.055984585322943335,5.8083833502200745e-06,0.011162598407719444,0.005875058636576376,0.003676452437329165,0.00477575553695277,57.604531796377685,2.1645908488526846e-05,30951.560622546804,0.36170336037079953,0.14698427839055478,0.15004544073479986,0.2059770381801192,0.026109242351433637,-0.06990131578947367,-0.06957236842105252,-0.14177631578947358,-0.5429276315789473,-0.20895741556534508,0.7429424200970028,-0.15656961306905892
2021-07-20,1626739200,0.0005896,0.0005717,0.0006001,24716943.48,14130.34,0.0005717,multiply,ETH,2021-07-20 02:00:00,-0.047325445759040186,6400,64608,1,12,11,75535,0,1408281.10909091,1391302551.32761,-0.047825445759040186,14130.676587516,False,False,0.08122627245247029,795407.6685939946,-0.00021589250478802328,2.137682970651079,-0.0014286547978515666,0.05454379853734678,5.560222327644115e-06,0.010696812291570663,0.005875058636576376,0.003676452437329165,0.00477575553695277,43.50806257375736,2.224646292282881e-05,31433.14736389235,0.40712347354138395,0.14698427839055478,0.21138731402578825,0.2670098140210437,-0.040326612231294856,-0.08793849111004315,-0.0020823322120775423,-0.10155374018901164,-0.31875700784879046,-0.34553283100107635,0.7261904761904762,-0.1529937544784961
2021-07-21,1626825600,0.0007182,0.0005985,0.0005717,86033449.26,53206.85,0.0006184,multiply,ETH,2021-07-21 02:00:00,0.08168619905544872,6401,64608,0,10,7,75542,0,5307357.59142857,1391302551.32761,0.08128619905544872,53203.085022384,False,False,0.07509227031222067,860381.497740994,-4.7081296367329175e-05,1.7157389704403747,0.0013020981489498848,0.04937120464960282,1.0156436911606475e-05,0.011316029375440071,0.013384981092352635,0.0,0.0066924905461763174,39.038649108276985,2.2592603840119592e-05,31447.99950645307,0.38785617367706915,0.14698427839055478,0.3422435975315807,0.3974468059612631,-0.04967640370823867,-0.06348941843026168,-0.057157140476587376,-0.19096817197133809,-0.4580903182802867,-0.02605498721227617,0.7226513130178346,-0.14608074501501378
2021-07-22,1626912000,0.0006479,0.0006074,0.0006184,17431048.98,10940.94,0.0006277,multiply,ETH,2021-07-22 02:00:00,0.015038809831824151,6401,64608,0,5,4,75546,0,102557.595,1391302551.32761,0.014638809831824152,10941.469444746,False,False,0.07397970361809345,873320.6114683409,-0.0003835975705374215,1.686897022745492,0.0013174520092343724,0.049359972202161956,3.8239766736297945e-05,0.011164999371786295,0.013384981092352635,0.0,0.0066924905461763174,28.568004531088015,2.260327883136901e-05,31660.62781058269,0.4195386702849389,0.14698427839055478,0.1893434716366307,0.2448731805152698,0.07551746442432083,-0.07364002099002964,-0.12594017841525273,-0.19433269197131375,-0.12279167395487156,-0.03767339218158883,0.6964340608668921,-0.14608074501501378
2021-07-23,1626998400,0.0006589,0.0006377,0.0006277,133826954.99,85337.57,0.0006377,multiply,ETH,2021-07-23 02:00:00,0.01593117731400362,6401,64608,0,4,4,75550,0,365546.585,1391302551.32761,0.015431177314003619,85341.449197123,False,False,0.07281960163255019,887233.636981617,-4.850488585878129e-05,1.6787011878219227,0.0007444301477029389,0.049763459511335394,7.864191317916741e-06,0.011012880826210117,0.0,0.005139921103249629,0.0025699605516248144,55.82180349949384,2.2756105622297218e-05,31952.711476712,0.4258480325644505,0.14698427839055478,0.3918510884367542,0.44557762971426096,0.014815994902023344,0.028622250970245733,-0.1945342820181113,-0.023285899094437346,-0.06452134540750332,-0.039770079229454636,0.7372252932452474,-0.14608074501501378
2021-07-24,1627084800,0.0006995,0.0006558,0.0006377,30941167.09,20967.4,0.0006777,multiply,ETH,2021-07-24 02:00:00,0.06272541947624277,6401,64609,1,14,13,75563,0,583131.912082957,1391302551.32761,0.06222541947624277,20968.828936893,False,False,0.06852261872805862,942885.7390347214,-0.00013205260568154438,1.861120029561998,0.0038587170072307765,0.048342815201036456,6.133924581370774e-05,0.011020377834913083,0.007112997973730383,0.005139921103249629,0.006126459538490006,55.868516952477904,2.296604102840324e-05,32225.776133041814,0.4326322930800543,0.14698427839055478,0.25563438798758326,0.30911252808392625,0.01568135486906075,0.03138441930858693,-0.22765652381711,-0.030269236896606655,-0.06627369762625457,0.11141193989440912,0.7564965044189421,-0.14608074501501378
2021-07-25,1627171200,0.0008119,0.0006583,0.0006777,29628643.12,20804.9,0.0007022,multiply,ETH,2021-07-25 02:00:00,0.03615168953814374,6401,64610,1,16,15,75578,0,860209.900493466,1391302551.32761,0.03565168953814374,20805.233198864003,False,False,0.06613286451571262,976972.6515422479,-0.0001595767546971146,1.869871171986881,0.0015721499303870798,0.04839497410852811,1.5071365259040246e-05,0.011733259070012509,0.011032687614255101,0.03429318331287943,0.022662935463567263,58.7880354025073,2.316230650356481e-05,32401.27264679393,0.4597693351424695,0.14698427839055478,0.25648015826661197,0.3108417063629595,0.059023166592887644,0.021013015524541268,-0.02007213423239773,-0.04782813235063488,-0.02932413360514352,0.22475992732935368,0.7631351217703053,-0.14608074501501378
2021-07-26,1627257600,0.0007355,0.000624,0.0007022,15555920.16,10400.7,0.0006686,multiply,ETH,2021-07-26 02:00:00,-0.047849615494161335,6403,64611,1,20,20,75598,0,1258445.64560892,1391302551.32761,-0.048349615494161335,10400.688218976,False,False,0.069457397866978,930224.88581764,-0.00029225875564842604,1.4199371519735242,-0.002676804452567816,0.05487919645199949,1.4953780670502771e-05,0.01200807858031109,0.07286580572859948,0.10978337263134036,0.09132458917996991,56.57099968086625,2.328844478569809e-05,32873.24236957286,0.4763907734056988,0.14698427839055478,0.19029557557086854,0.24651308873766128,0.034890344631159254,0.11450494319020221,-0.002213368747233213,-0.13132654566917523,0.11848900693522213,0.043043812451960095,0.7955775111738415,-0.14608074501501378
2021-07-27,1627344000,0.0007366,0.0005985,0.0006686,19246338.9,11962.27,0.0006215,multiply,ETH,2021-07-27 02:00:00,-0.07044570744839962,6403,64611,0,17,18,75616,0,2091573.09456667,1391302551.32761,-0.07084570744839962,11961.599626349998,False,False,0.07472118457580287,864694.5356501096,-0.0002217858025543315,0.7296124575798582,-0.005528619717806637,0.05997636967256819,7.475504310008952e-06,0.012182075130519755,0.08336108547013114,0.07549018931846094,0.07942563739429603,-48.91153571248729,2.3627673461968802e-05,33120.505016663235,0.45359565807327,0.14698427839055478,0.20667984134708195,0.26330864918914976,-0.05025426263834887,0.1858444887496441,0.09114212475078332,0.030190828823697058,0.11350042722870979,-0.022084805653710182,0.7425728893187784,-0.14608074501501378
2021-07-28,1627430400,0.0006673,0.0006213,0.0006215,23518714.26,15153.43,0.0006443,multiply,ETH,2021-07-28 02:00:00,0.036685438455349884,6404,64612,1,17,20,75636,0,743894.673380784,1391302551.32761,0.036285438455349886,15153.107597718,False,False,0.07207812349028335,896416.2338203791,-0.00021813184877590055,0.7809861172330885,-0.005293248389034266,0.060190076405845505,8.597410832702053e-06,0.012067793315821957,0.014414969382056384,0.004767505063187787,0.009591237222622086,1.7223305068614394,2.3805393719043323e-05,33034.250310384756,0.4216417910447761,0.14698427839055478,0.23001503437171159,0.28858911715210667,-0.07578439259855196,0.07508226144181873,0.08196230930302129,0.027370625186957764,-0.03828896201017051,-0.07756189282356618,0.7461778029445074,-0.14608074501501378
2021-07-29,1627516800,0.0006911,0.0006435,0.0006443,64147383.59,42806.01,0.0006673,multiply,ETH,2021-07-29 02:00:00,0.03569765637125566,6404,64612,0,14,14,75650,0,159308.938484847,1391302551.32761,0.03519765637125566,42805.549069607005,False,False,0.0695937883482535,928416.1925009142,-7.785603298292287e-05,0.7741996577368834,-0.003950237707459858,0.06080638882405623,1.0891310149081943e-05,0.012086700785469832,0.02564679748688831,0.030476438471479732,0.028061617979184023,-10.296455943949383,2.374339806885482e-05,32723.76934126372,0.43710990502035274,0.14698427839055478,0.3296375246301385,0.3915959285695441,0.03538724196802734,-0.009975864843121629,0.03346741753821392,-0.006596942880128687,-0.1065164923572004,-0.16438579341805148,0.7203676172455737,-0.14608074501501378
2021-07-30,1627603200,0.0007144,0.0006405,0.0006673,90550967.46,62463.04,0.0006898,multiply,ETH,2021-07-30 02:00:00,0.033717967930466,6404,64613,1,12,13,75663,0,281634.557824874,1391302551.32761,0.033217967930466,62462.05735390799,False,False,0.06732480967775825,959720.4999057853,-5.426853604089791e-05,0.7575035924244167,-0.003980030405305089,0.06082972583151242,3.076652812054506e-05,0.01210250842541399,0.02564679748688831,0.08872633666893902,0.05718656707791366,38.376215624143065,2.3520239584149413e-05,32260.450139591754,0.4527137042062415,0.14698427839055478,0.36433733368916327,0.42984400073895873,0.03446725610669865,0.010243675306534139,0.05634021418593815,0.015365512959801264,-0.10926586993636511,-0.13667388047278184,0.7053159213824034,-0.14608074501501378
2021-07-31,1627689600,0.0008861,0.0007089,0.0006898,22593759.69,18304.56,0.0008102,multiply,ETH,2021-07-31 02:00:00,0.17454334589736153,6404,64613,0,17,18,75681,0,542357.559431261,1391302551.32761,0.17404334589736153,18305.464100838,False,False,0.05731998730648931,1127233.3270856296,-9.535853109280685e-05,0.7263060900095983,0.004477116749246725,0.06879153704383735,4.4894661692602655e-05,0.012661863641064619,0.04455242795337673,0.10897633161338413,0.07676437978338044,20.061847621917643,2.3187228477952663e-05,29583.60977337558,0.5194277108433735,0.17404334589736153,0.24782930419634605,0.3114476984756049,0.03261815018846037,-0.015585194065637742,0.06443878315600171,0.03536640191817775,-0.02322793346320995,-0.04078947368421049,0.7018709327548807,-0.14608074501501378
2021-08-01,1627776000,0.0008181,0.0007158,0.0008102,12954457.07,9603.9,0.0007414,multiply,ETH,2021-08-01 02:00:00,-0.08491730436929146,6405,64614,1,9,8,75689,0,119768.026529801,1391302551.32761,-0.08541730436929146,9604.434471698001,False,False,0.06264010313817872,1031511.7115542901,-0.0002567644553249065,0.9323578647137194,0.00012246312803872926,0.06923281238249791,1.3157069311323077e-05,0.00840709342482457,0.04455242795337673,0.045958928352737065,0.045255678153056894,46.72055945646886,2.1263246980425846e-05,29324.536409913446,0.6379527559055117,0.17404334589736153,0.19496641806171983,0.25123534299315564,0.14860528264626016,-0.017976224992751755,0.1300376920846622,-0.07089011307625404,0.08263264714409968,-0.035880185808105036,0.710663778825328,-0.14608074501501378
2021-08-02,1627862400,0.0007564,0.0006782,0.0007414,14378195.04,10501.3,0.0007304,multiply,ETH,2021-08-02 02:00:00,-0.014836795252225587,6405,64614,0,8,8,75697,0,153528.8525,1391302551.32761,-0.015336795252225588,10501.833657215999,False,False,0.06358347818544047,1016207.3834896863,-0.00040094379280374975,0.8745797207404704,0.0005190915221747086,0.0692414174244869,6.9031961901696e-06,0.008551530187549995,0.03249396159451906,0.09869170740309471,0.06559283449880689,35.855558364292094,2.1077037759997896e-05,27243.65021889456,0.5898170246618933,0.17404334589736153,0.20926883227953486,0.26072174124656183,-0.09279741030482858,0.174771661318193,0.2943717600592446,0.04887682053813869,0.20180202419155757,-0.11348108648558575,0.740500583581896,-0.14608074501501378
2021-08-03,1627948800,0.0008026,0.0006521,0.0007304,193078388.35,125913.1,0.0006521,multiply,ETH,2021-08-03 02:00:00,-0.10720153340635274,6404,64615,1,16,16,75713,0,3353021.87847113,1391302551.32761,-0.10770153340635275,125906.41704303499,False,False,0.07121927805179235,907268.3937207344,-1.7735749922267604e-05,0.9104209494669966,-0.0067963380914846565,0.0663795394655236,7.548202687614516e-06,0.008369926993179243,0.08994139757144617,0.12553033217161438,0.10773586487153028,36.955705017631644,1.9581398878984375e-05,27022.441342698097,0.581066030230708,0.17404334589736153,0.46227612835643844,0.5030412096725542,-0.015060240963855387,0.16172106824925825,0.16590234691124905,0.12260588076611811,0.09873212840571899,-0.3410879832079763,0.7141480869804568,-0.14608074501501378
2021-08-04,1628035200,0.0007905,0.0006814,0.0006521,33791270.41,23947.44,0.0007087,multiply,ETH,2021-08-04 02:00:00,0.08679650360374191,6406,64615,0,28,32,75745,0,1361650.35208896,1391302551.32761,0.08629650360374191,23947.873339567,False,False,0.06553138312060644,986016.1181258772,-0.00010206288067975102,0.8147759350861956,-0.0006555052975358498,0.06602933488302067,9.049535410029433e-05,0.008818595778473584,0.129618258693619,0.029439789511276022,0.07952902410244751,32.05669275328167,1.9422404793919712e-05,27028.808245658376,0.518774860779634,0.17404334589736153,0.3001919386300886,0.33613621262859417,-0.12007360834227887,0.11788061336254108,0.14060788608981378,0.07009857612267245,-0.049698795180723065,-0.10122897800776198,0.7163138547344403,-0.14608074501501378
2021-08-05,1628121600,0.0007922,0.000679,0.0007087,120573710.12,88694.0,0.0007356,multiply,ETH,2021-08-05 02:00:00,0.037956822350783126,6406,64615,0,18,20,75765,0,906396.836902459,1391302551.32761,0.037456822350783125,88694.02116427201,False,False,0.06313497990426017,1023442.1567565899,-3.688305002148413e-05,0.7887425030417821,0.001060460991462714,0.06575259299798274,1.721255618823917e-05,0.008899205413619543,0.0721708227166919,0.10207258050311127,0.08712170160990158,35.56480825245096,1.9426981011331373e-05,28770.710783519426,0.5656025538707103,0.17404334589736153,0.4285441973752915,0.46454793292846674,0.07986454070833926,-0.023309308388284045,0.022082502683637317,0.021315749118233307,-0.044318356080355725,-0.036004460729647914,0.7483573487031701,-0.14608074501501378
2021-08-06,1628208000,0.0009256,0.0007231,0.0007356,88680709.08,76948.96,0.0008677,multiply,ETH,2021-08-06 02:00:00,0.1795812941816204,6407,64616,1,29,37,75802,0,851114.214123627,1391302551.32761,0.17918129418162038,76948.251268716,False,False,0.05352404053071553,1207233.223786967,-2.2315351588763138e-05,1.0074101368301998,0.005158100582457817,0.06983985283186858,6.374891002653472e-05,0.009456868996135076,0.0,0.09947141576035491,0.049735707880177456,-2.7872927281583486,2.067897507703541e-05,29717.681340719213,0.58707102952913,0.17918129418162038,0.40660998593145287,0.4545144572409477,0.03656878738444802,0.02666854804571761,0.04374206293212923,0.1339071539438409,0.082404402426979,0.018974439391563513,0.699468085106383,-0.14608074501501378
2021-08-07,1628294400,0.001044,0.0009487,0.0008677,31161414.04,29563.74,0.0009487,multiply,ETH,2021-08-07 02:00:00,0.09335023625677086,6411,64618,2,17,17,75819,0,1504807.90103922,1391302551.32761,0.09295023625677086,29562.833499748,False,False,0.04895567352203859,1319928.7304445037,-8.021547995888887e-05,1.1078503743635904,0.0052534830673392555,0.07029957295205509,5.5306627013147046e-05,0.009672670015672721,0.009862685234738761,0.02861672135588884,0.0192397032953138,10.904646517390233,2.135961104388257e-05,29680.02793976475,0.6924980047885075,0.17918129418162038,0.3089343745381011,0.359599165853466,0.15224155814221507,-0.10141381185426868,0.04540511147362691,0.1833877107123436,0.14953779227841213,0.06389257783680102,0.6507704569606801,-0.14608074501501378
2021-08-08,1628380800,0.001025,0.000874,0.0009487,13698126.91,12797.65,0.0009343,multiply,ETH,2021-08-08 02:00:00,-0.015178665542321057,6414,64619,1,10,7,75826,0,428233.52,1391302551.32761,-0.015578665542321056,12798.159972013,False,False,0.049710977439030385,1299893.973705386,-0.00032722394695603856,1.1089296660793775,0.00462313608622147,0.07043994458212148,2.124831401447408e-05,0.009873418312311364,0.030637802389706516,0.02861672135588884,0.029627261872797676,3.1862147741024955,2.1332547627001365e-05,29877.823822244118,0.7571428571428571,0.17918129418162038,0.22735326979115855,0.2786113400775145,0.08537999367555604,0.14555722023740925,0.2294571856632477,0.2992969920479428,0.26887172986055086,0.08330959840501295,0.6709228090539756,-0.14608074501501378
2021-08-09,1628467200,0.001076,0.0009178,0.0009343,44231326.01,43396.74,0.0009811,multiply,ETH,2021-08-09 02:00:00,0.05009097720218336,6414,64619,0,10,12,75838,0,1707975.04678446,1391302551.32761,0.049690977202183365,43395.35394841099,False,False,0.04733968629220884,1365006.9331075181,-6.8991588049599e-05,1.0962431558670322,0.0002623236805012832,0.06569733429286417,9.198689357538178e-06,0.009937517499748022,0.07293642287024107,0.05753244195865298,0.06523443241444703,21.141116105432403,2.1474713601102845e-05,29036.6300609491,0.7456504389465284,0.17918129418162038,0.3490519066930058,0.39771745527327695,-0.015412608369902658,0.23010435332560353,0.34489301148940654,0.3419416043006218,0.3214925687783283,-0.10484594675441228,0.6473878376770201,-0.14608074501501378
2021-08-10,1628553600,0.001068,0.0009425,0.0009811,44888966.93,42307.9,0.0009425,multiply,ETH,2021-08-10 02:00:00,-0.03934359392518594,6414,64619,0,13,14,75852,0,142735.677142857,1391302551.32761,-0.03984359392518594,42307.851331525,False,False,0.04927847874937516,1311302.6546262724,-7.6473326176405e-05,1.0857761991935384,-0.0016264353697663632,0.0658397402732536,3.1190450924568665e-05,0.009985923991550827,0.08573973412446231,0.09890606515677385,0.09232289964061807,1.8089048753791985,2.0870104804481054e-05,28897.299858146944,0.9397509578544061,0.17918129418162038,0.3504301163134301,0.3948627311347376,0.04770155947405963,0.3020443112490635,0.31039280744942743,0.3577009525848228,0.2093545970245103,-0.2399034593724858,0.5878927574912047,-0.13841550545290163
2021-08-11,1628640000,0.001044,0.0009174,0.0009425,41987461.63,39847.19,0.000949,multiply,ETH,2021-08-11 02:00:00,0.006896551724137945,6415,64619,0,18,22,75874,0,167823.613140495,1391302551.32761,0.006396551724137944,39846.10108687,False,False,0.04894095492232465,1320346.1212099018,-0.00012489888864083854,0.9734315503539792,0.0047587621067130504,0.06070393548846549,3.0408807409397737e-05,0.01012703483425328,0.05105246821323499,0.0708064336540193,0.060929450933627144,24.367547862812444,2.0769961091908105e-05,28740.798907969525,0.9027777777777778,0.17918129418162038,0.34566064406365216,0.38869547596876464,-0.04095490716180361,0.27764753847721935,0.3198450718581184,0.41728671898889,0.21455509122413619,-0.009622846500077609,0.5046035805626599,-0.13841550545290163
2021-08-12,1628726400,0.001006,0.0009447,0.0009807,7399319.65,7440.8,0.001006,multiply,ETH,2021-08-12 02:00:00,0.06006322444678602,6415,64619,0,14,14,75888,0,229748.545714286,1391302551.32761,0.05956322444678602,7443.7155679,False,False,0.04616795847046331,1399650.3666355757,-0.0004913490008185025,0.942228420277957,0.005842178730625213,0.0614897249701003,2.8639422136362807e-05,0.009432324315756923,0.017474039804045976,0.029432810455898437,0.023453425129972207,30.380509838277746,2.065747588872345e-05,29159.429762398915,0.9090038314176245,0.17918129418162038,0.1803306853074374,0.22556668884973394,0.006849315068493178,0.21952254641909819,0.2681167108753316,0.3438726790450929,0.309814323607427,-0.01783305859433537,0.3822805578342904,-0.13841550545290163
2021-08-13,1628812800,0.001097,0.000964,0.001006,90778263.43,90531.16,0.0009973,multiply,ETH,2021-08-13 02:00:00,-0.008648111332007935,6416,64620,1,17,19,75907,0,496398.480859147,1391302551.32761,-0.009048111332007934,90533.16211873901,False,False,0.046571427827348,1387546.0344390254,-5.2471538758015874e-05,0.8879849965042262,0.007193044345537744,0.06081429871250791,5.350177472755333e-06,0.009614772574205878,0.0,0.03626333804186707,0.018131669020933536,24.796367591783138,2.095836720386545e-05,30709.500592132375,0.9636015325670497,0.17918129418162038,0.42591214018041207,0.46864451125830464,0.05666003976143141,0.08566912539515281,0.14625922023182303,0.3385669125395152,0.2842992623814541,0.07480429109886921,0.4569707401032702,-0.12875495570256637
2021-08-14,1628899200,0.001013,0.0009147,0.0009973,88582291.69,83918.07,0.0009473,multiply,ETH,2021-08-14 02:00:00,-0.05013536548681441,6416,64620,0,18,22,75929,0,382423.649454545,1391302551.32761,-0.05053536548681441,83914.004917937,False,False,0.049029541826469084,1317980.906872645,-3.5667808072164876e-05,0.8057661358937434,0.0067148977344862765,0.06187378315646411,6.507079429441884e-05,0.009510115273118418,0.02548525561457557,0.07225928538521675,0.04887227049989616,22.77705444295396,2.2072482051318548e-05,31864.159726847705,0.9552681992337165,0.17918129418162038,0.4129357354132502,0.45851220979603924,-0.008723553594705669,0.05695825049701786,0.2630218687872763,0.36610337972166995,0.36560636182902584,0.24240928165884967,0.40333024976873266,-0.12875495570256637
2021-08-15,1628985600,0.0009933,0.0009271,0.0009473,17141189.48,15891.83,0.0009271,multiply,ETH,2021-08-15 02:00:00,-0.021323762271719615,6416,64620,0,9,8,75937,0,307295.7575,1391302551.32761,-0.021723762271719616,15891.596766908002,False,False,0.05009781573963344,1289876.5953358272,-0.0002421363494754099,0.8050093396751712,0.006677780325154449,0.06188655779602669,6.031326891326728e-05,0.009547181854895937,0.04574104450149315,0.07572427573429448,0.060732660117893814,41.49943533438038,2.2902394376005606e-05,31966.668863193045,0.907375478927203,0.17918129418162038,0.24773794456806375,0.29523578983991333,-0.052781589781484284,0.06317056051338621,0.26762258096861524,0.3204652561917176,0.3845382532838665,0.18977609927164818,0.30983106522759263,-0.12857642170221428
2021-08-16,1629072000,0.001007,0.0008813,0.0009271,30720012.52,28041.62,0.0009128,multiply,ETH,2021-08-16 02:00:00,-0.015424441807787792,6416,64620,0,15,18,75955,0,666359.151666667,1391302551.32761,-0.015824441807787793,28041.227428256,False,False,0.05088265224826267,1269980.9688518425,-0.00014877386904766217,0.8228642362764893,0.0058624307817442935,0.06190276024252295,1.142209992481068e-05,0.009778873493946528,0.02025578888691758,0.0397283283909448,0.029992058638931188,49.18023688045049,2.2976072912889998e-05,31536.453374302404,0.8880268199233716,0.17918129418162038,0.30289727583716874,0.3503857163441857,-0.02178837234386788,-0.035680354692283256,0.31162250606988284,0.25873535310883555,0.36588198036524855,0.16757940854326392,0.521264367816092,-0.12857642170221428
2021-08-17,1629158400,0.0008735,0.0008132,0.0009128,34980304.25,29500.6,0.0008433,multiply,ETH,2021-08-17 02:00:00,-0.07613935144609996,6416,64620,0,21,24,75979,0,310447.164347443,1391302551.32761,-0.07643935144609995,29498.890574024997,False,False,0.05507611167107099,1173285.4415345734,-8.729786089801903e-05,0.910880889034162,0.002211838064408322,0.06295146339556067,2.015465823842447e-05,0.009828498962762923,0.02575792356381119,0.004788167781355663,0.015273045672583427,33.45088307855653,2.2666855130977557e-05,31112.047469083675,0.8743295019157088,0.17918129418162038,0.3063222949982735,0.35614980662932416,-0.015666082383873903,-0.01661093733146357,0.23557329306439434,0.27882644806385504,0.3441915650954589,0.042631498236466725,0.5037842447500267,-0.11810624428573184
2021-08-18,1629244800,0.0008739,0.0007835,0.0008433,52946896.94,44675.83,0.0008438,multiply,ETH,2021-08-18 02:00:00,0.0005929088106249036,6418,64622,2,21,26,76005,0,4327149.35343265,1391302551.32761,0.00029290881062490366,44676.591637972,False,False,0.0550451795141862,1173981.0928102373,-0.00016631684904148318,0.8806276170620774,0.0037456786635976205,0.06270844982698968,2.1202354977266834e-05,0.009641756633304195,0.02575792356381119,0.04295387218784734,0.03435589787582927,20.068889830834323,2.2361812992721038e-05,30626.282715826692,0.8077586206896551,0.17918129418162038,0.3450028406773617,0.3981094657993328,-0.08241432467686471,-0.039658194566170035,0.19412795793163884,0.31912795793163895,0.31606047326906217,0.15323832369126578,0.4293696101056723,-0.11810624428573184
2021-08-19,1629331200,0.0009236,0.000828,0.0008438,48168560.33,42953.22,0.0008917,multiply,ETH,2021-08-19 02:00:00,0.056767006399620845,6418,64622,0,12,12,76017,0,228149.355,1391302551.32761,0.05636700639962085,42951.905246261,False,False,0.05208828358648684,1240624.4850188298,-6.679098351575682e-05,0.8403316930365864,0.0060797243308097,0.06282514343149453,3.211134170302546e-05,0.009779667568785774,0.0,0.043616506672441886,0.021808253336220943,29.77393722498423,2.20126691254914e-05,30281.202971298128,0.8082375478927203,0.17918129418162038,0.33861130150354285,0.39496282918124853,0.0005925574780754062,-0.19293252697735097,-0.028933949958496408,0.23597770662872042,0.2883908454879639,0.22281131049483416,0.5403428571428571,-0.11810624428573184
2021-08-20,1629417600,0.0009531,0.0008874,0.0008917,158013727.52,145407.39,0.0009202,multiply,ETH,2021-08-20 02:00:00,0.03196142200291585,6418,64622,0,16,16,76033,0,319737.32125,1391302551.32761,0.031561422002915854,145404.23206390403,False,False,0.05047502985662933,1280276.6077316669,-2.3680367599981244e-05,0.8024573545922842,0.004286977016590363,0.0621152345289546,3.087172175834465e-05,0.008898150243244519,0.0,0.04544851184414608,0.02272425592207304,21.56500811550429,2.176464273885157e-05,35668.939606526474,0.8541187739463602,0.17918129418162038,0.45480684282602224,0.5135990617347527,0.053717618032970704,-0.1819151457691397,-0.12431855890021337,0.20917278976060683,0.3224697795686182,0.2873112827013945,0.21623305810873972,-0.11810624428573184
2021-08-21,1629504000,0.0009034,0.0008066,0.0009202,31611836.4,26519.59,0.0008389,multiply,ETH,2021-08-21 02:00:00,-0.08835035861769192,6418,64622,0,11,14,76047,0,569034.21052019,1391302551.32761,-0.08875035861769191,26519.169555959998,False,False,0.05536669743005163,1167163.710308732,-9.149777545059949e-05,0.7406757751554119,0.001863670270346067,0.06505356262957417,0.00010450942674198093,0.008999431143442097,0.007952444957484163,0.07191371566880499,0.039933080313144576,13.552471425214485,2.5637083445646255e-05,35309.54743079069,0.8814176245210729,0.17918129418162038,0.27829322269823153,0.3428721535038788,0.030971527928711162,-0.06235280924077591,-0.04777391499383188,0.22642144218907712,0.3064932152069082,0.3383577527142405,0.4598207504177426,-0.11810624428573184
2021-08-22,1629590400,0.0008428,0.0008104,0.0008389,28886715.81,23410.16,0.0008104,multiply,ETH,2021-08-22 02:00:00,-0.03397305995947075,6418,64622,0,14,16,76063,0,98022.5920588225,1391302551.32761,-0.03437305995947075,23409.794492423996,False,False,0.05731382338853691,1127511.5875958952,-0.0001444774503967647,0.7678285435049519,0.0005884648477383944,0.06536154248767269,1.9060677730127678e-05,0.008967608353414364,0.013875792623535405,0.12747368932203662,0.07067474097278602,35.32116238894819,2.5378769985793238e-05,34609.51413609031,0.803544061302682,0.17918129418162038,0.26550766978426027,0.33270411033358116,-0.09691262367385867,-0.007498369919582748,-0.06618126494240362,0.11953923060204308,0.3178656813736145,0.31745691961896605,0.5284625728372927,-0.11810624428573184
2021-08-23,1629676800,0.0009304,0.0007975,0.0008104,32358993.85,30105.47,0.0009304,multiply,ETH,2021-08-23 02:00:00,0.14807502467917066,6418,64622,0,19,22,76085,0,589056.940545455,1391302551.32761,0.14767502467917065,30106.80787804,False,False,0.04992167075888899,1294467.8937552082,-6.344200347940622e-05,0.651400892814662,0.005437071756193812,0.07019181708922853,1.6825811517477548e-05,0.009049529574839095,0.02491554117604577,0.10966837481786099,0.06729195799695338,44.13610643401839,2.4875620405543845e-05,34467.4985264171,0.7762452107279693,0.17918129418162038,0.29473427722431994,0.35905988230975583,-0.035167818361303116,-0.08809154845631184,-0.12349505304565511,0.11622362617713666,0.23983788294194763,0.30924472530832725,0.45536258379037176,-0.11810624428573184
2021-08-24,1629763200,0.00092,0.0008566,0.0009304,47153377.28,40391.3,0.0008566,multiply,ETH,2021-08-24 02:00:00,-0.07932072226999132,6418,64622,0,31,38,76123,0,715141.400039185,1391302551.32761,-0.07962072226999131,40391.582978048,False,False,0.0542226505651066,1191789.7654672307,-6.274217752186998e-05,0.7290226222902468,0.002128242889965485,0.07124106433712168,2.163929610372054e-05,0.008257777336329014,0.03929257947632757,0.07734485145248579,0.05831871546440668,20.86252713284805,2.4773546554290068e-05,34248.5685340156,0.8911877394636015,0.17918129418162038,0.32227766742087227,0.3878196049283747,0.12897678417884784,-0.040597235932872566,-0.17102665350444224,0.09871668311944715,0.1637462981243829,0.2549602122015915,0.4045865416806159,-0.11810624428573184
2021-08-25,1629849600,0.0009687,0.0008395,0.0008566,317961453.95,266929.79,0.0008395,multiply,ETH,2021-08-25 02:00:00,-0.019962643007237935,6420,64624,2,22,21,76144,0,137725.320787103,1391302551.32761,-0.020362643007237936,266928.640591025,False,False,0.05532883856572539,1167998.4918395285,-1.4662692594569986e-05,0.9368629394560009,0.0024285794521032842,0.06923827838170676,2.903148775189516e-05,0.008390529459094742,0.02030038596633304,0.12344187743949818,0.0718711317029156,25.58828301361764,2.461619041906802e-05,52396.20251680735,0.8204980842911878,0.17918129418162038,0.5018429211696772,0.5688052966731348,-0.08615456455755299,0.0930782459157351,-0.08125537403267402,0.2991186586414445,0.2452708512467755,0.29546891464699687,0.4424096385542169,-0.11810624428573184
2021-08-26,1629936000,0.0008043,0.0007115,0.0008395,39008901.94,28962.89,0.0007425,multiply,ETH,2021-08-26 02:00:00,-0.11554496724240615,6423,64625,1,27,35,76179,0,501773.825390011,1391302551.32761,-0.11594496724240615,28964.109690449997,False,False,0.06255795114727884,1033042.1443607504,-7.45092986139939e-05,1.4743404121443582,0.0009485043263381468,0.06571715287550921,0.000191855208154629,0.007953891112021393,0.03345567397610091,0.10611338308809598,0.06978452853209845,29.412061887872788,3.7659819186567145e-05,52061.79284022193,0.8041187739463601,0.17918129418162038,0.2609362035799166,0.33886278155366195,-0.020369267421084025,-0.040975951435909375,-0.16425402755078222,0.1726593509222507,0.21947233247723563,0.3822067594433399,0.5161336790550274,-0.11429471894041227
2021-08-27,1630022400,0.0007862,0.0007207,0.0007425,32235867.28,23232.11,0.0007207,multiply,ETH,2021-08-27 02:00:00,-0.029360269360269364,6423,64625,0,27,36,76215,0,323686.857222222,1391302551.32761,-0.029760269360269365,23232.389548696003,False,False,0.06445022717754202,1002711.7487418086,-0.00015186181746336283,1.5238250201592327,-0.0005470935145302893,0.0662597093439082,2.081798072088047e-05,0.008024975275936926,0.04321388348296673,0.1877946541128357,0.11550426879790121,17.31800649934361,3.741946192116409e-05,51893.37217915547,0.7112068965517241,0.17918129418162038,0.23976792715283465,0.3180377333972683,-0.13063973063973067,-0.09612864800476473,-0.12840976771888024,0.12376414532459801,0.2596783799880882,0.3539556803369097,0.5242111385778683,-0.11429471894041227
2021-08-28,1630108800,0.001136,0.0007143,0.0007207,87501786.69,85229.72,0.000974,multiply,ETH,2021-08-28 02:00:00,0.3514638545858193,6422,64625,0,25,35,76250,0,1337034.66236853,1391302551.32761,0.3510638545858193,85226.74023606,False,False,0.0476891978715139,1355128.6849930922,-1.2269017939986225e-05,1.803223496078366,0.008068200757787894,0.08850694084835367,1.6698301549527937e-05,0.010454059515649962,0.11524597750912616,0.22732571917706634,0.17128584834309624,24.281469442922344,3.729840941471554e-05,52205.144279132895,0.6903256704980842,0.3510638545858193,0.35907730329328785,0.4393654649892474,-0.03024836964062705,-0.12983164983164985,-0.24861952861952874,-0.16861952861952867,0.1322558922558923,0.29557690277631155,0.5163005456835035,-0.11429471894041227
2021-08-29,1630195200,0.0009998,0.0007418,0.000974,63229864.32,50983.82,0.0008063,multiply,ETH,2021-08-29 02:00:00,-0.17217659137577002,6423,64625,0,25,29,76279,0,782245.776168913,1391302551.32761,-0.17257659137577003,50982.239601216,False,False,0.057607935913251314,1121807.247135452,-3.4506813521221055e-05,1.9033019906441837,0.002744873738888986,0.09398893410576643,6.125679864148518e-05,0.011294955259274219,0.13471894691325864,0.18080569556913853,0.1577623212411986,47.80004899401475,3.752249590092224e-05,52178.263561867505,0.9329501915708812,0.3510638545858193,0.3090996654577548,0.38895933311994485,0.2600616016427105,-0.12446232829193837,-0.2665464132093798,-0.31635909532399054,0.0740946302206188,0.2559594434257363,0.5203573520796719,-0.11975649258772572
2021-08-30,1630281600,0.0008394,0.0007425,0.0008063,60549777.9,44960.98,0.0007425,multiply,ETH,2021-08-30 02:00:00,-0.07912687585266032,6423,64625,0,24,29,76308,0,923470.723025355,1391302551.32761,-0.07952687585266031,44958.21009075,False,False,0.06255795114727884,1033042.1443607504,-5.642356949308687e-05,1.8224681890380203,-0.00306908626881591,0.08908299934474453,3.6643532028722064e-05,0.010805891416111914,0.06268796475971423,0.09627004077534061,0.07947900276752742,37.6530097302655,3.750317536044042e-05,51807.86247995886,0.7723180076628353,0.3510638545858193,0.29820225215747115,0.37823935672255593,-0.20798710157509603,0.04476386036960989,0.13418891170431224,0.040759753593429204,0.29178644763860373,0.11240140227870288,0.45464601769911506,-0.11975649258772572
2021-08-31,1630368000,0.0008244,0.0007557,0.0007425,39800718.96,31446.11,0.0007901,multiply,ETH,2021-08-31 02:00:00,0.064107744107744,6422,64625,0,12,11,76319,0,622408.780727273,1391302551.32761,0.06380774410774401,31446.548050295998,False,False,0.05878911369048796,1099268.1458039447,-8.73606255620042e-05,1.6159328674416582,0.0009961473018048753,0.09089664656210705,3.2313755227322724e-05,0.010741413040151134,0.03345678584871593,0.0009010757850828327,0.01717893081689938,20.907837887484206,3.7236949239058546e-05,51333.62137721448,0.7112068965517241,0.3510638545858193,0.2639345766820177,0.34774940015421685,-0.08592592592592596,-0.06238372814089055,-0.04650874364380497,-0.21679275703832301,-0.004836909338955531,0.1208348156053598,0.476728003711149,-0.11975649258772572
2021-09-01,1630454400,0.000919,0.0008041,0.0007901,61534074.76,51837.51,0.0008424,multiply,ETH,2021-09-01 02:00:00,0.06619415263890649,6422,64626,1,19,20,76339,0,436546.456490693,1391302551.32761,0.06579415263890649,51836.304577824,False,False,0.05514007297932409,1172033.2692383786,-5.2379566228171665e-05,1.7401285551658017,0.0007303373039194476,0.0909958635040947,2.260223559590906e-05,0.010902468085914786,0.05354510212146003,0.025069677554776435,0.03930738983811823,18.34295388724263,3.6896088006329655e-05,50685.335113202724,0.7568007662835249,0.3510638545858193,0.3089991426163966,0.39611267527011557,0.06024553853942538,-0.13063973063973067,-0.20094276094276098,-0.26936026936026924,0.001481481481481417,0.13439203602749472,0.5193055971266087,-0.11975649258772572
2021-09-02,1630540800,0.000909,0.0007954,0.0008424,55967744.79,46637.59,0.0008333,multiply,ETH,2021-09-02 02:00:00,-0.010802469135802406,6422,64626,0,19,22,76361,0,851970.871818182,1391302551.32761,-0.011302469135802407,46637.921733507,False,False,0.05574222666240563,1159372.4160212975,-9.708795716006018e-05,1.5507922319098446,0.0027439754094726286,0.09040318480785801,3.725739202329552e-05,0.01054062183130196,0.11434329391553757,0.04717341834354122,0.0807583561295394,12.791100265815906,3.643013165241286e-05,49003.06311348021,0.8068965517241379,0.3510638545858193,0.29730151751625833,0.3883392343979577,0.06208452041785373,0.06024553853942538,-0.16466270092393387,-0.20111378306543481,0.07556005568915325,0.2687002355052148,0.5476718403547671,-0.11975649258772572
2021-09-03,1630627200,0.0009062,0.000788,0.0008333,71992972.3,62400.18,0.0008668,multiply,ETH,2021-09-03 02:00:00,0.0402016080643226,6423,64627,1,31,39,76400,0,767268.214055908,1391302551.32761,0.039801608064322605,62403.50838964,False,False,0.05358873584299802,1205981.0514907725,-5.150108328029022e-05,1.5653552154234898,0.0016240307687644376,0.08995176187286161,3.35210495294529e-05,0.010223959584982121,0.09334599811773842,0.02550053956607905,0.05942326884190873,13.85199217966101,3.522099709133752e-05,48722.8409020367,0.7981800766283526,0.3510638545858193,0.3296823079696216,0.41990623461161103,-0.010920436817472678,0.1444681861348528,0.004154795821462498,-0.1942070275403609,0.22590218423551756,0.22984133883938274,0.3155653450807635,-0.11975649258772572
2021-09-04,1630713600,0.000894,0.0008163,0.0008668,37145837.89,31764.97,0.0008551,multiply,ETH,2021-09-04 02:00:00,-0.013497923396400546,6422,64627,0,26,31,76431,0,243739.633502304,1391302551.32761,-0.013897923396400546,31763.405979739,False,False,0.054321969627775336,1189702.8116402393,-0.00013554023238580506,1.588093691435977,0.0011929597117993867,0.09000253573093896,4.4852579570197204e-05,0.010005114923391954,0.057915052538812795,0.007669574350938024,0.03279231344487541,0.25645772610229756,3.501958711679523e-05,48461.99858532383,0.8302681992337165,0.3510638545858193,0.26508862789675175,0.35493421732982094,0.03864790032302723,-0.1688467538701548,0.027481099243969798,-0.1968078723148925,0.14952598103924153,0.12313744188818687,0.2947870213747502,-0.11975649258772572
2021-09-05,1630800000,0.000909,0.00083,0.0008551,39691589.17,34512.34,0.0008695,multiply,ETH,2021-09-05 02:00:00,0.016840135656648325,6422,64627,0,27,34,76465,0,323348.948164158,1391302551.32761,0.016440135656648324,34511.836783315004,False,False,0.053422330337792624,1209737.568379357,-0.00011833592747385703,1.1842394727025678,-0.0014743001871313135,0.08782443510573236,2.2829977526764176e-05,0.009478872898115425,0.05060424387962699,0.004272775573623759,0.027438509726625374,36.129330463656174,3.48321064595766e-05,48349.882911496534,0.8190613026819924,0.3510638545858193,0.27619784246868956,0.36270633126769053,-0.013682610221026792,0.06979695431472077,-0.07337332718043377,-0.09287032764190117,0.15136132902630373,-0.07070582428430416,0.28180946291560105,-0.11429471894041227
2021-09-06,1630886400,0.0009035,0.0007857,0.0008695,33135277.48,28637.1,0.0008642,multiply,ETH,2021-09-06 02:00:00,-0.006095457159287054,6422,64627,0,23,28,76493,0,102006.333817969,1391302551.32761,-0.0064954571592870545,28635.506798216,False,False,0.053749960921905454,1202363.6648573205,-0.0001781079534989752,0.8731618880878911,-0.0033979431995598574,0.08726773662577733,2.4805414717584673e-05,0.009256101314173319,0.025236997664475045,0.0,0.012618498832237523,26.970490658123943,3.475152321496145e-05,48363.99155546272,0.8328544061302683,0.3510638545858193,0.26147954149032915,0.3452269302717973,0.016561242093157014,0.1316805052040697,-0.0017541807975676171,-0.08420067828324185,-0.014735118699567229,-0.019668959587274326,0.32061790668348045,-0.11429471894041227
2021-09-07,1630972800,0.0007897,0.0006867,0.0008642,20884039.75,15775.09,0.0007554,multiply,ETH,2021-09-07 02:00:00,-0.1258967831520481,6421,64627,0,33,39,76532,0,1158187.65781023,1391302551.32761,-0.12629678315204812,15775.80362715,False,False,0.06149154915105994,1050989.9472728767,-0.0001313589429770535,1.0013736147192,-0.004745956408331611,0.08752060609080328,2.0581797087119116e-05,0.009487043423813962,0.0,0.0,0.0,18.653465803424368,3.476166381590603e-05,48288.1675286456,0.8277777777777777,0.3510638545858193,0.20625850492670467,0.2889822577406966,-0.006132839620458297,0.09131684876365742,0.0345025876940771,-0.04979873490511788,-0.09108683151236341,-0.09070744805043196,0.318782041323598,-0.11975649258772572
2021-09-08,1631059200,0.0008049,0.0007699,0.0007554,99694976.81,76758.33,0.0007699,multiply,ETH,2021-09-08 02:00:00,0.01919512840879012,6421,64627,0,22,26,76558,0,1703182.07153846,1391302551.32761,0.018695128408790118,76755.162646019,False,False,0.06033344100365073,1071163.8342671269,-5.150270841171693e-05,0.7703783168846582,-0.0029048942567130587,0.08790520058596717,1.1338873498144884e-05,0.009148155583299598,0.0,0.0,0.0,-67.7378078896138,3.470716522626083e-05,48478.11708441246,0.7235632183908046,0.3510638545858193,0.3528080700415042,0.4391178507655899,-0.1440296531638865,0.025225642212450827,0.14082388336033325,0.024184216616523924,-0.08111548252719292,-0.16867182846932693,0.3059428726140516,-0.11975649258772572
2021-09-09,1631145600,0.0007876,0.0007191,0.0007699,65729719.16,49516.35,0.0007533,multiply,ETH,2021-09-09 02:00:00,-0.02156124171970386,6421,64627,0,16,15,76573,0,139502.486666667,1391302551.32761,-0.02226124171970386,49514.197443228,False,False,0.061662971231528856,1048068.2119150887,-7.749005616663325e-05,0.7965151871041822,-0.0034514257951261617,0.08803997969951224,5.516784438638283e-05,0.008960256335420453,0.0,0.05917093958865345,0.029585469794326726,-8.01789724986915,3.4843691645755715e-05,48445.523793612796,0.7374521072796935,0.3510638545858193,0.3100593913423576,0.3977324264476566,0.018833614755162986,-0.10312417262377549,0.04593592798517343,-0.11702409319565787,-0.298782102197511,-0.26936026936026924,0.1274331689592525,-0.11975649258772572
2021-09-10,1631232000,0.0007061,0.0006098,0.0007533,97314708.75,62464.56,0.0006419,multiply,ETH,2021-09-10 02:00:00,-0.1478826496747644,6421,64627,0,22,28,76601,0,804534.340267821,1391302551.32761,-0.14848264967476438,62466.311546625,False,False,0.07236441225846812,893077.1076971929,-3.0597872357356e-05,0.8613871920697301,-0.008069910628404066,0.09067301378017542,3.558837536521479e-05,0.008894503009615508,0.0,0.05917093958865345,0.029585469794326726,12.058820526054326,3.482026518774443e-05,48417.07207943605,0.7215517241379311,0.3510638545858193,0.33119358892447376,0.41970637599165256,-0.022036373290853506,-0.12586050136381344,-0.2650993635537082,-0.1582023639433694,-0.22418495908559555,-0.3167753572915222,0.11898539584934675,-0.12475698672978888
2021-09-11,1631318400,0.0006533,0.000588,0.0006419,66266977.47,41126.72,0.0006206,multiply,ETH,2021-09-11 02:00:00,-0.033182738744352736,6421,64627,0,21,24,76625,0,842232.341886304,1391302551.32761,-0.03378273874435274,41125.286217882,False,False,0.0748480764239618,863442.3633539148,-8.281341648441787e-05,0.9814264165580032,-0.01183160088519005,0.0891620029253527,4.489771939756622e-05,0.008946240209986044,0.01572649250609684,0.01724383388880656,0.016485163197451698,8.922236096661194,3.479981549177458e-05,47724.87326646283,0.6148467432950192,0.3510638545858193,0.29114385474286636,0.3787947949077859,-0.173547281508023,-0.13513872295234308,-0.07035709544670121,-0.22155847603876277,-0.2597902562060268,-0.032854209445585036,0.12794464075382805,-0.12475698672978888
2021-09-12,1631404800,0.000647,0.000613,0.0006206,39201242.94,24028.7,0.000613,multiply,ETH,2021-09-12 02:00:00,-0.012246213341927104,6421,64627,0,15,16,76641,0,245161.58625,1391302551.32761,-0.012846213341927103,24030.36192222,False,False,0.075776046050099,852868.463963825,-0.0001832073324143792,1.0865076007366532,-0.00993384941405685,0.0882819045100781,2.9558837636457572e-05,0.008732737520518237,0.01572649250609684,0.01724383388880656,0.016485163197451698,39.58064611310394,3.4302296952537576e-05,47543.065428298,0.5944444444444444,0.3510638545858193,0.23972606485598152,0.3280664031830559,-0.0343216242346116,-0.3545723632964637,-0.15672223087708348,-0.3069013865088017,-0.5672223087708363,-0.23688453429244705,0.00971482293951742,-0.12475698672978888
2021-09-13,1631491200,0.0006242,0.0005585,0.000613,41884832.74,24769.52,0.0005914,multiply,ETH,2021-09-13 02:00:00,-0.03523654159869505,6421,64627,0,16,15,76656,0,184472.257333333,1391302551.32761,-0.03583654159869505,24770.690082436,False,False,0.07854365273708266,822816.3288551485,-0.00013506574141099057,1.1152205556384394,-0.009550202434273241,0.0882355521110288,1.7271844933576614e-05,0.0087924340242895,0.016727427225035583,0.036450047901099666,0.026588737563067625,36.41180505970121,3.417162240012528e-05,47415.950282603604,0.5871647509578545,0.3510638545858193,0.2464855651186559,0.3319060589588337,-0.012398042414355492,-0.39252336448598113,-0.2731227844021913,-0.305833064776023,-0.6069932323557847,-0.27582491582491575,-0.1287064190289997,-0.12475698672978888
2021-09-14,1631577600,0.0006185,0.0005841,0.0005914,58902099.82,36430.3,0.0006185,multiply,ETH,2021-09-14 02:00:00,0.04582346973283746,6420,64627,0,18,19,76675,0,403647.612736842,1391302551.32761,0.04532346973283746,36430.94873867,False,False,0.07510220893890168,860520.6279961268,-8.462472118548703e-05,1.1098209379877122,-0.009634251019645344,0.0882375857300608,1.780395648581201e-05,0.008736092830501807,0.016727427225035583,0.04724577477883299,0.03198660100193429,-2.945353423904905,3.408025827118502e-05,47061.207054846585,0.5664750957854405,0.3510638545858193,0.2859466460481281,0.3689947472295293,-0.0365235035508964,-0.23230016313213708,-0.37422512234910266,-0.5177814029363783,-0.5453507340946164,-0.17339577268700168,-0.21225237223239546,-0.12475698672978888
2021-09-15,1631664000,0.0006869,0.0006146,0.0006185,61905769.48,40284.54,0.0006507,multiply,ETH,2021-09-15 02:00:00,0.052061438965238516,6420,64627,0,17,21,76696,0,648494.782047619,1391302551.32761,0.05166143896523852,40282.084200636,False,False,0.07138576337591929,905320.5701488759,-7.33658845595561e-05,1.219645618764619,-0.008457288934539233,0.08858791247939043,2.6184778216576133e-05,0.008644977599225256,0.04150941524420304,0.09827586935891053,0.06989264230155678,19.528455716789217,3.3825286247006305e-05,46913.38926790061,0.5924329501915709,0.3510638545858193,0.29422930382435947,0.37799251920902427,0.04381568310428463,-0.30182617517754484,-0.40902942171119405,-0.448427460263781,-0.567636117686845,-0.08357075023741678,-0.6973684210526314,-0.12475698672978888
2021-09-16,1631750400,0.0007139,0.0006068,0.0006507,106539353.32,76053.33,0.0007139,multiply,ETH,2021-09-16 02:00:00,0.0971261718149683,6419,64627,0,22,31,76727,0,1477322.32784587,1391302551.32761,0.0965261718149683,76058.44433514799,False,False,0.06506613843494984,993250.8913927807,-3.065727186153592e-05,1.1828349538336662,-0.003258685832754482,0.09030256263409904,2.8952785404007198e-05,0.008919500886195206,0.05361195936421979,0.1341593938783852,0.0938856766213025,17.459827779287103,3.371904207545288e-05,46933.72259528072,0.6468190854870776,0.3510638545858193,0.3526660450527306,0.4369352822307578,0.049485169817120034,-0.21794664510913497,-0.40145513338722716,-0.35731608730800324,-0.475828617623282,-0.012000480019200621,-1.4875860964279992,-0.12475698672978888
2021-09-17,1631836800,0.0007477,0.0006458,0.0007139,83186529.86,59374.57,0.0007138,multiply,ETH,2021-09-17 02:00:00,-0.00014007564084594915,6420,64627,0,27,43,76770,0,651340.454701471,1391302551.32761,-0.0007400756408459491,59378.545014068,False,False,0.06507525389284209,993111.761137648,-0.0001494366018466932,1.1899843538648283,-0.0034644637657090327,0.09028902810259344,5.466707745383736e-05,0.009076351561005785,0.049395281320003585,0.10258699158062606,0.07599113645031483,18.234563534396813,3.373365667337818e-05,46921.636348172025,0.7096421471172962,0.3510638545858193,0.3268698842144428,0.4112941355167702,0.0885278050147078,0.013523897341324753,-0.31412325188258783,-0.1410788381742738,-0.2959889349930842,0.026534379326257462,-1.25962339610065,-0.12163846599270924
2021-09-18,1631923200,0.0007215,0.0006528,0.0007138,58163551.38,37968.84,0.0006528,multiply,ETH,2021-09-18 02:00:00,-0.08545811151583071,6420,64627,0,18,22,76792,0,386433.63106583,1391302551.32761,-0.08605811151583072,37969.166340864,False,False,0.07115612167388279,908242.3055066639,-6.47822742485522e-05,1.0868162876049954,-0.0076654864401496615,0.0922360795947356,4.2678384336611575e-05,0.008988813764130306,0.03729273719998684,0.05590774018341805,0.04660023869170245,28.586565216679354,3.3724969672051866e-05,46967.22886253209,0.7095427435387675,0.3510638545858193,0.28444901633068537,0.3676000665719431,-0.00014009526477987144,0.13069057290937103,-0.21795769715646474,-0.00952514357753187,-0.18195825745902794,-0.04280201146064799,-1.2354381668707366,-0.12163846599270924
2021-09-19,1632009600,0.0006991,0.0005992,0.0006528,91410477.79,60858.35,0.0006658,multiply,ETH,2021-09-19 02:00:00,0.019914215686274384,6421,64627,0,19,26,76818,0,163989.436923077,1391302551.32761,0.019314215686274384,60861.09611258201,False,False,0.06976677114555525,926329.2386739228,-6.434851976612253e-05,1.2066787561050243,-0.00531604629785366,0.09238555382702698,2.7290373545734554e-05,0.009266934532591399,0.0,0.0,0.0,32.98766777415928,3.3757739334061436e-05,43782.50674284806,0.648906560636183,0.3510638545858193,0.328573571363969,0.41148425296580793,-0.09344362745098023,0.14121602689829083,-0.21070327822919577,-0.36452787895769134,-0.2492294760437097,-0.05830937320299023,-1.1054333764553688,-0.11429471894041227
2021-09-20,1632096000,0.0005933,0.0005636,0.0006658,51447417.52,30523.86,0.0005933,multiply,ETH,2021-09-20 02:00:00,-0.10889155902673486,6421,64627,0,11,12,76830,0,424944.372872782,1391302551.32761,-0.10949155902673487,30523.752814616,False,False,0.0782921224148166,825459.803702671,-7.264515529094813e-05,1.4599626960776253,-0.002343271768081651,0.09079485107535866,4.3743969314587313e-05,0.009423474835324555,0.0,0.0,0.0,36.524744160262074,3.146871735487718e-05,43715.40803132201,0.6618290258449305,0.3510638545858193,0.27124606034226606,0.3460868665902089,0.0195253829978973,0.09405637254901977,-0.15716911764705888,-0.235140931372549,-0.40962009803921573,0.029275630641055317,-0.8671339812012109,-0.11429471894041227
2021-09-21,1632182400,0.000552,0.0004968,0.0005933,48071503.67,25210.52,0.0005244,multiply,ETH,2021-09-21 02:00:00,-0.11613011966964437,6421,64627,0,8,8,76838,0,142873.644160583,1391302551.32761,-0.11663011966964437,25208.696524548,False,False,0.08857878762149254,729599.0579161986,-8.540877919444862e-05,1.5668006629024178,-0.001714959542960931,0.09071812697241143,2.1938975663840764e-05,0.009644164128346523,0.0,0.009361274869164668,0.004680637434582334,-36.412730578348786,3.142049009369519e-05,43679.31806370721,0.5897614314115308,0.3510638545858193,0.25313333324625453,0.32754534815192293,-0.12219787628518475,0.07104235506158008,-0.15635325923700805,-0.11519975968759377,-0.2599879843796935,-0.07280910775747929,-0.9413517327897127,-0.11632180107738717
2021-09-22,1632268800,0.000585,0.0005234,0.0005244,66206964.39,36691.79,0.0005542,multiply,ETH,2021-09-22 02:00:00,0.05682684973302843,6421,64627,0,8,8,76846,0,135756.829598212,1391302551.32761,0.05642684973302843,36691.899664938,False,False,0.0838157997631012,771059.8739457615,-7.815747847796881e-05,1.5355231866951211,-0.006392826730708091,0.08622661839225661,1.811877402258289e-05,0.009655071642714856,0.026247358348443217,0.07604448270642065,0.051145920527431936,-38.37866926782689,3.139455039597785e-05,43592.04333973049,0.521272365805169,0.3510638545858193,0.2881734994641147,0.36519961317888205,-0.13138825324180026,-0.09674700825889104,-0.2696780718017868,-0.3317040283161976,-0.3659194336760492,-0.20846863228990764,-0.8813634351482957,-0.11632180107738717
2021-09-23,1632355200,0.0005994,0.0005363,0.0005542,75317129.44,45143.42,0.0005994,multiply,ETH,2021-09-23 02:00:00,0.08155900396968607,6421,64627,0,18,20,76866,0,1756855.43598333,1391302551.32761,0.08105900396968607,45145.087386336,False,False,0.0774953557369214,833946.7492657695,-5.551940843843198e-05,1.5774852018899121,-0.0039895430654588,0.08608957278417244,2.6372336937013318e-05,0.009802144851671626,0.053958921600604094,0.10020263994688636,0.07708078077374522,-4.155058789446883,3.133182160712208e-05,43562.33801062191,0.5508946322067595,0.3510638545858193,0.3072302810378371,0.38434960159947057,0.053771201732226714,-0.36136536994660573,-0.22406559877955767,-0.6064073226544624,-0.7742181540808544,-0.13712996150272128,-0.7815437197379662,-0.11632180107738717
2021-09-24,1632441600,0.0006448,0.0004982,0.0005994,92092988.18,53982.33,0.0005862,multiply,ETH,2021-09-24 02:00:00,-0.02202202202202197,6425,64629,2,33,49,76915,0,1573582.30855546,1391302551.32761,-0.02262202202202197,53984.90967111601,False,False,0.079242841573809,815581.555588245,-7.068109122597629e-05,1.5822033333542143,-0.0022384667549433337,0.08583273138400542,3.244807345696133e-05,0.010358638325896969,0.027711563252160877,0.4486101898774871,0.238160876564824,6.3540217150164295,3.131047087425653e-05,17136.5682714538,0.5958250497017893,0.3510638545858193,0.32369936159225277,0.4005526514922485,0.07540874207540871,-0.28798267773367003,-0.11981234211475988,-0.5036088054853842,-0.5456513893901118,-0.30783611154385415,-0.791803769069698,-0.11632180107738717
2021-09-25,1632528000,0.001112,0.0005266,0.0005862,179936610.78,184231.52,0.001024,multiply,ETH,2021-09-25 02:00:00,0.7468440805185941,6431,64636,7,38,71,76986,0,3030789.89056114,1391302551.32761,0.746244080518594,184255.08943872,False,False,0.04536834471392907,1424693.8125594726,-1.5842104773182413e-06,0.861628024736356,0.023173753091759272,0.16011126824344427,3.880170392816608e-05,0.015252345533570754,0.13468590150041768,0.6203352083728109,0.3775105549366143,-29.099530475714687,1.2316924349130052e-05,30263.604876255366,0.5827037773359842,0.746244080518594,0.49596733237313156,0.5154472347059502,-0.022517911975435068,-0.08908908908908897,-0.02268935602268929,-0.44611277944611283,-0.40056723390056703,-0.19642281662906869,-0.9002413515687853,-0.11632180107738717
2021-09-26,1632614400,0.001226,0.0006741,0.001024,387096863.47,403289.67,0.001042,multiply,ETH,2021-09-26 02:00:00,0.017578125,6435,64640,4,47,104,77090,0,3297793.67077551,1391302551.32761,0.016978125,403354.93173574,False,False,0.04458738962646417,1449737.2584833696,-1.0018719816597744e-05,0.8713099041313253,0.02617172450069892,0.15894724662298693,0.00013243351653664397,0.021152888955656743,0.3397294590043414,0.37527852896089264,0.357503993982617,31.4971975324228,2.175199409170723e-05,70116.81966442995,1.0,0.746244080518594,0.5337670454070679,0.5793439560234158,0.42753906249999996,-0.13578983282156254,-0.00887069259638329,-0.45871716137836915,-0.26663254861821883,-0.17569331158238155,-0.885767499611982,-0.11632180107738717
2021-09-27,1632700800,0.001142,0.0007027,0.001042,271351730.01,206555.6,0.0007612,multiply,ETH,2021-09-27 02:00:00,-0.2694817658349328,6435,64642,2,28,46,77136,0,1769612.62799965,1391302551.32761,-0.27008176583493276,206552.93688361198,False,False,0.061037174845811636,1059059.5020705767,-6.348273570665903e-06,0.49788416697701254,0.004445130550299779,0.15247880974307026,0.00028991173152873923,0.021086016719758648,0.20504355750392375,0.4347696882192601,0.31990662286159194,16.327297976966022,5.039652920748474e-05,74702.34191765971,1.0,0.746244080518594,0.41301598921561467,0.4881159440953736,0.017274472168905985,0.42060546875000004,0.39599609375,0.1508789062499999,0.29619140624999996,-0.6469394656746705,-1.3003147010340177,-0.12194678458496644
2021-09-28,1632787200,0.000758,0.0005615,0.0007612,225786173.0,126776.23,0.0005615,multiply,ETH,2021-09-28 02:00:00,-0.26234892275354693,6438,64648,6,36,73,77209,0,2687205.34250891,1391302551.32761,-0.2630489227535469,126778.93613950002,False,False,0.08275300088726671,781216.3825704531,-1.0554433849546438e-05,0.7300701088081646,0.0030128693524192215,0.15592791709839593,0.0001484601150817375,0.02050425838343301,0.0,0.40071358490792963,0.20035679245396482,18.88383881935632,5.369237758270275e-05,75436.28342183068,0.7305182341650672,0.746244080518594,0.3615336018893054,0.43782392718818447,-0.36889122438255395,0.4967370441458734,0.37552783109404986,0.17063339731285987,0.06525911708253351,-0.30363783346806783,-2.850391417802262,-0.13849900973954204
2021-09-29,1632873600,0.0005987,0.0005132,0.0005615,102536207.55,52617.13,0.0005132,multiply,ETH,2021-09-29 02:00:00,-0.08601959038290297,6439,64650,2,19,21,77230,0,1220356.81211033,1391302551.32761,-0.08651959038290297,52621.58171466,False,False,0.090544129968933,714016.4693413294,-4.6619279268766866e-05,0.7223167972169325,-0.0002070035604057321,0.15734038692559085,9.112247801064182e-05,0.020651383633085968,0.03617320845315988,0.13597797504460807,0.08607559174888398,11.368119287476965,5.421989871997848e-05,75369.63046869735,0.5388675623800384,0.746244080518594,0.27957095049047603,0.3565577344410535,-0.35565449688334794,0.27193904361534416,0.06213872832369949,0.0076195480819757355,-0.05924855491329484,-0.1410788381742738,-2.4769192791903234,-0.13849900973954204
2021-09-30,1632960000,0.0005702,0.0005101,0.0005132,77088273.4,41639.18,0.0005401,multiply,ETH,2021-09-30 02:00:00,0.052416212003117524,6439,64650,0,16,14,77244,0,828121.929143571,1391302551.32761,0.051716212003117525,41635.37646334,False,False,0.08603452601380564,751442.5079720421,-7.081812623286555e-05,0.7631183906103007,-0.002186057409178224,0.15706850932999109,3.7821810694192565e-05,0.020712547467644667,0.07397908328525118,0.021880517431129953,0.04792980035819057,18.503947824297192,5.4171991848054955e-05,75224.2963885463,0.49251439539347414,0.746244080518594,0.25840828892990164,0.334692076356099,-0.09411535463756837,-0.06749777382012456,-0.27123775601068556,-0.3711487088156722,-0.3223508459483526,-0.1067376383246954,-2.684920420825465,-0.13849900973954204
2021-10-01,1633046400,0.0005959,0.0004966,0.0005401,111869453.95,59257.34,0.0005297,multiply,ETH,2021-10-01 02:00:00,-0.019255693390112794,6439,64650,0,14,16,77260,0,316245.1175,1391302551.32761,-0.020055693390112792,59257.249757315,False,False,0.08772370681528491,736972.961438235,-6.665764134563004e-05,0.4231331110923069,-0.007288438862784368,0.15796850858804143,2.992546547378257e-05,0.020816387323301936,0.037805874832091295,0.11741315264882199,0.07760951374045665,5.51642861483635,5.406753284306547e-05,75179.86109597802,0.5183301343570057,0.746244080518594,0.2894459089548531,0.3659010208062821,0.049805591557118944,-0.1422447388932191,-0.2720187061574435,-0.4678487918939984,-0.5395557287607169,-0.18016251050714494,-2.440580503833516,-0.13849900973954204
2021-10-02,1633132800,0.0005423,0.0004745,0.0005297,93927002.99,44570.92,0.0004745,multiply,ETH,2021-10-02 02:00:00,-0.10420993014914115,6441,64652,2,10,7,77267,0,264378.289274973,1391302551.32761,-0.10500993014914115,44568.362918754996,False,False,0.0979318967374343,660173.0606049509,-5.073885840028966e-05,0.4139758082166185,-0.007368354523434382,0.15797140315481467,4.2591203258249254e-05,0.020682197864856595,0.039186318312239975,0.1480894089420872,0.09363786362716359,-30.078150665201477,5.40355949352927e-05,75201.45995728392,0.5083493282149713,0.746244080518594,0.26377043365270747,0.3391704733999049,-0.01963375495563513,-0.8959451953341975,-0.2327346787631921,-0.18848361414552883,-0.5597111645991484,-0.27650122549019596,-2.8460358840668607,-0.13849900973954204
2021-10-03,1633219200,0.0005814,0.0004788,0.0004745,129148140.68,70672.76,0.0005472,multiply,ETH,2021-10-03 02:00:00,0.15321390937829293,6441,64653,1,7,7,77274,0,625313.249806059,1391302551.32761,0.15241390937829294,70669.862580096,False,False,0.08492215598106843,761320.7560864681,-2.6544840544784893e-05,0.37555666325074777,-0.004464552269584915,0.15955753968284414,3.203355221064385e-05,0.020849560513120438,0.0836427791414479,0.10162562456205836,0.09263420185175313,29.456631530976736,5.4051119136901694e-05,75191.52426190343,0.4553742802303263,0.746244080518594,0.3049104340957413,0.38304563543116094,-0.11633298208640674,-0.9671512176703794,-0.1200679629979231,-0.17160656975646593,-0.5731546158202756,-0.3018924601982578,-2.338507125723155,-0.13849900973954204
2021-10-04,1633305600,0.0005754,0.0005077,0.0005472,103049192.06,52315.5,0.0005077,multiply,ETH,2021-10-04 02:00:00,-0.07218567251461971,6441,64653,0,7,5,77279,0,2162193.50252,1391302551.32761,-0.07308567251461971,52318.074808862,False,False,0.09152925694867173,706364.3053090277,-5.024102480842875e-05,0.30723697054415944,-0.007433283073932291,0.16045707577292168,5.0794029316385096e-05,0.020927145593200597,0.0611054097029608,0.08823536219304466,0.07467038594800274,25.232543742111268,5.404397784662589e-05,74938.8048929898,0.5251439539347409,0.746244080518594,0.2777798934894345,0.35481848944330574,0.13285818713450293,-0.6042149631190727,-0.10516332982086407,-0.29188619599578525,-0.8267650158061117,-0.4412607449856736,-1.72294725394236,-0.13849900973954204
2021-10-05,1633392000,0.0005977,0.0005274,0.0005077,79309424.17,41828.86,0.0005274,multiply,ETH,2021-10-05 02:00:00,0.038802442387236624,6441,64653,0,15,18,77297,0,1753649.21300604,1391302551.32761,0.03780244238723662,41827.790307258,False,False,0.08811035978923139,733772.9655701816,-7.768213578438991e-05,0.3426699430286816,-0.006255113684765293,0.1604428786209327,3.7603664823973047e-05,0.02140360603574263,0.016648948873752876,0.039166511355381455,0.027907730114567167,-1.5089516211334697,5.3862335565676666e-05,74834.52278073684,0.4872360844529751,0.746244080518594,0.2570508278458252,0.33552044170250067,-0.07780185148709862,-0.02613304093567259,-0.012792397660818855,-0.08077485380116967,-0.5626827485380119,-0.6580854309687263,-2.165840728362337,-0.13849900973954204
2021-10-06,1633478400,0.0005364,0.0004649,0.0005274,70944600.33,35518.5,0.0005007,multiply,ETH,2021-10-06 02:00:00,-0.05062571103526747,6440,64653,0,17,19,77316,0,5480470.73750316,1391302551.32761,-0.05122571103526748,35521.961385231,False,False,0.0928088750805685,696625.1874497343,-8.398454342539057e-05,0.10735867989274084,-0.009367785332617895,0.16155038403231323,3.0063763102673136e-05,0.021384911466753125,0.06731001185287391,0.0697690427800152,0.06853952731644455,-16.096133394761075,5.378738270071321e-05,74716.7918329036,0.5061420345489444,0.746244080518594,0.2422129440808302,0.32160821993160366,0.037353052711414425,-0.010833169194406134,-0.1806184754776443,-0.2182391175891274,-0.7126255662792988,-0.5593648502345723,-1.9187308949088226,-0.13849900973954204
2021-10-07,1633564800,0.0005382,0.0004665,0.0005007,53210923.83,24820.53,0.0004665,multiply,ETH,2021-10-07 02:00:00,-0.06830437387657273,6440,64653,0,9,8,77324,0,456295.375,1391302551.32761,-0.06860437387657273,24822.895966695,False,False,0.09961286978100888,649042.6401943301,-0.00010811717854629789,0.14112164396638405,-0.007504749976902208,0.16181805848763847,2.5531442712683306e-05,0.021114431936400637,0.06731001185287391,0.0697690427800152,0.06853952731644455,-64.65220690398573,5.370276347269492e-05,74513.1076477871,0.48051823416506717,0.746244080518594,0.2100190419236082,0.2890816227922927,-0.053325344517675344,-0.024080394387561377,-0.111490329920364,-0.2337883959044369,-0.638604474781949,-0.26026026026026017,-1.7175425452210211,-0.13849900973954204
2021-10-08,1633651200,0.0004988,0.0004275,0.0004665,52034193.33,24100.64,0.0004632,multiply,ETH,2021-10-08 02:00:00,-0.0070739549839229365,6440,64654,1,10,9,77333,0,1619936.15666667,1391302551.32761,-0.007273954983922936,24102.238350456,False,False,0.10032409866962158,644451.341774949,-0.00020543052806219024,0.09938456094413506,-0.0074376832608743955,0.16184977849694698,1.784147951357415e-05,0.02137032153632473,0.07226760407027027,0.004389227939029377,0.038328416004649826,-6.455182893180357,5.3556365275608196e-05,74971.93970863015,0.4476967370441459,0.746244080518594,0.20706378745905207,0.286174933365768,-0.0733118971061093,-0.0579189135210707,-1.0451368084681447,-0.4258038745755941,-0.5086878370281607,-0.3133742749914703,-1.6082968097033943,-0.13849900973954204
2021-10-09,1633737600,0.0005007,0.0004292,0.0004632,51063843.85,23741.22,0.0004649,multiply,ETH,2021-10-09 02:00:00,0.0036701208981002598,6440,64654,0,13,10,77343,0,2567896.67858,1391302551.32761,0.0034701208981002597,23739.581005865002,False,False,0.09995724350133085,646816.556112206,-0.00023621017884903776,0.074473807633055,-0.005924698213741461,0.1616369403228101,1.7323506183077963e-05,0.0215921119404217,0.09553740357891563,0.10536326570219343,0.10045033464055453,1.9328918915899251,5.3886151245169755e-05,75338.15010456266,0.44452975047984644,0.746244080518594,0.20783469292538687,0.28522595905757175,-0.007124352331606243,-0.017148981779206762,-1.2336548767416935,-0.530117899249732,-0.6503751339764201,0.26435546874999993,-1.5400530503978778,-0.13849900973954204
2021-10-10,1633824000,0.0007516,0.00041,0.0004649,183226197.6,106418.38,0.0005808,multiply,ETH,2021-10-10 02:00:00,0.24930092493009237,6441,64655,1,20,21,77364,0,3317919.75633785,1391302551.32761,0.24910092493009237,106417.77556608,False,False,0.08001177901979474,808068.521811076,-1.3053219454754311e-05,0.08329950138053388,0.006682340384021496,0.16694379239135249,1.7062845880079926e-05,0.026409252415069553,0.059860660729909546,0.13587750060082693,0.09786908066536823,27.829714586291907,5.414936530711701e-05,75638.53564352593,0.4461612284069098,0.746244080518594,0.342453034814306,0.42123219038130255,0.003656700365670118,-0.18134715025906734,-0.6433506044905009,-0.40932642487046644,-0.626295336787565,0.38397312859884825,-1.2286617492096945,-0.12194678458496644
2021-10-11,1633910400,0.0006025,0.0004962,0.0005808,104867906.37,55749.98,0.0005316,multiply,ETH,2021-10-11 02:00:00,-0.08471074380165289,6441,64656,1,21,21,77385,0,1199012.8164791,1391302551.32761,-0.0849107438016529,55747.779026292,False,False,0.08741828443496025,739616.4362857575,-4.428002125157512e-05,-0.0759242411980442,0.005847319481021904,0.16820796499748408,7.648787495180968e-05,0.026720267500479403,0.03659086122126418,0.25907515057889036,0.14783300590007728,11.621774720581612,5.43652676920272e-05,75499.8360260044,0.5573896353166987,0.746244080518594,0.2828875427289294,0.36104246936184087,0.1995523415977961,-0.09206280920628096,-0.20778662077866206,-0.4321359432135943,-0.3807270380727039,0.18470835522858642,-0.8369781312127238,-0.12194678458496644
2021-10-12,1633996800,0.0008377,0.0005236,0.0005316,221147575.51,169826.79,0.0007679,multiply,ETH,2021-10-12 02:00:00,0.4445071482317531,6438,64659,3,37,49,77434,0,2745000.0554556,1391302551.32761,0.44420714823175306,169819.223234129,False,False,0.06052053165569618,1068381.2291644716,-4.774424986789611e-06,0.024116421853124265,0.021756556927941713,0.18852067259474825,4.006876791327401e-05,0.02860799182226084,0.0,0.22417168774122748,0.11208584387061374,-7.937318862494742,5.426557721320993e-05,77048.73307870206,0.510172744721689,0.746244080518594,0.3814860420881162,0.4607671761740257,-0.09255079006772005,0.09194214876033058,0.11639118457300279,-0.021522038567493018,-0.068526170798898,-0.09171861086375777,-1.044520204552291,-0.12194678458496644
2021-10-13,1634083200,0.000938,0.0006854,0.0007679,110644013.9,79830.76,0.0007215,multiply,ETH,2021-10-13 02:00:00,-0.06042453444458906,6449,64665,6,22,23,77457,0,10686882.239098,1391302551.32761,-0.060724534444589064,79829.65602885,False,False,0.06441861228548516,1003824.7907828706,-3.5154354868948526e-05,0.04822722660449573,0.020234507454132074,0.1889988088154816,0.00012205772430452596,0.030112133624978374,0.0,0.21436258122877036,0.10718129061438518,-10.574455046705758,5.5378848407329203e-05,76483.0430782933,0.7369481765834933,0.746244080518594,0.3077639232287283,0.3898716384226789,0.30772235968225026,0.058126410835214526,-0.015989465763732058,0.013544018058690876,-0.15312264860797598,-0.15237724084177695,-0.7417924627889791,-0.12194678458496644
2021-10-14,1634169600,0.0007962,0.0005308,0.0007215,114200718.46,64944.18,0.0005687,multiply,ETH,2021-10-14 02:00:00,-0.21178101178101183,6449,64665,0,15,20,77477,0,2059863.556,1391302551.32761,-0.21228101178101183,64945.948588201994,False,False,0.08172679578684287,791233.7609400118,-2.3899912700073745e-05,0.08117949558718146,0.011945922858573212,0.19331578294855714,5.7377639358653426e-05,0.031918042685315055,0.025878992604203732,0.3248588014141818,0.17536889700919275,-11.376735795609655,5.497225819453258e-05,76150.92786317467,0.6924184261036469,0.746244080518594,0.28746713319796974,0.3713595374646992,-0.06431046431046417,0.3924990233103268,0.31019664018752435,0.2782914441984633,0.22984763641099104,-0.14515830401777463,-0.6006903246683206,-0.13849900973954204
2021-10-15,1634256000,0.0006189,0.0005415,0.0005687,80432702.79,43557.72,0.0005415,multiply,ETH,2021-10-15 02:00:00,-0.04782838051696858,6449,64665,0,12,12,77489,0,3586627.03542354,1391302551.32761,-0.04822838051696858,43554.308560785,False,False,0.08583200141085419,753390.3315439008,-6.980104107881646e-05,-0.04088639972380481,0.00899419037553624,0.19363022901372687,4.667996082248912e-05,0.03206349506618603,0.025878992604203732,0.11049622018541141,0.06818760639480757,-1.8894019715615258,5.473355007543821e-05,76099.39477159633,0.5457773512476007,0.746244080518594,0.25093988929963723,0.33429201884540405,-0.2686829611394408,0.3580041580041581,0.3423423423423424,0.16923076923076918,0.1427581427581428,-0.22843118746460256,-0.4241893076248904,-0.13849900973954204
2021-10-16,1634342400,0.0005744,0.0004978,0.0005415,56703378.65,30401.26,0.0005361,multiply,ETH,2021-10-16 02:00:00,-0.00997229916897513,6449,64665,0,3,2,77491,0,69469.16,1391302551.32761,-0.010372299168975129,30398.681294264996,False,False,0.08669656549893219,745877.2977667317,-0.00015158368444555335,-0.022718167784048088,0.005688889917105883,0.19290247896418528,3.13046996997343e-05,0.03198437415356848,0.0,0.013028356522620618,0.006514178261310309,-77.22017561736854,5.4696510618039685e-05,76576.88235285331,0.5196737044145874,0.746244080518594,0.21883610315110436,0.3015160845453047,-0.05023084025854119,0.18252154035519597,0.03780552136451565,-0.030771935994373223,-0.14418850008791995,-0.5045310853530032,-0.33404482390608314,-0.13849900973954204
2021-10-17,1634428800,0.0006155,0.0005385,0.0005361,67833215.8,39139.7,0.000577,multiply,ETH,2021-10-17 02:00:00,0.07629173661630317,6449,64665,0,6,6,77497,0,3858017.20766667,1391302551.32761,0.07589173661630318,39139.765516600004,False,False,0.08055117636737874,802781.5721160311,-6.574363984611477e-05,-0.05405147863367274,0.008459260435072237,0.19325286450251994,2.1849080392512712e-05,0.03191443438052327,0.0014431764129148271,0.07154575367859407,0.03649446504575445,5.041608312011348,5.5039705260212494e-05,76812.80016398315,0.5144913627639155,0.746244080518594,0.2429416483595262,0.32431777900774206,-0.010072747621712397,-0.07257617728531862,0.062419205909510556,-0.8910433979686057,-0.3183748845798706,-0.3044590643274854,-1.0455084143161888,-0.13849900973954204
2021-10-18,1634515200,0.0006743,0.0005619,0.000577,61157120.55,38947.53,0.0006368,multiply,ETH,2021-10-18 02:00:00,0.10363951473136912,6450,64665,0,16,15,77512,0,1022785.4280164,1391302551.32761,0.10313951473136912,38944.85436624,False,False,0.07298685421478886,885981.464685422,-5.820631871502284e-05,-0.0379951282160306,0.014721496525698562,0.19308613540306357,2.8131742789698776e-05,0.03224970253891817,0.0017952966801655854,0.06964478937316228,0.03572004302666393,3.150464445700287,5.5209271405911504e-05,76797.00493349039,0.553742802303263,0.746244080518594,0.24321969878561595,0.32398124769001685,0.07088388214904695,0.008393956351426923,0.016228315612758726,-0.9436672262637569,-0.33146800969968293,-0.28579870001969665,-0.5330268027363461,-0.13849900973954204
2021-10-19,1634601600,0.0006979,0.0006204,0.0006368,47249742.26,31145.45,0.0006592,multiply,ETH,2021-10-19 02:00:00,0.035175879396984966,6450,64665,0,17,18,77530,0,171048.092222222,1391302551.32761,0.03457587939698496,31147.030097791998,False,False,0.07050671839195623,917146.6418351604,-0.0001074707497042061,-0.02461520948791418,0.014654177539936045,0.19309317541173215,2.799165021948533e-05,0.03209441207392622,0.0003521202672507582,0.02234268262679566,0.011347401447023208,-55.93912536317437,5.519791856933568e-05,77173.65269447336,0.6111324376199616,0.746244080518594,0.22332383173754763,0.3038924846162413,0.09390703517587928,-0.3308492201039859,0.13223570190641254,-0.3192374350086653,-0.13136915077989597,-0.26241941600303376,-0.25298848076505087,-0.13849900973954204
2021-10-20,1634688000,0.0007492,0.000666,0.0006592,66146862.48,46807.06,0.0007076,multiply,ETH,2021-10-20 02:00:00,0.07342233009708732,6450,64665,0,9,10,77540,0,2497424.0468,1391302551.32761,0.07282233009708731,46805.519890847994,False,False,0.06568404291121756,984485.6853194168,-5.5795281645473515e-05,-0.3217307767972857,0.025152959973144467,0.19201153095879853,2.238695678957165e-05,0.03199563328911551,0.015334473544047603,0.1833118527129011,0.09932316312847435,-41.678490222592,5.5468634497099614e-05,76917.3068241461,0.6326295585412668,0.746244080518594,0.2605864948442983,0.3437202061988447,0.03398058252427183,-0.13300879396984944,0.267430904522613,0.11824748743718583,-0.045540201005025205,-0.18494108248452168,-0.21468589820002393,-0.13849900973954204
2021-10-21,1634774400,0.0009751,0.0005688,0.0007076,1323500575.7,806559.78,0.0006094,multiply,ETH,2021-10-21 02:00:00,-0.1387789711701526,6451,64666,1,18,25,77565,0,3879345.01709473,1391302551.32761,-0.13937897117015258,806541.25083158,False,False,0.0762696874218996,847859.7747790455,-2.448570045101882e-06,-0.701499223997924,0.03134620459305029,0.19138036427825775,3.364151086058542e-05,0.03660889854295615,0.07509682440502014,0.17209656230329426,0.1235966933541572,-49.817059607471464,5.528438566489366e-05,151580.71016878175,0.6790786948176584,0.746244080518594,0.513054687312817,0.6006214869299051,0.06840022611644991,0.13728762135922323,0.2973300970873787,0.22148058252427183,0.09996966019417486,-0.1241157556270096,-0.44990128331688073,-0.14438599434768906
2021-10-22,1634860800,0.0007547,0.0005958,0.0006094,140945274.96,100768.97,0.000715,multiply,ETH,2021-10-22 02:00:00,0.17328519855595692,6450,64666,0,10,10,77575,0,3348231.31770975,1391302551.32761,0.17278519855595692,100775.87159640001,False,False,0.06500524127958827,994781.3241992412,-1.7393215930687733e-05,-0.964968753072719,0.038476876489129654,0.19201188320950643,0.0005797022725660652,0.03698766823306184,0.11954892871839683,0.09089506007390859,0.10522199439615271,-79.78264763585403,0.00010894877611209746,151104.9725693587,0.5848368522072936,0.746244080518594,0.2846292076570699,0.37574418759838907,-0.16114210699048237,0.2347371396269078,0.34299039005087617,0.23671565856416055,0.2589033352176371,-0.19645941278065648,-0.09845227858985384,-0.14438599434768906
2021-10-23,1634947200,0.0007921,0.0006253,0.000715,69570115.6,43505.25,0.0006253,multiply,ETH,2021-10-23 02:00:00,-0.1254545454545456,6451,64666,0,12,19,77594,0,5906789.83067114,1391302551.32761,-0.1259545454545456,43502.19328468,False,False,0.07433031747146268,869981.4853451545,-4.7717404960367523e-05,-0.8647351934888483,0.02787340100491692,0.1941183870489905,7.24327512374915e-05,0.03764411559155202,0.05978657785742429,0.09089506007390859,0.07534081896566644,-29.84965850222011,0.00010860683927099192,151126.4104055632,0.6861804222648753,0.746244080518594,0.21251234129012894,0.3023233459034043,0.1476923076923078,0.12028224483098127,0.04693140794223816,0.13078437807679677,0.09058089924515911,-0.28930952893095285,-0.30165771655381746,-0.14438599434768906
2021-10-24,1635033600,0.0006123,0.0005715,0.0006253,36556351.66,22383.89,0.0006123,multiply,ETH,2021-10-24 02:00:00,-0.02079002079002079,6451,64666,0,4,4,77598,0,142305.42576923,1391302551.32761,-0.02129002079002079,22383.454121417995,False,False,0.07590845584665298,851894.5521778956,-0.00017304220144492795,-0.8583417443861805,0.0272834940384698,0.19422834473877443,3.126724179666694e-05,0.03676113311458103,0.0,0.012281689456980292,0.006140844728490146,19.605919229787794,0.0001086222477356598,151577.00253794974,0.6000959692898272,0.746244080518594,0.15683588722725939,0.24521324577867523,-0.14345114345114363,0.19300699300699298,0.25650349650349646,0.3363636363636364,0.16167832167832163,-0.009297520661156966,-0.4306134603930911,-0.14438599434768906
2021-10-25,1635120000,0.0006752,0.0005908,0.0006123,66219370.3,41919.44,0.000633,multiply,ETH,2021-10-25 02:00:00,0.03380695737383643,6451,64666,0,11,11,77609,0,4776539.48248069,1391302551.32761,0.03310695737383643,41916.8613999,False,False,0.07342614141375295,880694.5149903771,-8.080492062367683e-05,0.29308868635149127,-0.01065661365925603,0.14207245849660194,1.608812842329602e-05,0.03191370736273057,0.0,0.06747990584612759,0.033739952923063796,13.552473922665754,0.00010894611124899599,151167.68374209377,0.587619961612284,0.44420714823175306,0.21024704709885278,0.3043160858200177,-0.02123142250530785,-0.018391172237326003,-0.2280505357428435,0.12490004797697107,0.06252998560690859,-0.9262603461249057,-0.5191919191919194,-0.14438599434768906
2021-10-26,1635206400,0.0006195,0.0005782,0.000633,40367431.59,23340.17,0.0005782,multiply,ETH,2021-10-26 02:00:00,-0.08657187993680893,6451,64667,1,9,7,77616,0,28692165.8519818,1391302551.32761,-0.08717187993680893,23340.448945338,False,False,0.0803864861048663,804451.1351776241,-0.00010483004135526377,0.370299967320015,-0.014883528981361208,0.142509326135526,3.012778303317424e-05,0.025839717770980927,0.0,0.13205920005350322,0.06602960002675161,0.5178591830337069,0.00010865191298459591,140571.02100380938,0.6074856046065259,0.44420714823175306,0.16517886816308783,0.2537072884838525,0.03270142180094793,-0.07659643965376439,-0.17834394904458617,0.17083129185040002,-0.6723828188796341,-0.3569475192082303,-0.5304565006243929,-0.14438599434768906
2021-10-27,1635292800,0.0005494,0.0005102,0.0005782,33625513.95,17154.4,0.0005102,multiply,ETH,2021-10-27 02:00:00,-0.11760636457973006,6455,64669,2,14,13,77629,0,1680643.41811941,1391302551.32761,-0.11820636457973006,17155.737217290003,False,False,0.09110330021107378,709842.5616873467,-0.00012476363430473722,0.37678087636721647,-0.009662067206366054,0.13575244975111436,1.6775969341151612e-05,0.02339195882260516,0.0,0.07686098366435593,0.03843049183217796,-4.886050931691464,0.00010103555180695499,139216.09966759922,0.55489443378119,0.44420714823175306,0.15194075317808545,0.2272195661721804,-0.09477689380837084,-0.11785150078988926,0.1015797788309637,0.16682464454976298,-0.6461295418641391,-0.05502425502425501,-0.253593429158111,-0.14438599434768906
2021-10-28,1635379200,0.0009434,0.0005146,0.0005102,399932703.43,222949.92,0.0005575,multiply,ETH,2021-10-28 02:00:00,0.09270874166993348,6456,64676,7,36,81,77710,2,11781595.0736348,1391302551.32761,0.09210874166993348,222962.48216222503,False,False,0.08338284309271098,775651.1723651426,-1.066678342986603e-05,-0.03963375860875877,0.007267046781113093,0.12845089644417762,1.2330702046740041e-05,0.03227894112147597,0.006359129940644077,0.10462679668400464,0.05549296331232436,-38.307486708170195,0.00010006170083908515,141377.78134323773,0.4896353166986565,0.44420714823175306,0.3751237196781003,0.4491311656490469,-0.13328106624852976,-0.05396056727775855,0.06347284676582488,0.1340366655136631,-0.31649948114839166,0.012660453666256344,-0.8281036834924966,-0.14438599434768906
2021-10-29,1635465600,0.0005743,0.0005301,0.0005575,100771977.11,53418.02,0.0005301,multiply,ETH,2021-10-29 02:00:00,-0.04914798206278026,6461,64678,2,18,17,77727,0,6804143.61013272,1391302551.32761,-0.04974798206278026,53419.225066011,False,False,0.08769547731756748,737529.4824587661,-5.6401407662075515e-05,-0.14820991593105953,0.010022036256915633,0.12765752205360587,0.00016025449098003132,0.03203684134517153,0.01505021804919661,0.1596918086506914,0.08737101334994402,-51.854260463031814,0.00010161541154965332,141372.35119272882,0.5350287907869482,0.44420714823175306,0.25078504305503463,0.3224816953674047,0.08484304932735431,-0.4014112112896904,-0.050764406115248795,0.08565268522148184,-0.10054880439043501,0.0522622345337026,-0.7885521885521884,-0.14438599434768906
2021-10-30,1635552000,0.0006054,0.0003892,0.0005301,1115355511.24,530500.33,0.0004756,multiply,ETH,2021-10-30 02:00:00,-0.10281079041690255,6459,64683,5,33,72,77799,0,8472920.98649032,1391302551.32761,-0.10341079041690256,530463.0811457441,False,False,0.09775224196947624,661703.4934114113,-4.288451066964159e-06,-0.18022325294524075,0.00527087972196977,0.128875019421672,3.839511759324904e-05,0.03459651059443574,0.012960748404768064,0.055065011966686776,0.03401288018572742,-22.38377993521153,0.00010161150862393546,162398.67332903482,0.5087332053742802,0.44420714823175306,0.4443287750335325,0.5195536631440756,-0.05168836068666294,-0.12161434977578467,-0.034977578475336335,0.16914798206278037,0.07946188340807181,-0.007461294534601759,-0.607391469434249,-0.14438599434768906
2021-10-31,1635638400,0.001073,0.000429,0.0004756,907831871.32,506309.64,0.0005577,multiply,ETH,2021-10-31 02:00:00,0.17262405382674495,6453,64688,5,43,65,77864,2,17967188.1283125,1391302551.32761,0.17202405382674496,506297.834635164,False,False,0.08336840601635874,775929.4328754081,-3.469576656641386e-06,-0.2930155481000433,0.01239625014095379,0.13219001559785531,0.0003812708318830905,0.05025124028686612,0.1347801879251114,0.24839186590545756,0.19158602691528448,19.91287403648056,0.00011672419717341177,177910.51131589527,0.45642994241842616,0.44420714823175306,0.42018528119198634,0.5015559671974665,-0.11459209419680416,-0.1550650820599886,-0.2012827768345593,0.1229956611960008,-0.01886436521411028,0.08197573656845758,-0.30816714150047475,-0.14438599434768906
2021-11-01,1635724800,0.0008213,0.0005187,0.0005577,808148522.63,419214.76,0.0005187,multiply,ETH,2021-11-01 01:00:00,-0.0699300699300699,6467,64692,4,33,52,77916,0,12790255.8902271,1391302551.32761,-0.0704300699300699,419186.638688181,False,False,0.0896422499306643,721668.6333736313,-6.346241248506827e-06,-0.03083246195379094,0.010672268668932892,0.13144306038551445,0.00036390203852644705,0.055219652937842846,0.17041474591075567,0.3235827777019133,0.24699876180633448,13.022791096650586,0.0001278733451226186,185640.961063156,0.5352207293666027,0.44420714823175306,0.38970996283735887,0.4747887251785567,0.14721176259637792,-0.330950378469302,-0.3860386879730866,-0.22119428090832627,-0.1137510513036164,0.25486809045226133,-0.35485419416776676,-0.14438599434768906
2021-11-02,1635811200,0.000643,0.0005052,0.0005187,159897717.45,88132.1,0.0005512,multiply,ETH,2021-11-02 01:00:00,0.06265664160400997,6472,64694,1,13,30,77947,0,8318761.26373367,1391302551.32761,0.062156641604009966,88135.62185843999,False,False,0.08435934786083404,766885.9662917786,-3.142980708153245e-05,0.0822403791765627,0.0066987943905059905,0.12909520993314128,0.0003012907855938195,0.05583503447538335,0.06697406343725854,0.14021168344923246,0.1035928734432455,-12.027616250107911,0.0001334296130529003,185495.14239419586,0.4977927063339731,0.44420714823175306,0.2511671709366047,0.33625852291751485,-0.07518796992481191,-0.03675811368119053,-0.2687824995517303,0.04679935449166206,0.14918414918414913,0.16990291262135926,-0.4501615136132904,-0.14438599434768906
2021-11-03,1635897600,0.0005986,0.0004604,0.0005512,463078450.81,234541.83,0.0005065,multiply,ETH,2021-11-03 01:00:00,-0.08109579100145126,6473,64695,1,18,28,77975,0,5096096.10936141,1391302551.32761,-0.08159579100145126,234549.235335265,False,False,0.09180570837476762,704694.7422474344,-1.0710434482931028e-05,0.12306436121791545,0.00589516142141572,0.12939932228481726,6.334756000723145e-05,0.056548794233569934,0.043971680030128815,0.11187503420764852,0.07792335711888868,-23.565561117474758,0.00013332480574925455,185960.36070298156,0.5289827255278311,0.44420714823175306,0.33148853853838456,0.41829108519543523,0.05896226415094341,0.016387121650279446,-0.17486022749180652,-0.4804318488529016,-0.05494505494505497,0.28250423968343685,-0.42556426148988424,-0.14438599434768906
2021-11-04,1635984000,0.0005444,0.0004991,0.0005065,196428175.4,98031.19,0.0004991,multiply,ETH,2021-11-04 01:00:00,-0.014610069101678058,6472,64695,0,8,5,77980,0,2288706.1424,1391302551.32761,-0.015110069101678059,98037.30234214001,False,False,0.09316688297299096,694399.1033676103,-4.310649337055569e-05,0.09946537207972715,0.004454300290640171,0.12933645125065021,0.00016858248057653112,0.0561371540016915,0.04511335277625924,0.09627586395007541,0.07069460836316732,-10.15088796664211,0.00013365918184045182,185321.97944432995,0.486084452975048,0.44420714823175306,0.2556502098984956,0.3418469588010445,-0.0882527147087857,-0.011429608127721425,-0.2971698113207548,-0.3089622641509435,0.07891872278664713,0.13455858221201167,-0.3513513513513513,-0.14438599434768906
2021-11-05,1636070400,0.0005376,0.0004928,0.0004991,69227844.02,34116.17,0.0004928,multiply,ETH,2021-11-05 01:00:00,-0.012622720897615736,6473,64695,0,11,9,77989,0,2145597.28376591,1391302551.32761,-0.013122720897615736,34115.481533056,False,False,0.09435793687463433,685633.8972942462,-0.0001281604903873803,0.4239537241318795,0.004781514020076111,0.12870150290157745,7.046440204439414e-05,0.056009104629719246,0.06050245280650948,0.08799562325851301,0.07424903803251125,5.435512559583138,0.00013320034471833017,185347.0930379456,0.47898272552783117,0.44420714823175306,0.16753815042389278,0.25219448863504895,-0.014826688038469094,-0.04659427443237907,-0.23455083909180652,-0.12280355380059227,-0.041263573543929066,0.2997202797202798,-0.317981948623004,-0.14438599434768906
2021-11-06,1636156800,0.0005426,0.0004974,0.0004928,58952500.94,29320.33,0.0004974,multiply,ETH,2021-11-06 01:00:00,0.009334415584415279,6475,64696,1,12,10,77999,0,2665990.37698873,1391302551.32761,0.008834415584415278,29322.973967555994,False,False,0.09348675119169256,692033.8890303532,-0.00015939880838470986,0.578413951325778,0.007639890823302684,0.12733810446312654,2.452053401361357e-05,0.05592863645492015,0.05053209661655212,0.06993859346907877,0.06023534504281544,11.400516967141705,0.00013321839513704876,185260.41601254855,0.47293666026871406,0.44420714823175306,0.15508528595584337,0.23938704645049655,-0.012784090909090828,0.04708475255459832,-0.22680825485874556,-0.0849529152474453,-0.003205770386695894,0.2539581001119462,-0.35954461212602573,-0.14438599434768906
2021-11-07,1636243200,0.0005541,0.0005079,0.0004974,67613972.78,34340.08,0.0005079,multiply,ETH,2021-11-07 01:00:00,0.021109770808202866,6475,64696,0,6,4,78003,0,2570138.4785,1391302551.32761,0.020609770808202865,34341.136774962004,False,False,0.09155406584514249,706642.5658192931,-0.00011234395935951322,0.5916188613660581,0.007673543769090889,0.12734132357499459,2.107591475310341e-05,0.05585648437418614,0.018241161711571786,0.04168455174197862,0.029962856726775202,21.25395042625589,0.00013315609594460184,185066.56070084663,0.47735124760076775,0.44420714823175306,0.1680228993945761,0.2525134365977246,0.009248090068355252,-0.13169642857142838,-0.28449675324675305,-0.0878652597402596,0.05336850649350655,0.24350808427241544,-0.6274840888427069,-0.14438599434768906
2021-11-08,1636329600,0.0005773,0.0005292,0.0005079,102838556.39,54422.85,0.0005292,multiply,ETH,2021-11-08 01:00:00,0.04193738924985224,6477,64697,1,12,10,78013,2,43656097.5207648,1391302551.32761,0.041537389249852244,54422.164041587996,False,False,0.08787042478018887,736277.3101625711,-5.8277313314262655e-05,0.6288026928024675,0.008112500676842,0.12734146844053887,2.4682723928158523e-05,0.05584255537811302,0.00374905645187138,0.010319980136209269,0.007034518294040324,21.5509577406811,0.00013301676225940378,184535.29051270112,0.4874280230326296,0.44420714823175306,0.20579055623366332,0.2918054671581674,0.020673360897814685,-0.04282267792521122,-0.16244471250502612,-0.16003216726980307,0.06875753920385996,0.26556082148499205,-0.2648347272003184,-0.14438599434768906
2021-11-09,1636416000,0.0005678,0.0004732,0.0005292,78839312.16,41038.05,0.0005205,multiply,ETH,2021-11-09 01:00:00,-0.01643990929705208,6477,64698,1,11,8,78021,0,278971.546414076,1391302551.32761,-0.01683990929705208,41035.86197928,False,False,0.08934053322690494,724172.977966021,-0.00010010861740042203,0.40172258964566815,-4.063000306162853e-05,0.12018145899393155,3.9115980912747716e-05,0.05128563152196296,0.00646104771445579,0.0,0.003230523857227895,-36.41813600802053,0.00013263491131861556,185251.61499982802,0.5078694817658349,0.44420714823175306,0.18193150283132098,0.2679856554971904,0.040249433106575805,-0.08525300255955881,-0.004528450482378377,-0.25379011616459923,0.08466233510533572,-0.004496713939813324,-0.3905592771459727,-0.14438599434768906
2021-11-10,1636502400,0.0005096,0.0004633,0.0005205,233894979.48,119199.38,0.0005096,multiply,ETH,2021-11-10 01:00:00,-0.02094140249759846,6479,64701,3,15,18,78039,0,20717170.4027939,1391302551.32761,-0.02154140249759846,119192.881543008,False,False,0.09125569818953737,709007.7801565501,-3.24350502208889e-05,0.6025114335006722,0.00196303168980907,0.11880170079254679,2.9494563881969972e-05,0.05112673757832969,0.028596880345930716,0.11594479476618622,0.07227083755605847,-20.200400568185295,0.00013314977020854096,184714.33976906454,0.49952015355086377,0.44420714823175306,0.2711189225264962,0.35798193467467515,-0.016714697406339907,0.04289493575207848,-0.05347694633408939,-0.24565381708238854,-0.0975056689342404,-0.041944335554684464,-0.6435707379954883,-0.14438599434768906
2021-11-11,1636588800,0.0005195,0.000425,0.0005096,167128636.31,71036.56,0.000425,multiply,ETH,2021-11-11 01:00:00,-0.1660125588697018,5721,64701,0,11,10,78049,0,2314754.97541121,1391302551.32761,-0.16661255886970178,71029.67043175,False,False,0.10942095011150177,591303.5843142342,-2.5280869624352192e-05,0.5245504562555159,-0.017781516359522267,0.08782533313168107,8.566999422898467e-05,0.049384049437530025,0.043528886422243146,0.1926794091984252,0.11810414781033417,-56.98812354140768,0.00013276360313779791,184953.99587370505,0.4890595009596929,0.17278519855595692,0.2271999782499613,0.3133911741494587,-0.02138932496075352,0.04111431316042258,-0.018443804034582234,-0.3594620557156578,-0.02132564841498552,-0.37739910313901315,-0.4267536704730832,-0.15845409973197994
2021-11-12,1636675200,0.0004669,0.0004202,0.000425,105903785.92,44498.97,0.0004202,multiply,ETH,2021-11-12 01:00:00,-0.011294117647058677,5721,64701,0,3,2,78051,0,218879.98597014,1391302551.32761,-0.011794117647058677,44500.770843584,False,False,0.11067088005090014,584625.3320678618,-0.00010075046265534521,0.4897085391509665,-0.014987390199024626,0.08692573147898157,5.105264154369012e-05,0.04798857750921664,0.03260275988988646,0.20070467523158658,0.11665371756073652,6.457451333399007,0.00013293585618542712,185395.83048828325,0.40786948176583493,0.17278519855595692,0.19064883049448353,0.2734522529879982,-0.19905882352941195,0.03296703296703296,0.06671899529042391,-0.1958398744113028,-0.5068681318681316,-0.3610639501980757,-0.45536016232668275,-0.15845409973197994
2021-11-13,1636761600,0.0006504,0.0004181,0.0004202,434453623.33,242197.82,0.0005575,multiply,ETH,2021-11-13 01:00:00,0.32674916706330315,5725,64707,6,27,56,78107,0,6847845.15704177,1391302551.32761,0.32624916706330315,242207.895006475,False,False,0.08342280951202995,775651.1723651426,-4.618191639075481e-06,0.40657426100145583,0.0023986657099043336,0.09935159831696104,3.198497034388418e-05,0.04856307104214634,0.15127685411363617,0.15374089219276094,0.15250887315319855,-17.730987643277786,0.00013325342522471094,186018.51143597896,0.4032629558541267,0.32624916706330315,0.3310236015882272,0.4158255980572607,-0.011423131841979961,-0.1703529411764706,-0.31223529411764694,-0.6823529411764708,-0.6976470588235295,-0.1957527333894029,-0.2200485044462408,-0.15845409973197994
2021-11-14,1636848000,0.0006479,0.0004627,0.0005575,364936779.17,202649.39,0.0005553,multiply,ETH,2021-11-14 01:00:00,-0.003946188340807288,5732,64713,6,29,45,78152,2,45353024.1932518,1391302551.32761,-0.004446188340807289,202649.39347310102,False,False,0.08376108195304366,772590.3067522219,-2.7313208532769046e-05,0.778907955904107,0.005751113779777411,0.0958701751601721,0.0001740871493230248,0.04986481490788001,0.22764116757785563,0.18461648018070823,0.20612882387928194,25.439581147584512,0.00013370097773376195,185547.21633357415,0.5350287907869482,0.32624916706330315,0.31260128769787215,0.397899530534878,0.24627802690582967,-0.20871013802950977,-0.23441218467396463,-0.48810090433127074,-0.3534031413612564,0.02904787520172125,-0.29767942216074994,-0.15845409973197994
2021-11-15,1636934400,0.000593,0.0004561,0.0005553,350055791.25,159673.75,0.0004561,multiply,ETH,2021-11-15 01:00:00,-0.1786421754006844,5734,64719,6,16,15,78167,0,2949801.61243276,1391302551.32761,-0.17924217540068438,159660.446389125,False,False,0.10198825107233854,634573.0936605228,-1.078770937267059e-05,0.7131550633669407,4.6547470488414585e-05,0.09796382995110568,0.00014565443963265125,0.05024719868031696,0.09132307601520907,0.26940772942529134,0.1803654027202502,20.54745803146399,0.00013336223394151122,184396.75581549268,0.5329174664107486,0.32624916706330315,0.2898807345874694,0.37569414599698814,-0.0039618224383217715,0.050762331838565156,0.011300448430493493,-0.0982959641255603,0.028699551569506876,-0.0335454019664545,0.007704160246533087,-0.16989277674803932
2021-11-16,1637020800,0.0004631,0.0003368,0.0004561,496039930.69,187955.78,0.0003789,multiply,ETH,2021-11-16 01:00:00,-0.16926112694584516,5737,64723,4,24,39,78206,0,22358091.7865167,1391302551.32761,-0.16986112694584515,187949.529738441,False,False,0.12277570946900473,527164.5366980315,-9.451008625341713e-06,1.0405061028165394,-0.005355714438309218,0.09977719282914531,0.00011475609401907131,0.05122718419711842,0.025444704263781218,0.11456208063799644,0.07000339245088882,-1.5273883211189982,0.0001325353393764264,183439.0859606297,0.4377159309021113,0.32624916706330315,0.30102230795003515,0.3883435696404559,-0.2174961631221224,0.0626688276607239,0.08788042499549786,-0.13992436520799556,0.0345759049162615,-0.04680696661828754,-0.12650602409638556,-0.17135463238230383
2021-11-17,1637107200,0.0003861,0.0003432,0.0003789,141631960.6,54680.91,0.0003861,multiply,ETH,2021-11-17 01:00:00,0.019002375296912177,5744,64724,1,20,18,78224,0,3360515.69571617,1391302551.32761,0.018402375296912177,54684.099987659996,False,False,0.12048804731606833,537181.9150675902,-7.247428947165401e-05,0.9508596456951296,-0.008711125808758694,0.09835623931764173,0.00013508889893078656,0.0511530757098024,0.06067661539740349,0.0,0.030338307698701744,-72.8178362169227,0.00013184701327945402,183138.59107131886,0.36362763915547025,0.32624916706330315,0.19653774604191754,0.28286083005872237,-0.20374769068355758,-0.11729883797412866,-0.09427757070817822,-0.26770445077833815,-0.26507344880508676,-0.25725567620927925,-0.11948529411764697,-0.17135463238230383
2021-11-18,1637193600,0.0003998,0.0003199,0.0003861,119921989.16,43152.16,0.0003598,multiply,ETH,2021-11-18 01:00:00,-0.06811706811706808,6531,64726,2,16,27,78251,0,4413712.28019539,1391302551.32761,-0.06931706811706809,43147.931699768,False,False,0.129299256727599,500590.6579676741,-6.226318060341505e-05,0.9289851054723607,-0.007801753258874308,0.09843969589301979,3.9304247617083205e-05,0.05169582101348764,0.05929334565986841,0.06608749570953752,0.06269042068470296,-34.91928594595934,0.00013163103229888004,182886.98259907268,0.37053742802303263,0.32624916706330315,0.17672650941205628,0.2627450814294923,0.018648018648018683,-0.12166798627606235,-0.30060702032198483,-0.3465294272895225,-0.6806545262602268,-0.3207773993187737,-0.0695404025232802,-0.17135463238230383
2021-11-19,1637280000,0.0004299,0.0003439,0.0003598,207950307.72,71522.76,0.0003439,multiply,ETH,2021-11-19 01:00:00,-0.04419121734296838,6531,64726,0,9,7,78258,0,1284921.10508571,1391302551.32761,-0.04529121734296838,71514.110824908,False,False,0.13527732646289656,478468.9474015651,-4.361697539562827e-05,0.8493038910154156,-0.013445993721630647,0.09815182386553262,3.101261595373008e-05,0.052602286383302534,0.059170632858121394,0.11013666026929125,0.08465364656370633,-67.28310315704624,0.00013145018847594156,182464.4787186958,0.34529750479846455,0.32624916706330315,0.21822948565993133,0.3054429294553538,-0.07309616453585321,-0.0883190883190883,-0.2882672882672881,-0.4439264439264441,-0.7073297073297073,-0.43587662337662314,-0.09657845946401489,-0.17135463238230383
2021-11-20,1637366400,0.0003974,0.0003533,0.0003439,170106418.43,67602.81,0.0003974,multiply,ETH,2021-11-20 01:00:00,0.15556847920907235,6532,64728,2,11,9,78267,1,223419306.091899,1391302551.32761,0.15446847920907236,67600.290684082,False,False,0.1170692251445553,552903.6338975922,-2.752457489024372e-05,1.0027025261848956,-0.007821673426125235,0.10069753617001337,5.140083352586951e-05,0.04781316226433975,0.05187740610543594,0.11827702194351641,0.08507721402447618,-19.53925676719674,0.00013114651341980532,136771.1293247073,0.3300383877159309,0.32624916706330315,0.21318045659566306,0.30025595598673493,-0.04623437045652801,-0.5494719288493608,-0.41161756531406346,-0.4733185102834909,-0.9666481378543634,-0.22517088862082835,-0.41437833714721606,-0.17135463238230383
2021-11-21,1637452800,0.0003838,0.0003412,0.0003974,55863594.67,19058.92,0.0003412,multiply,ETH,2021-11-21 01:00:00,-0.14141922496225467,6532,64728,0,7,5,78272,0,765607.1453,1391302551.32761,-0.14251922496225466,19060.658501404,False,False,0.1363520224866538,474712.43051298056,-0.00010262114360183259,1.6236219961062701,-0.015945800546798398,0.09476484850429852,4.858777166733173e-05,0.04717692201239323,0.025131210595991174,0.15124581232173645,0.0881885114588638,18.188403955231664,9.830437613601541e-05,138106.30391730327,0.3813819577735125,0.32624916706330315,0.12613901797163193,0.19327159944976738,0.13462506290890786,-0.6147135795289327,-0.5388194242512356,-0.38296016283803436,-0.7720267519627797,-0.4077574325654656,-0.3679177192349332,-0.17135463238230383
2021-11-22,1637539200,0.0003681,0.0003272,0.0003412,573369729.95,187627.68,0.0003272,multiply,ETH,2021-11-22 01:00:00,-0.041031652989449,6532,64728,0,3,2,78274,0,448078.79,1391302551.32761,-0.041731652989448996,187606.57563964,False,False,0.14218615547813654,455234.19479439396,-1.7021852646232724e-05,1.4218937547064379,-0.010981605628057988,0.0925109567649343,1.3699865987607023e-05,0.046681412856844164,0.008363002822430491,0.07701795493797375,0.04269047888020212,22.518628297231952,9.92640341135861e-05,137661.31028802934,0.327447216890595,0.32624916706330315,0.3210476139931375,0.38585865266455494,-0.16471277842907384,-0.14771011575239035,-0.30976346250629083,-0.40337191746351264,-0.7991947659788627,-0.18159486016628867,-0.34951618284951613,-0.17135463238230383
2021-11-23,1637625600,0.0003907,0.0003473,0.0003272,882790013.25,306587.32,0.0003473,multiply,ETH,2021-11-23 01:00:00,0.0614303178484108,6532,64728,0,12,14,78288,0,5986643.92129546,1391302551.32761,0.060830317848410795,306592.971601725,False,False,0.13395712661228412,483199.3760760789,-9.099529500264202e-06,1.3909641191433695,-0.00990830112900297,0.09271158012640267,0.0001348424003539862,0.04713275937592534,0.0,0.0,0.0,-25.335915786981843,9.894419452955798e-05,139644.26148385153,0.31401151631477925,0.32624916706330315,0.35948179357412247,0.42545771182014464,-0.04278728606356963,-0.11049237983587346,-0.4935521688159439,-0.5202227432590856,-0.8326494724501758,-0.17636887608069163,-0.4503582395087,-0.17135463238230383
2021-11-24,1637712000,0.0003418,0.000299,0.0003473,940230666.59,321330.22,0.0003418,multiply,ETH,2021-11-24 01:00:00,-0.015836452634609754,6531,64728,0,10,10,78298,0,7407250.7002,1391302551.32761,-0.017236452634609753,321370.841840462,False,False,0.1361126684389885,475547.2120437771,-1.2899243888372202e-05,1.4396409416225517,-0.008488753279999475,0.09258165335032674,0.0002203639828800483,0.04744142101891305,0.0,0.03122544916446462,0.01561272458223231,-20.64886406545864,0.00010036944254188282,142076.72697278913,0.3333013435700576,0.32624916706330315,0.3571158814089582,0.4260142227900342,0.05787503599193777,-0.18001222493887536,-0.2988997555012225,-0.684596577017115,-0.8713325183374083,-0.24215070643642056,0.29326171874999996,-0.17135463238230383
2021-11-25,1637798400,0.0004071,0.0003167,0.0003418,1046726207.95,378814.4,0.0003619,multiply,ETH,2021-11-25 01:00:00,0.05880631948507897,6536,64734,6,23,26,78324,0,6840476.06365789,1391302551.32761,0.057406319485078974,378810.21465710504,False,False,0.12856485929266295,503512.39332546206,-7.480014651086746e-06,1.474714566975834,-0.009058951526757345,0.092393335359421,0.00023098559082911421,0.048366362219720634,0.03164256685075137,0.10969491420695839,0.07066874052885488,-2.232101499499379,0.00010211777936956743,145832.7537757791,0.32802303262955856,0.32624916706330315,0.3650344094114394,0.4377657156981892,-0.016091281451140915,-0.03599193780593146,-0.20990498128419244,-0.45839331989634324,-0.8226317304923698,-0.3604705882352941,0.3220729366602686,-0.17135463238230383
2021-11-26,1637884800,0.0003638,0.0003234,0.0003619,594693712.9,192326.33,0.0003234,multiply,ETH,2021-11-26 01:00:00,-0.1063829787234043,6535,64737,3,17,25,78349,0,14226092.4056436,1391302551.32761,-0.1074829787234043,192323.94675186,False,False,0.14387686713295905,449947.24509934906,-1.165070563036523e-05,1.0507578257123242,-0.004621557235077533,0.0914348567419277,0.00027227019334912915,0.04847956600761019,0.07340237244495945,0.12979610148491336,0.1015992369649364,4.603176775006595,0.00010481742712009149,143428.75783514915,0.3473128598848369,0.32624916706330315,0.30080989836999855,0.3812951863846894,0.055540204476374644,-0.006143943826799392,-0.631070801638385,-0.46021064950263324,-0.6916325336454066,-0.2141837220371252,0.0279821334734629,-0.17135463238230383
2021-11-27,1637971200,0.000369,0.000328,0.0003234,522055675.23,171246.79,0.000328,multiply,ETH,2021-11-27 01:00:00,0.014223871366728424,6537,64738,1,8,6,78355,0,379280.589166667,1391302551.32761,0.013123871366728424,171234.26147544,False,False,0.14186127311502142,456347.2368354561,-2.483634762694932e-05,1.1892922639346386,-0.008111582872535945,0.09132057860181704,0.00013823301521896907,0.039637945100166355,0.041759805594208194,0.051326636442419596,0.046543221018313895,-56.08410973753577,0.0001030895528066749,143058.55957688874,0.3103646833013436,0.32624916706330315,0.2884553065391023,0.3717277586747698,-0.11904761904761907,-0.09809339596573641,-0.5344017684443216,-0.36170212765957466,-0.4097817076540482,0.0,-0.35013357079251994,-0.16839927131158064
2021-11-28,1638057600,0.0003438,0.0003438,0.000328,46714039.56,16061.86,0.0003438,multiply,ETH,2021-11-28 01:00:00,0.048170731707317005,6537,64738,0,5,4,78359,0,1073461.77,1391302551.32761,0.04707073170731701,16060.286800728001,False,False,0.13534176143608792,478329.81714643235,-0.00018885115228538385,1.3079663878135461,-0.005414728434585005,0.09014217234185351,0.00012307478435373003,0.039583515858555976,2.220446049250313e-16,0.08130545878899377,0.040652729394496996,17.334960008455838,0.00010282347246497842,144186.77834432406,0.31477927063339733,0.32624916706330315,0.09002468758104401,0.17242474722812132,0.014024390243902451,-0.055040197897340715,-0.4103277674706245,-0.5380333951762521,-0.7238713667285097,0.04538087520259315,-0.4372564302416213,-0.16839927131158064
2021-11-29,1638144000,0.0003559,0.0003114,0.0003438,77417314.63,24107.31,0.0003114,multiply,ETH,2021-11-29 01:00:00,-0.09424083769633518,6539,64738,0,9,7,78366,0,15233223.9716429,1391302551.32761,-0.09494083769633518,24107.751775782,False,False,0.1494235632040046,433251.6144834177,-9.797270571381803e-05,1.2429374731313039,-0.0054997853107518835,0.090000293434524,1.1543346043175828e-05,0.03701652762574636,0.018186497107704525,0.12336503699760587,0.0707757670526552,9.62614317876757,0.00010363438075114431,129184.97750222828,0.32994241842610367,0.32624916706330315,0.12479488010054567,0.20691104197538143,0.045956951716114025,0.0024390243902440156,-0.15518292682926815,-0.5484756097560977,-0.6161585365853659,-0.04275378206533653,-0.45324939825958177,-0.16839927131158064
2021-11-30,1638230400,0.0003705,0.0003242,0.0003114,53781511.61,17434.73,0.0003242,multiply,ETH,2021-11-30 01:00:00,0.04110468850353266,6539,64739,1,7,5,78371,0,259665.10188,1391302551.32761,0.040004688503532664,17435.966063962,False,False,0.14352626876204533,451060.2871404112,-0.00018304882429606435,1.2436397949013256,-0.009011920371257608,0.0842134591423377,1.73274689626479e-05,0.021528942890469277,0.018186497107704414,0.04205957820861209,0.030123037658158255,-3.668305558427363,9.28518224730899e-05,112655.63619635878,0.2988483685220729,0.32624916706330315,0.10764427051398268,0.1798865029197631,-0.10404624277456653,-0.01018033740546831,-0.12303664921465973,-0.5392670157068062,-0.3833624200116348,-0.47189231987331737,-0.4557296582971493,-0.16839927131158064
2021-12-01,1638316800,0.0003211,0.0003211,0.0003242,50189986.48,16118.1,0.0003211,multiply,ETH,2021-12-01 01:00:00,-0.009561998766193791,6543,64740,1,15,14,78385,0,18111900.5093478,1391302551.32761,-0.01046199876619379,16116.004658728,False,False,0.1449141547293154,446747.2492312956,-0.00028853047614950725,1.2284434789677618,-0.008130864071626573,0.08382550620979466,1.253211679035896e-05,0.01642172132820258,0.0,-0.0,0.0,-28.68910623392766,8.09713430690258e-05,100915.9282767292,0.3111324376199616,0.32624916706330315,0.11221825055190356,0.17371635466137497,0.03948180135718704,-0.09762363519588968,-0.15542710340398225,-0.6714836223506746,-0.7909441233140655,-0.3434343434343434,-0.5312961011591149,-0.16839927131158064
2021-12-02,1638403200,0.000316,0.000316,0.0003211,110995439.77,35078.55,0.000316,multiply,ETH,2021-12-02 01:00:00,-0.015882902522578735,6543,64740,0,9,10,78395,0,5514404.9072,1391302551.32761,-0.016382902522578735,35074.558967319994,False,False,0.14725295912526323,439651.60621952475,-0.00011810589165853471,1.2108908201205546,-0.008178189467876055,0.08383128567778572,1.1583393305323684e-05,0.015378912295972193,0.0,0.13067902202255194,0.06533951101127597,-17.053577157927975,7.253341710646122e-05,101877.7166557729,0.3081573896353167,0.32624916706330315,0.1901705316386185,0.23928327675394304,-0.009654313298038009,-0.11628624305983948,-0.06076495990129538,-0.5718692165330044,-0.5999383096853792,-0.5319622012229015,-0.4417032163742691,-0.16839927131158064
2021-12-03,1638489600,0.0002954,0.0002532,0.000316,80130015.99,20285.65,0.0002532,multiply,ETH,2021-12-03 01:00:00,-0.19873417721518993,6546,64744,4,19,22,78417,0,14885915.3903093,1391302551.32761,-0.19913417721518994,20288.920048668,False,False,0.18378676969705957,352277.8059961508,-7.963889335838937e-05,1.4713122339723779,-0.009310758848819482,0.08621648488420974,2.520987180958672e-05,0.014371405112359866,0.0,0.29123683214145074,0.14561841607072537,-4.707944347920851,7.322470339651074e-05,100811.35553426614,0.30326295585412666,0.32624916706330315,0.14385799983103734,0.19372127829963343,-0.0161392405063292,-0.007162877608221763,-0.2376206789162254,-0.32357521021488633,-0.7165991902834006,-0.4728118639139285,-0.7086862320267873,-0.17502070359600672
2021-12-04,1638576000,0.0002475,0.0002062,0.0002532,78023956.63,16089.55,0.0002062,multiply,ETH,2021-12-04 01:00:00,-0.18562401263823058,6547,64746,2,12,11,78428,0,5060825.15409488,1391302551.32761,-0.1860240126382306,16088.539857106,False,False,0.22568500285718537,286886.5860837532,-0.00010467277350940944,1.579921248833531,-0.010563145623877519,0.08607776667089473,1.4582680114622003e-05,0.014228290751415426,0.0,0.1605578101188988,0.0802789050594494,-27.143868783843168,7.245825535076453e-05,102164.88666346968,0.24299424184261034,0.32624916706330315,0.12937767827351618,0.17459696466177774,-0.24802527646129557,-0.03797468354430378,-0.07974683544303796,-0.3297468354430382,-0.6028481012658229,-0.25591343734272787,-0.4258627227910503,-0.1829721858813348
2021-12-05,1638662400,0.0002101,0.000168,0.0002062,78651378.16,16521.08,0.0002101,multiply,ETH,2021-12-05 01:00:00,0.01891367604267713,6547,64747,1,6,5,78433,0,2368053.54700138,1391302551.32761,0.01851367604267713,16524.654551416,False,False,0.2214991258452151,292312.6660339309,-0.00024011818256783137,1.575283095275163,-0.010635932836178977,0.08607589295911484,1.1563652953668472e-05,0.015364612629937813,0.0,0.0,0.0,-91.4744634531013,7.343110710605815e-05,102625.1315271911,0.1978886756238004,0.32624916706330315,0.13375312833057687,0.17711450150719563,-0.22793404461687672,-0.35781990521327023,-0.29225908372827814,-1.2018167456556088,-0.9711690363349135,-0.444314185228605,-0.5034951068504094,-0.1829721858813348
2021-12-06,1638748800,0.0002179,0.0002179,0.0002101,129127179.8,28131.45,0.0002179,multiply,ETH,2021-12-06 01:00:00,0.03712517848643504,6548,64747,0,9,6,78439,0,5845401.91671014,1391302551.32761,0.03662517848643504,28136.81247842,False,False,0.2135702906841657,303164.82593428623,-0.00011705163392908783,1.5916841345665296,-0.009997312358931714,0.08614945259399832,1.1877110794950981e-05,0.015138337206330878,0.0,0.0,0.0,-15.781692681038002,7.376190852899971e-05,102654.6580290806,0.20163147792706335,0.32624916706330315,0.18030651157129052,0.22195999468794056,0.01856258924321763,-0.5101842870999029,-0.6842870999030068,-1.6930164888457808,-1.3899127061105725,-0.5201711491442542,-0.8467309753483385,-0.1829721858813348
2021-12-07,1638835200,0.0002155,0.0002155,0.0002179,82301491.18,17734.74,0.0002155,multiply,ETH,2021-12-07 01:00:00,-0.011014226709499808,6548,64748,1,9,8,78447,0,10473514.4049212,1391302551.32761,-0.011514226709499809,17735.97134929,False,False,0.21595213499307553,299825.69981109997,-0.00025420471288577917,1.6202515520820793,-0.009121254509870126,0.08603891831649646,2.0223360081939952e-05,0.014859024920050121,1.1102230246251565e-16,0.14690474009576834,0.07345237004788423,-32.24944595946239,7.378313072963562e-05,103079.9739219183,0.20911708253358927,0.32624916706330315,0.14034156225053904,0.1832151542408267,0.03579623680587429,-0.5430747263207996,-0.626844359828653,-1.1708710138029508,-1.3674440742503564,-0.46242441693060776,-0.814119170984456,-0.1829721858813348
2021-12-08,1638921600,0.000222,0.0001776,0.0002155,136544302.37,24250.16,0.0001776,multiply,ETH,2021-12-08 01:00:00,-0.1758700696055684,6548,64748,0,9,8,78455,0,9906076.771,1391302551.32761,-0.1762700696055684,24250.268100912002,False,False,0.2620365151520708,247095.33311578355,-7.166971475214573e-05,1.866126447258429,-0.008811786740035856,0.08877127042913076,1.2747745867615902e-05,0.014829598324111234,0.018973273642162152,0.2917695502265117,0.15537141193433693,3.577433322518189,7.408882692233781e-05,103711.90043178477,0.20681381957773515,0.32624916706330315,0.16784851570491965,0.20952252615316563,-0.011136890951276124,-0.4736117485084901,-0.6608536025699863,-0.7388710417622761,-1.330885727397889,-0.548273844353423,-0.7730694773069477,-0.1829721858813348
2021-12-09,1639008000,0.0002056,0.0001645,0.0001776,118165734.5,19435.52,0.0001645,multiply,ETH,2021-12-09 01:00:00,-0.07376126126126137,6548,64748,0,9,7,78462,0,6234129.60995714,1391302551.32761,-0.07406126126126136,19438.263325249998,False,False,0.2829038607356096,228869.26969339183,-0.00013411288635876295,1.752611729347242,-0.009822660145853878,0.08884955863312621,1.7429902703600944e-05,0.015289331308839998,0.0671723095256598,0.2800641837828048,0.1736182466542323,9.09608123611801,7.45430246877796e-05,104218.80099000054,0.17044145873320538,0.32624916706330315,0.14944339743532067,0.190964388126719,-0.2134009009009008,-0.4663573085846866,-0.5006960556844546,-0.7916473317865429,-1.4556844547563803,-0.4382426084553743,-0.3464187327823691,-0.1829721858813348
2021-12-10,1639094400,0.0001951,0.0001561,0.0001645,91654790.09,14307.28,0.0001561,multiply,ETH,2021-12-10 01:00:00,-0.051063829787234005,6549,64749,1,9,8,78470,0,5049581.02254612,1391302551.32761,-0.05136382978723401,14307.312733049,False,False,0.2981319913000375,217182.32826223993,-0.00020791317837659596,1.8235459746771998,-0.012415903840632047,0.08903877140569715,1.3971269805191977e-05,0.01606045938554107,0.10365275770357718,0.22050777704771468,0.16208026737564593,-2.87733580843539,7.490735993443899e-05,105372.51088307858,0.15786948176583493,0.32624916706330315,0.12345802047977701,0.1662299207713979,-0.07963525835866281,-0.42567567567567544,-0.8468468468468469,-1.025900900900901,-1.9307432432432434,-0.5757575757575759,-0.6051542513167794,-0.1829721858813348
2021-12-11,1639180800,0.0002044,0.0001635,0.0001561,90203334.35,14752.5,0.0001635,multiply,ETH,2021-12-11 01:00:00,0.0474055092889174,6549,64749,0,5,4,78474,0,898362.99527027,1391302551.32761,0.0471055092889174,14748.245166224999,False,False,0.28463855560817036,227477.9671420642,-0.00020673760118212735,1.6907658958870728,-0.010037079238010735,0.0851680559889748,1.028339430513993e-05,0.017602074672895998,0.11074570330355879,0.13577244409794165,0.12325907370075022,-10.364638914211035,7.573658999081827e-05,106360.56738838064,0.1498080614203455,0.32624916706330315,0.1289485980014392,0.1692309100152559,-0.053811659192825045,-0.2534954407294834,-1.0899696048632221,-1.0905775075987845,-2.0978723404255324,-0.2957317073170731,-0.2105742935278032,-0.1829721858813348
2021-12-12,1639267200,0.0002481,0.0001654,0.0001635,308916630.16,63873.3,0.0002068,multiply,ETH,2021-12-12 01:00:00,0.2648318042813458,6551,64752,3,15,14,78488,0,14185526.5372216,1391302551.32761,0.26453180428134576,63883.95911708801,False,False,0.22505106428781468,287721.36761454976,-2.0798027763020503e-05,2.245926896545007,0.0031756058027500584,0.09548087840423497,1.06003149007036e-05,0.0197528082478315,0.10233116703927524,0.12900495946894672,0.11566806325411097,10.550265348432013,7.644675652099478e-05,106093.92975441366,0.15690978886756238,0.32624916706330315,0.2571396880011495,0.293928232883061,0.045259938837920455,-0.3459320948110187,-0.9948750800768738,-1.5458039718129406,-1.722613709160794,-0.22222222222222232,-0.19861399861399853,-0.1829721858813348
2021-12-13,1639353600,0.0002271,0.0001893,0.0002068,115023370.16,21768.63,0.0001893,multiply,ETH,2021-12-13 01:00:00,-0.08462282398452625,6551,64752,0,8,6,78494,0,5685138.446,1391302551.32761,-0.08472282398452625,21773.923971287997,False,False,0.24585610192667767,263373.57296631654,-0.00011341783249364043,2.101927889583168,-0.007838951061118088,0.07581600059266408,4.5916654904519936e-05,0.017813278697570108,0.09410118407084357,0.07854091876665831,0.08632105141875093,15.243712605346829,7.625511047412126e-05,103477.59522774766,0.19846449136276392,0.26453180428134576,0.1636128001013034,0.20389605518657575,0.20938104448742756,-0.33272171253822647,-0.9828746177370034,-1.0868501529051988,-1.5700305810397555,-0.7903018625561982,-0.49885704237735196,-0.1829721858813348
2021-12-14,1639440000,0.0002317,0.0001545,0.0001893,118204431.3,22826.34,0.0001931,multiply,ETH,2021-12-14 01:00:00,0.02007395668251455,6550,64753,1,13,11,78505,0,11740033.3136352,1391302551.32761,0.01987395668251455,22825.27568403,False,False,0.24102164083712146,268660.5226613615,-0.00017122824913862712,2.1593313403554335,-0.006825624237421025,0.07562359564769519,1.565002806220032e-05,0.018537846727059965,0.11620765979494016,0.13471442290544666,0.12546104135019343,-27.644272971816754,7.43746176049251e-05,102035.09452246937,0.18166986564299425,0.26453180428134576,0.1747746044391274,0.20833722175469965,-0.09244585314315912,-0.04206963249516438,-0.5527079303675047,-0.5822050290135394,-1.6958413926499034,-0.7128315854410856,-0.9279778393351801,-0.1829721858813348
2021-12-15,1639526400,0.000201,0.0001608,0.0001931,63269480.99,10174.21,0.0001608,multiply,ETH,2021-12-15 01:00:00,-0.1672708441222165,6553,64756,3,12,12,78517,0,6503235.53143639,1391302551.32761,-0.16757084412221648,10173.732543192,False,False,0.28944922324895755,223721.4502534797,-0.00017576056296097892,1.9184152447341851,-0.011182767775874274,0.07895395432881504,1.6405688081467e-05,0.018279662154199076,0.16164547975374297,0.2382526317621369,0.19994905575793992,-4.720559232188258,7.333781888425731e-05,101917.9803291477,0.18531669865642997,0.26453180428134576,0.11083057570752451,0.14086304496786586,0.019678922837907842,0.061806656101426216,-0.6693079767564711,-0.8346539883782356,-1.9334389857369256,-0.4204297726564932,-0.7498601007274763,-0.1829721858813348
2021-12-16,1639612800,0.0001979,0.0001583,0.0001608,61679023.03,12203.29,0.0001979,multiply,ETH,2021-12-16 01:00:00,0.23072139303482597,6553,64756,0,3,2,78519,0,12265899.885,1391302551.32761,0.23032139303482596,12206.278657637002,False,False,0.23518663516135613,275338.774907734,-0.00012014672352362817,1.728078669599418,-0.0009182786487007255,0.09315449157272764,7.312379707407286e-06,0.017420140710416674,0.17883007677662832,0.20404686378609316,0.19143847028136074,-22.205482762012394,7.32536429491166e-05,100588.55981150422,0.1543186180422265,0.26453180428134576,0.1318739646113683,0.15635596201474722,-0.20087064676616917,0.14810978767478,-0.3112377006732261,-0.7700673226307613,-1.3619886069394096,-0.19905063291139236,-0.4268630849220103,-0.1829721858813348
2021-12-17,1639699200,0.0001938,0.0001551,0.0001979,93539067.12,18129.6,0.0001938,multiply,ETH,2021-12-17 01:00:00,-0.020717534108135482,6553,64756,0,0,0,0,0,0.0,1391302551.32761,-0.021017534108135484,18127.871207856002,False,False,0.24016220381028058,269634.43444729084,-0.00021385715037616732,1.6985737931894267,-0.0007272434041746067,0.09332088915794086,8.773274113520108e-06,0.01863230541089377,0.17123600554822638,0.20051683615460997,0.18587642085141817,9.55172370515671,7.229812071825824e-05,101037.66306626031,0.1899232245681382,0.26453180428134576,0.17295891290991672,0.18979717830755913,0.1874684183931279,0.02922885572139311,-0.28233830845771135,-1.2506218905472637,-1.3563432835820892,-0.5248815165876779,-0.37405778894472363,-0.1829721858813348
2021-12-18,1639785600,0.0001981,0.0001585,0.0001938,126518164.16,20050.4,0.0001585,multiply,ETH,2021-12-18 01:00:00,-0.1821465428276573,6555,64757,1,3,2,78521,0,1158457.32798295,1391302551.32761,-0.1824465428276573,20053.12901936,False,False,0.2936539675038514,220521.4543854262,-8.492159671806496e-05,1.743531253553865,-0.007093680620832379,0.09941237961452545,1.3029424254672722e-05,0.0181748628876757,0.18449531883581838,0.20655854490610953,0.19552693187096395,-6.181443761991261,7.262091409941573e-05,101349.3166657445,0.18598848368522072,0.26453180428134576,0.18308881782482878,0.19848957717766574,-0.021155830753354143,0.1738251642243558,-0.061647296614451674,-0.6341586659929257,-0.9509853461344113,-0.7449078564500486,0.026243932038834905,-0.1844141512234726
2021-12-19,1639872000,0.0001962,0.000157,0.0001585,61788214.23,12124.55,0.0001962,multiply,ETH,2021-12-19 01:00:00,0.2378548895899053,6555,64757,0,0,0,0,0,0.0,1391302551.32761,0.2375548895899053,12122.847631925999,False,False,0.2372281032077495,272973.5605704771,-0.0001184618121472845,1.8988518476032215,0.0031791280594523634,0.10833372232491917,1.4413205093475092e-05,0.01736767957230257,0.20433364502902335,0.21554784149237458,0.20994074326069895,21.356537940900605,7.284491541328293e-05,101921.4802159603,0.15211132437619962,0.26453180428134576,0.140295605601844,0.156462363127139,-0.22271293375394308,-0.06707946336429327,-0.1243550051599589,-0.6924664602683179,-0.8565531475748196,-0.6368396001903855,0.0696721311475409,-0.1844141512234726
2021-12-20,1639958400,0.0001973,0.0001578,0.0001962,72294493.87,11409.72,0.0001578,multiply,ETH,2021-12-20 01:00:00,-0.19571865443425085,6554,64757,0,2,1,78522,0,473000.0,1391302551.32761,-0.19601865443425084,11408.071132686,False,False,0.29495661501495857,219547.54259949684,-0.00014297571154375755,1.6131699154601187,-0.009734794864560324,0.11238314275983853,8.713307986360064e-06,0.017536080664030354,0.19426544395275236,0.21115617266789094,0.20271080831032165,17.307486322777713,7.325615849601131e-05,102466.97436336194,0.18829174664107487,0.26453180428134576,0.13736886879561835,0.15177882656473826,0.192150866462793,-0.19432176656151423,-0.35962145110410093,-1.1690851735015775,-1.1697160883280757,-0.8237723726480037,-0.09829340334755488,-0.19152106562604174
2021-12-21,1640044800,0.0002009,0.0001607,0.0001578,44162046.71,7097.19,0.0001607,multiply,ETH,2021-12-21 01:00:00,0.018377693282636276,6555,64759,2,4,2,78524,0,219056.04105,1391302551.32761,0.018077693282636274,7096.840906297,False,False,0.28964275887502555,223582.31999834694,-0.0005631544688951898,1.6552694325615898,-0.006330153461133737,0.11015566330546699,8.199561714165032e-06,0.019131760507531428,0.19003918001171727,0.2180202729483521,0.2040297264800347,0.0,7.364823292071577e-05,102681.0070460203,0.15143953934740884,0.26453180428134576,0.09850696646264319,0.12478555138542304,-0.24334600760456282,0.015800203873598373,0.09480122324159013,-0.5871559633027521,-1.0254841997961264,-0.5832946635730858,0.08195804195804202,-0.19152106562604174
2021-12-22,1640131200,0.0001991,0.0001593,0.0001607,79311008.88,12630.31,0.0001593,multiply,ETH,2021-12-22 01:00:00,-0.008711885500933492,6555,64759,0,0,0,0,0,0.0,1391302551.32761,-0.009011885500933492,12634.243714584,False,False,0.2921882696247119,221634.49642648827,-0.00037541360949426783,1.6681630122722328,-0.007421227821559893,0.11008236481104325,5.100860987802435e-06,0.020243663457154268,0.17312351236568035,0.20994980313971323,0.1915366577526968,-0.5864900776206241,7.380206911001488e-05,100667.20535337644,0.15422264875239924,0.26453180428134576,0.148978386567462,0.175241479501241,0.018046048537647907,-0.019011406844106515,-0.042458808618504484,-1.0544993662864388,-1.1622306717363755,-0.8423423423423422,0.044618583080121454,-0.19152106562604174
2021-12-23,1640217600,0.0002056,0.0001645,0.0001593,40988426.99,6742.35,0.0001645,multiply,ETH,2021-12-23 01:00:00,0.03264281230382915,6556,64761,2,3,2,78526,1,361695847.549449,1391302551.32761,0.03224281230382915,6742.596239855,False,False,0.282960661720807,228869.26969339183,-0.0005075390056875507,1.6921195185365194,-0.009942765069928505,0.10932018951523763,9.080874395384484e-06,0.021255969495736025,0.14161821337812652,0.2548672672780933,0.1982427403281099,17.15560668990784,7.235464727446786e-05,90241.57348281465,0.15287907869481765,0.26453180428134576,0.10251438868798039,0.12216767857988665,-0.00878844946641566,-0.23148724331051662,0.02862476664592406,-0.998133167392657,-1.0360920970752954,-1.1112462006079027,-0.0166585007349338,-0.19152106562604174
2021-12-24,1640304000,0.0002429,0.0001619,0.0001645,216624377.51,35074.69,0.0001619,multiply,ETH,2021-12-24 01:00:00,-0.01580547112461994,6556,64763,2,12,9,78535,0,12439318.3091595,1391302551.32761,-0.016205471124619942,35071.486718869,False,False,0.28751368965366836,225251.88305994007,-0.00011825558347221801,1.6465789636320385,-0.011048308065584114,0.10946254482830002,4.846247305031586e-06,0.025208810525578686,0.25498283499442886,0.18675815251233951,0.2208704937533842,-1.4518281265662765,6.486121469173204e-05,75135.23952008421,0.15786948176583493,0.26453180428134576,0.2633909930545229,0.262833994260105,0.031610942249240104,-0.21657250470809797,-0.026365348399246757,-0.9836785938480854,-1.180163214061519,-1.1896220371556696,-0.09668246445497619,-0.19152106562604174
2021-12-25,1640390400,0.0002458,0.0001639,0.0001619,280860792.15,57535.18,0.0002049,multiply,ETH,2021-12-25 01:00:00,0.2655960469425571,6558,64764,1,6,5,78540,0,22265058.8743945,1391302551.32761,0.2651960469425571,57548.376311534994,False,False,0.22718001515791594,285077.8927670273,-2.3037639460286355e-05,1.593371159364864,-0.002979113641495341,0.12138456458250929,2.520766362816129e-05,0.02671767671005908,0.23308043533220635,0.15906274415446547,0.1960715897433359,14.710507850608941,5.400352313620686e-05,42063.17207422664,0.15537428023032632,0.2651960469425571,0.3298202438479824,0.3051064503151898,-0.016059295861642786,0.036474164133738496,-0.25714285714285734,-0.539209726443769,-1.077811550151976,-1.213455657492355,-0.18938083708059494,-0.19152106562604174
2021-12-26,1640476800,0.0002438,0.0002032,0.0002049,60289802.04,14699.04,0.0002438,multiply,ETH,2021-12-26 01:00:00,0.18984870668618847,6561,64765,1,6,4,78544,0,10816747.22538,1391302551.32761,0.18944870668618846,14698.653737351999,False,False,0.19093479842815855,339199.5620136713,-0.00011303945479021682,1.574674444888266,0.0037339677959715746,0.12601935168225487,4.136294888313195e-05,0.026868504869694252,0.13045816685671835,0.22738061693751277,0.17891939189711556,30.289881622371,3.023294396613381e-05,29760.365879468038,0.2668316187003516,0.2651960469425571,0.246819896104717,0.18838525668478803,0.20985846754514392,-0.21185917232859786,-0.16924027177269907,-0.2736256948733786,-1.2353304508956144,-0.5638297872340425,-0.4008232065856525,-0.1844141512234726
2021-12-27,1640563200,0.0002423,0.0002019,0.0002438,33777409.07,6819.44,0.0002019,multiply,ETH,2021-12-27 01:00:00,-0.17186218211648885,6562,64767,2,6,4,78548,0,11080914.1132055,1391302551.32761,-0.17226218211648886,6819.658891233,False,False,0.23056632668965432,280903.98511304444,-0.0002582332075850612,1.5533481528451183,-0.003136290230920833,0.1298997449947488,1.056467101517656e-05,0.02653834256895713,0.11672378130014566,0.30668379729552203,0.21170378929783384,24.603164548393018,2.1390290595722744e-05,12808.007333024261,0.31748925641359554,0.2651960469425571,0.20052424999954094,0.12299989626111482,0.1595570139458573,0.2298682284040996,0.05758906783796969,-0.02537823328452915,-0.5783308931185944,-0.7326994189117804,-0.22475336322869954,-0.18100457748551949
2021-12-28,1640649600,0.0003414,0.0001897,0.0002019,703930727.21,133519.47,0.0001897,multiply,ETH,2021-12-28 01:00:00,-0.060425953442298175,6564,64770,3,13,20,78568,0,24981980.1415477,1391302551.32761,-0.060725953442298176,133535.65895173702,False,False,0.24540589146771447,263930.0939868476,-2.1015634292813563e-05,1.5645098147174277,-0.002281813948894227,0.1298937767758616,4.901636157229453e-06,0.035363893085191084,0.03337572529126941,0.3879196256040518,0.2106476754476606,13.287737173932285,9.205767157404111e-06,23965.550881734733,0.2629248600078135,0.2651960469425571,0.5580122037350415,0.37977842943274137,-0.20752847944526986,0.3408531583264971,0.3404429860541427,0.10623461853978666,-0.34536505332239553,-0.7804246504401864,-0.19373703074891524,-0.18100457748551949
2021-12-29,1640736000,0.0002178,0.0001815,0.0001897,96327008.78,17480.03,0.0001815,multiply,ETH,2021-12-29 01:00:00,-0.04322614654717982,6565,64771,1,5,7,78575,0,14153680.1439143,1391302551.32761,-0.043326146547179825,17483.35209357,False,False,0.25649705984767773,252521.4130659612,-0.0001796743385283687,1.7781381960561635,0.0033011946946512527,0.12788059111264422,9.597887880268349e-05,0.03592453174765671,0.06475603882534756,0.2770095187606003,0.17088277879297392,-13.158720453205632,1.7225261938078316e-05,23997.408501709317,0.24703737465815864,0.2651960469425571,0.30435838895851236,0.2053021472837931,-0.06431207169214548,0.2109955423476969,0.01981178801386818,-0.06736007924715204,-0.7028231797919762,-0.9365671641791042,-0.3597560975609757,-0.18100457748551949
2021-12-30,1640822400,0.0002226,0.0001855,0.0001815,13012269.55,2896.59,0.0002226,multiply,ETH,2021-12-30 01:00:00,0.22644628099173558,6566,64772,1,5,5,78580,0,12944233.3689844,1391302551.32761,0.2258462809917356,2896.53120183,False,False,0.20914166717556867,309703.94792552595,-0.0005127676619759357,1.858992921674715,0.008791536666518185,0.13323575630819387,1.2566175543117505e-05,0.03536585114275842,0.14440218382660722,0.19705872105842903,0.1707304524425181,-0.8601361826642702,1.724815963200131e-05,24273.242920885576,0.2363589008985545,0.2651960469425571,0.12697500110284055,0.06078363422684173,-0.04517906336088151,0.13284132841328422,-0.021613073273589745,0.06378492356352128,-0.6415392725355824,-0.6382011116725619,-0.1981351981351982,-0.18100457748551949
2021-12-31,1640908800,0.0002205,0.0001838,0.0002226,24500527.3,4502.94,0.0001838,multiply,ETH,2021-12-31 01:00:00,-0.17430368373764593,6566,64772,0,0,0,0,0,0.0,1391302551.32761,-0.17490368373764592,4503.19691774,False,False,0.25329126829859405,255721.4089340147,-0.0003879368866438456,1.8465490564888265,0.0038910651759783655,0.13622984579694652,2.081884489513851e-06,0.03546697048450671,0.14123652279233573,0.19831505951724462,0.1697757911547902,-9.268598379593655,1.744641587677931e-05,24482.166960513427,0.28988149498632637,0.2651960469425571,0.17254231140095821,0.10885983322637077,0.1846361185983827,0.1079889807162534,0.1267217630853994,0.09366391184573009,-0.7862258953168046,-0.6568627450980393,-0.4781183728552152,-0.18100457748551949
2022-01-01,1640995200,0.000226,0.0001883,0.0001838,15261469.09,3449.16,0.000226,multiply,ETH,2022-01-01 01:00:00,0.22959738846572364,6566,64773,1,2,1,78581,0,19446645.4689945,1391302551.32761,0.22899738846572365,3449.09201434,False,False,0.20599846842570646,314434.37660003983,-0.0004266131442020068,1.9648298101451889,0.010712271254433773,0.14015299881783164,3.2366769639306383e-06,0.03557952338227673,0.13228894789533835,0.1851851852667587,0.15873706658104852,-1.8701310458971534,1.759658022415903e-05,24631.745075340583,0.23935408256283372,0.2651960469425571,0.14763957416427909,0.09471416416066557,-0.21109902067464636,0.07951482479784366,0.1185983827493261,0.2987421383647798,-0.44249775381850864,-0.9936908517350156,-0.23548621190130636,-0.18100457748551949
2022-01-02,1641081600,0.0002299,0.0001915,0.000226,21297602.36,4079.47,0.0001915,multiply,ETH,2022-01-02 01:00:00,-0.15265486725663713,6567,64774,1,7,5,78586,0,4300032.60233442,1391302551.32761,-0.15325486725663712,4078.4908519399996,False,False,0.24311421731142419,266434.4385792373,-0.0004608507762965612,1.6492435521278368,0.008525572881488794,0.14051820178863772,2.479038086323355e-06,0.03586674029141037,0.14102175027908997,0.1817090337101985,0.16136539199464423,24.927202478319664,1.7704089633010766e-05,24845.042180218235,0.2943091548378695,0.2651960469425571,0.16871105515432044,0.11118293917612433,0.1867256637168141,-0.3264417845484222,0.14145810663764968,0.11044613710554951,-0.719260065288357,-0.29051987767584087,-0.28390918065153015,-0.18100457748551949
2022-01-03,1641168000,0.0002259,0.0001883,0.0001915,119675492.09,22529.87,0.0001883,multiply,ETH,2022-01-03 01:00:00,-0.016710182767624038,6567,64774,0,0,0,0,0,0.0,1391302551.32761,-0.017210182767624038,22534.895160547,False,False,0.24724573879520836,261982.27041498895,-0.00018157337629769115,1.377248037327284,0.009486686669940774,0.14014601543603683,2.9314190849777557e-06,0.03665429794599697,0.15475559161904034,0.18759722988554228,0.1711764107522913,30.564088812706014,1.785739712509732e-05,24823.631631367698,0.24938142987368148,0.2651960469425571,0.3399000033741266,0.26703013415476584,-0.18015665796344638,0.10663716814159285,0.2889380530973451,0.08495575221238927,-0.12035398230088479,-0.3067173637515843,-0.2534562211981566,-0.18100457748551949
2022-01-04,1641254400,0.0002271,0.0001893,0.0001883,182812047.49,34603.3,0.0001893,multiply,ETH,2022-01-04 01:00:00,0.005310674455655917,6566,64774,0,3,2,78588,0,9485149.18868038,1391302551.32761,0.004710674455655917,34606.320589857,False,False,0.24593963346612646,263373.57296631654,-0.0001513606863249816,1.3687726369358886,0.009973288725273423,0.14019680333759907,1.6196976810718655e-05,0.03631715633851461,0.09338531684180454,0.20892563873005726,0.15115547778593091,18.19203443153433,1.7842008273240406e-05,24905.332796707862,0.24521422060164086,0.2651960469425571,0.38134465184018856,0.3065065910685589,-0.0169941582580988,0.009399477806788403,0.1681462140992167,0.011488250652741505,-0.07676240208877294,-0.30740510267579335,-0.2873376623376622,-0.18100457748551949
2022-01-05,1641340800,0.0002122,0.0001768,0.0001893,6578092.72,1163.26,0.0001768,multiply,ETH,2022-01-05 01:00:00,-0.06603275224511362,6566,64774,0,0,0,0,0,0.0,1391302551.32761,-0.06653275224511362,1163.006792896,False,False,0.2633278994068876,245982.29107472143,-0.0023367055381851394,1.3917426767803147,0.009499100526429454,0.14020724869063025,2.4873325041224805e-05,0.03692475527093676,0.04234637795346454,0.315111318146037,0.17872884804975075,7.560835879740964,1.7900731061653466e-05,25170.95775811149,0.24651647349915354,0.2651960469425571,0.04335264346647675,0.007687392120941538,0.005282620179609121,0.036112586298459926,0.12639405204460974,-0.025491237387148313,-0.11577270313329802,-0.3678593848085374,-0.2941294732609572,-0.18100457748551949
2022-01-06,1641427200,0.0003066,0.0001703,0.0001768,2528492477.67,430662.95,0.0001703,multiply,ETH,2022-01-06 01:00:00,-0.03676470588235292,6567,64777,3,13,13,78601,0,30332136.4139583,1391302551.32761,-0.03716470588235292,430602.26894720097,False,True,0.2733912440864472,236938.82449109197,-7.671155522190205e-06,1.490675744765791,0.009636778107595905,0.14026330633564635,8.359122117516673e-07,0.04619615865189175,0.033393472555872654,0.3751889654165147,0.20429121898619368,-16.700130276480884,1.8091649249182238e-05,77587.70423036774,0.23023831228024483,0.2651960469425571,0.6309616766185672,0.52902642122377,-0.07070135746606332,-0.17591125198098245,0.14474379292128892,0.1505546751188589,-0.15108293713681986,-0.3100303951367782,-0.45442016144910413,-0.18100457748551949
2022-01-07,1641513600,0.0001918,0.0001598,0.0001703,8389804.32,1340.89,0.0001598,multiply,ETH,2022-01-07 01:00:00,-0.06165590135055776,6568,64777,0,2,1,78602,0,32677238.8286494,1391302551.32761,-0.06215590135055776,1340.6907303360001,False,False,0.29135499917347907,222330.14770215208,-0.0020781722939241178,1.5403450363004438,0.01451223093758776,0.13677953507662416,0.0003094957804370525,0.046472401099178405,0.04642643071015826,0.2508806650499704,0.14865354788006435,-2.1725314003806417,5.5766234422794627e-05,77805.72452506667,0.2217736684464123,0.2651960469425571,0.011441019840709091,0.011999276105889299,-0.03816793893129766,-0.039592760180995556,-0.1589366515837105,-0.11934389140271517,-0.21889140271493224,-0.09697344039530575,-0.45616024187452764,-0.18100457748551949
2022-01-08,1641600000,0.0001848,0.000154,0.0001598,6027881.26,1114.25,0.0001848,multiply,ETH,2022-01-08 01:00:00,0.15644555694618267,6569,64778,1,3,2,78604,0,6793367.69706497,1391302551.32761,0.15594555694618267,1113.9524568479999,False,False,0.2519439806214829,257112.71148534233,-0.0016652840047706788,1.485705192760124,0.018869300047087107,0.13852567849850614,9.636227066907085e-07,0.04580450374061853,0.11037269651769796,0.14934826807274326,0.12986048229522063,-21.58102837651778,5.5922936711948686e-05,77994.01983806734,0.208100013022529,0.2651960469425571,-0.0030741249727945326,-0.003020165662511566,-0.06570713391739669,-0.3270698766881972,-0.4315913094539048,-0.1379917792131533,-0.042865531415149816,0.19716935090287946,-0.24975984630163306,-0.18100457748551949
2022-01-09,1641686400,0.000189,0.0001575,0.0001848,7270245.64,1145.37,0.0001575,multiply,ETH,2022-01-09 01:00:00,-0.1477272727272727,6569,64778,0,0,0,0,0,0.0,1391302551.32761,-0.1482272727272727,1145.0636883,False,False,0.2956142705958732,219130.1518340986,-0.0016701144893135722,1.1996214494202577,0.014714368377364232,0.14095069349564923,8.006543621910584e-07,0.04494574359514997,0.11966961258476097,0.21662287395212543,0.16814624326844319,12.171585512429196,5.6058274142920114e-05,78140.36282957402,0.2406563354603464,0.2651960469425571,0.000953307802762456,0.00021730167960577892,0.13528138528138522,-0.19837296620775957,-0.2634543178973716,0.008135168961201478,-0.02941176470588225,0.359721082854799,-0.33281004709576134,-0.18100457748551949
2022-01-10,1641772800,0.0002159,0.0001542,0.0001575,3558620.83,548.68,0.0001542,multiply,ETH,2022-01-10 01:00:00,-0.020952380952380945,6569,64778,0,0,0,0,0,0.0,1391302551.32761,-0.021452380952380945,548.739331986,False,False,0.3019406460366409,214538.85341471748,-0.007044333738212653,1.2479390832616448,0.014325493750263834,0.14110834454338403,8.230155886707433e-07,0.046252736153108244,0.11144669355444257,0.24161892501475932,0.17653280928460094,20.882292179115847,5.6163458303882825e-05,78295.64465386592,0.20510483135824978,0.2651960469425571,-0.06318508005095565,-0.06122804531592139,-0.17333333333333334,-0.018939393939394034,-0.026515151515151603,-0.06168831168831179,0.15530303030303028,0.19019316493313532,-0.5016470588235296,-0.18100457748551949
2022-01-11,1641859200,0.0001944,0.000162,0.0001542,21555468.19,3492.33,0.000162,multiply,ETH,2022-01-11 01:00:00,0.05058365758754868,6570,64780,2,5,3,78607,0,4099444.7834023,1391302551.32761,0.05018365758754868,3491.9858467800004,False,False,0.287411636547569,225391.01331507284,-0.000854564382093753,0.39897514872376816,0.002934854972852221,0.13331690420699938,3.944069041362581e-07,0.04509614911197887,0.10286677568562247,0.3399822295163115,0.221424502600967,-20.720822823331225,5.627506725920584e-05,78253.94135100386,0.21372141372141373,0.2651960469425571,0.10231871112780253,0.10124633519719434,-0.021400778210116655,-0.2019047619047618,-0.15238095238095228,-0.0019047619047618536,-0.03809523809523796,-0.0901423299947286,-0.46073298429319354,-0.18100457748551949
2022-01-12,1641945600,0.0002024,0.0001349,0.000162,287792871.78,38829.36,0.0001349,multiply,ETH,2022-01-12 01:00:00,-0.16728395061728396,6570,64781,1,7,5,78612,0,32478376.778168,1391302551.32761,-0.16768395061728397,38823.258403121996,False,False,0.34515495827749637,187686.71417409458,-4.605647956645856e-05,-0.005739708631399498,-0.004304339503518082,0.13718156343950658,2.509868068198304e-06,0.04731027556481773,0.0687863428292565,0.23585562502665974,0.15232098392795812,0.18837408495407004,5.624509297156993e-05,78246.3485917077,0.22657342657342658,0.2651960469425571,0.32165352840480077,0.3115017769128942,0.04814814814814816,-0.14656290531776905,-0.44357976653696474,-0.04215304798962394,-0.34111543450064863,-0.04297520661157028,-0.07748878923766811,-0.1779047277928822
2022-01-13,1642032000,0.0001621,0.0001297,0.0001349,15134995.09,2453.58,0.0001621,multiply,ETH,2022-01-13 01:00:00,0.2016308376575242,6570,64781,0,4,3,78615,0,23436573.331,1391302551.32761,0.2011308376575242,2453.382704089,False,False,0.28723876540181525,225530.1435702056,-0.0006526975132101803,-0.09377741619159707,0.005308611539424856,0.14358387597005642,2.790425300814408e-05,0.04538575263835672,0.10799678280054645,0.10070195262560352,0.10434936771307499,5.0551130634368775,5.623963566877916e-05,78408.03022992078,0.18867132867132866,0.2651960469425571,0.07495963392313264,0.07630883404101772,-0.20088954781319512,-0.051234567901234485,-0.13456790123456774,0.01666666666666672,-0.1685185185185185,0.13252470799640603,-0.09490365568161363,-0.1779047277928822
2022-01-14,1642118400,0.0001655,0.0001324,0.0001621,6622485.2,876.73,0.0001324,multiply,ETH,2022-01-14 01:00:00,-0.18322023442319568,6570,64781,0,0,0,0,0,0.0,1391302551.32761,-0.18372023442319568,876.81704048,False,False,0.35167223468001707,184208.45779577555,-0.001935485174882029,0.44208730977796334,0.005458451912008234,0.14566954104387372,1.7633710954874128e-06,0.04529732780101456,0.19112150792091032,0.21499167847636766,0.203056593198639,10.604353440879486,5.635584449629752e-05,78507.83862667369,0.22671328671328672,0.2651960469425571,-0.014428463611961217,-0.008482649617296275,0.1677976557680445,-0.18458117123795414,-0.6753150481838399,-0.21942179392142314,-0.4314306893995552,0.1251360174102285,-0.36877877658408265,-0.18100457748551949
2022-01-15,1642204800,0.0001664,0.0001331,0.0001324,4980733.25,828.95,0.0001664,multiply,ETH,2022-01-15 01:00:00,0.2567975830815712,6570,64781,0,0,0,0,0,0.0,1391302551.32761,0.2562975830815712,828.7940128,False,False,0.2798161290362636,231512.7445409143,-0.001640295535309091,0.9502900629974359,0.007540103497781671,0.14576820185096767,6.302130615970788e-07,0.045209219079113294,0.20796421105565094,0.22914515547505443,0.21855468326535268,12.633019733457445,5.642758187409335e-05,78623.36276207301,0.18517482517482517,0.2651960469425571,-0.018531467145128325,-0.009326787554282963,-0.22432024169184306,-0.14003701418877235,-0.18136952498457726,0.0012338062924120985,0.008019740900678585,0.12433628318584067,-0.5837951966218,-0.18100457748551949
2022-01-16,1642291200,0.0001675,0.000134,0.0001664,22636141.63,3791.11,0.0001675,multiply,ETH,2022-01-16 01:00:00,0.006610576923076872,6570,64781,0,0,0,0,0,0.0,1391302551.32761,0.006110576923076871,3791.5537230249997,False,False,0.27797853057692096,233043.17734737467,-0.0013237539845745443,0.9732339466720404,0.0075017371864836155,0.1457643886145756,5.956964658831017e-07,0.04503806221068824,0.16316562877016358,0.24604687085861138,0.20460624981438746,31.434118976224838,5.651061495362668e-05,78739.13333813535,0.23272727272727273,0.2651960469425571,0.11746784384971712,0.12865606886812195,0.20432692307692313,-0.18957703927492453,-0.42220543806646527,-0.547583081570997,-0.49471299093655596,-0.01201044386422967,-0.4807044807044807,-0.18100457748551949
2022-01-17,1642377600,0.0001605,0.0001284,0.0001675,22818226.19,2930.68,0.0001284,multiply,ETH,2022-01-17 01:00:00,-0.23343283582089558,6571,64782,1,3,2,78617,0,10000000.0,1391302551.32761,-0.23393283582089558,2929.8602427960004,False,False,0.3626333537582736,178643.24759046512,-0.0004965632363697354,1.0659048536273346,0.007981367504700567,0.1455354641070541,2.72518275727089e-06,0.044768651149243076,0.1531392417715475,0.23492026614774375,0.1940297539596456,33.51503350424174,5.659382516261529e-05,78869.54415867256,0.23426573426573427,0.2651960469425571,0.09599562164791171,0.10752892275098846,0.006567164179104523,0.07331730769230771,-0.1376201923076923,-0.4651442307692306,-0.16466346153846145,0.1582580987785448,-0.7187326292384657,-0.1831470732052034
2022-01-18,1642464000,0.0001581,0.0001265,0.0001284,12236324.1,1934.26,0.0001581,multiply,ETH,2022-01-18 01:00:00,0.23130841121495327,6571,64782,0,0,0,0,0,0.0,1391302551.32761,0.23080841121495327,1934.5628402099999,False,False,0.2945105795228484,219964.93336489514,-0.0007567618456313814,0.8148964823498283,0.005051704738612469,0.14229487904131086,2.1058397686400177e-06,0.0447919018910083,0.1743920848774177,0.22695858924369505,0.20067533706055637,22.18990522829945,5.668755806090746e-05,78964.27367023511,0.17958041958041956,0.2651960469425571,0.060885928369163254,0.07238563763533604,-0.30451713395638635,0.032835820895522394,-0.05552238805970133,-0.20537313432835824,0.05373134328358209,-0.03645007923930277,-0.8252398953184066,-0.1831470732052034
2022-01-19,1642550400,0.0001542,0.0001234,0.0001581,14424694.18,1779.88,0.0001234,multiply,ETH,2022-01-19 01:00:00,-0.21948134092346616,6572,64783,1,7,6,78623,0,4451848.58507788,1391302551.32761,-0.21998134092346616,1780.0072618119998,False,False,0.3773325881158056,171686.73483382707,-0.000851956107032321,0.7749072931009362,0.005865635014290188,0.14094571505737072,1.3904688368205747e-06,0.04466252700477809,0.15988302615294042,0.24749942316296467,0.20369122465795253,13.684248195509305,5.6755644985259125e-05,79054.11379581832,0.2211188811188811,0.2651960469425571,0.05453277240460019,0.0671213266721103,0.18785578747628073,-0.050623052959501535,-0.32632398753894076,-0.47741433021806845,-0.52803738317757,0.10746606334841635,-0.6046804227478613,-0.18498731244146488
2022-01-20,1642636800,0.0001501,0.0001201,0.0001234,15551770.09,1867.72,0.0001201,multiply,ETH,2022-01-20 01:00:00,-0.026742301458670847,6571,64783,0,3,2,78625,0,740917.0,1391302551.32761,-0.027242301458670848,1867.7675878090001,False,False,0.3877005942838501,167095.43641444598,-0.001938950363330321,1.101599172351273,0.009736905520130644,0.14021405946813417,1.2793818714078254e-06,0.04436738659298224,0.07866112629133841,0.2968754953952266,0.18776831084328252,5.941871678492774,5.682021765890044e-05,79106.9713380262,0.17258741258741256,0.2651960469425571,0.059785761210552194,0.07327125864348533,-0.2811993517017828,-0.025300442757748343,-0.010752688172043001,-0.14800759013282727,0.00189753320683117,0.056371109806224284,-0.9862250879249708,-0.18498731244146488
2022-01-21,1642723200,0.0001285,0.0001028,0.0001201,27584344.24,2835.22,0.0001028,multiply,ETH,2022-01-21 01:00:00,-0.1440466278101582,6571,64784,1,5,4,78629,0,17380081.993801,1391302551.32761,-0.1445466278101582,2835.670587872,False,False,0.4529529194982342,143025.90227647833,-0.0006833015921769215,0.8122847855670696,0.006975614016350568,0.13989503385811008,1.3424596871663444e-06,0.04353122771414001,0.03500365600327158,0.3122726534936163,0.17363815474844396,2.6630921204209628,5.685820906641814e-05,79191.47721000007,0.18973143759873617,0.2651960469425571,0.09734538071972156,0.11025213765709325,-0.027477102414654286,-0.072933549432739,-0.49756888168557545,-0.8038897893030794,-0.30226904376012986,0.0031289111389237734,-1.1460880195599024,-0.18498731244146488
2022-01-22,1642809600,0.0001206,9.649e-05,0.0001028,21019338.2,2028.14,9.649e-05,multiply,ETH,2022-01-22 01:00:00,-0.06138132295719845,6571,64784,0,0,0,0,0,0.0,1391302551.32761,-0.06188132295719845,2028.1559429180002,False,False,0.4825739467760233,134246.7831776011,-0.0013759541943569231,1.5314626732294951,0.01221812688395435,0.14025407842247375,2.038140866748317e-06,0.042921344079254464,0.03500365600327158,0.13966681693108202,0.0873352364671768,-66.97460158331668,5.691894774032716e-05,79238.26739130034,0.16240126382306477,0.2651960469425571,0.06864952676244628,0.08688164192083564,-0.16828793774319073,-0.385512073272273,-0.3114071606994171,-0.530391340549542,-0.3263946711074104,0.10984848484848486,-0.9251367693636625,-0.18498731244146488
2022-01-23,1642896000,0.0001017,0.0001017,9.649e-05,27484793.85,2794.21,0.0001017,multiply,ETH,2022-01-23 01:00:00,0.05399523266659756,6571,64784,0,5,4,78633,0,17395324.3455,1391302551.32761,0.05349523266659756,2795.2035345450004,False,False,0.4578521152843509,141495.46947001794,-0.0010442386338575325,1.5090636968642417,0.01063686446937691,0.14047688871332273,1.4577389662533799e-06,0.038418302037122154,2.2204460492503126e-16,0.06697956295615899,0.03348978147807961,-31.69331424711593,5.695257822656152e-05,79352.5288790058,0.15243285939968407,0.2651960469425571,0.09758121061145382,0.12618674640062583,-0.06539537775935322,-0.6293774319066148,-0.5,-1.1984435797665367,-0.6001945525291827,-0.027936507936507926,-0.818314803978935,-0.18498731244146488
2022-01-24,1642982400,0.0001221,9.769e-05,0.0001017,17162491.78,1676.62,9.769e-05,multiply,ETH,2022-01-24 01:00:00,-0.03942969518190764,6572,64785,1,3,2,78635,0,141339.03372868,1391302551.32761,-0.03992969518190764,1676.6038219882,False,False,0.47665348423939563,135916.34623919422,-0.0019284436903536954,1.1281217311225782,-0.006240693758978847,0.1297019476381635,2.0090551346130706e-06,0.037172518038836096,0.10246888200405273,0.18216624079151061,0.14231756139778168,1.1695434977385872,5.703470377689307e-05,79265.01189212935,0.17589069526115533,0.2562975830815712,0.055748717788893246,0.09455449101504265,0.05122910521140611,-0.33070784537257736,-0.6789304591149341,-0.9846616229661103,-0.6778940822883199,-0.3287937743190661,-0.7803260569218016,-0.18498731244146488
2022-01-25,1643068800,0.000123,9.839e-05,9.769e-05,18768029.95,2308.14,0.000123,multiply,ETH,2022-01-25 01:00:00,0.25908486027228994,6573,64787,2,6,4,78639,0,375241914.960709,1391302551.32761,0.25858486027228994,2308.46768385,False,False,0.3785830599772577,171130.21381329605,-0.0005850632584361436,1.6508951371884302,0.0024829393950237524,0.1356992616340951,1.2050605530683097e-06,0.03720777714211411,0.21152157201692703,0.22584123974456333,0.2186814058807452,-69.72172585419025,5.697180086135328e-05,79349.60722251025,0.1751658597812444,0.25858486027228994,0.09048578297029874,0.1432647128098399,-0.04104821373733247,-0.5545722713864305,-0.32645034414945906,-0.8515240904621435,-1.0147492625368728,-0.5049382716049382,-1.0633889919604207,-0.18498731244146488
2022-01-26,1643155200,0.0001232,9.857e-05,0.000123,12683766.14,1250.18,9.857e-05,multiply,ETH,2022-01-26 01:00:00,-0.1986178861788619,6574,64787,0,2,1,78640,1,1500000000.0,1391302551.32761,-0.19921788617886188,1250.2388284198,False,False,0.4724126648798083,137140.69248436252,-0.0012928509604406791,1.69292119204411,0.0023338127860660484,0.13636545042298986,1.6592132901986068e-06,0.0373084460615464,0.14647594702957595,0.11065456190921173,0.12856525446939385,-5.738722125583799,5.703260383357537e-05,79397.35291531093,0.22054868208714365,0.25858486027228994,0.03759824958462825,0.09902890272352112,0.20577235772357738,-0.26317944518374436,-0.6593305353669774,-0.93776230934589,-1.4956495035315793,-0.4966641957005189,-1.1030487804878049,-0.19152106562604174
2022-01-27,1643241600,0.0001213,7.277e-05,9.857e-05,351716194.13,34128.15,9.703e-05,multiply,ETH,2022-01-27 01:00:00,-0.015623414832099058,6574,64788,1,2,1,78641,0,220000.0,1391302551.32761,-0.01602341483209906,34127.0223164339,False,False,0.4799179133065112,134998.086555318,-0.00012186778268226011,1.7963882880365716,-0.001856786026072209,0.1359345592032029,8.986103182422802e-07,0.032290447900471995,0.2314063488107838,0.0511906224309665,0.14129848562087516,-23.218394671880105,5.706692109458744e-05,76803.64995604391,0.17674376905146139,0.25858486027228994,0.3313636270673567,0.41238562692277786,-0.24784417165466177,0.023577235772357708,-0.07642276422764205,-0.4373983739837397,-0.6414634146341462,-0.17026526835286848,-1.3566026759744036,-0.19152106562604174
2022-01-28,1643328000,0.0001274,7.641e-05,9.703e-05,150724191.57,15355.96,0.0001019,multiply,ETH,2022-01-28 01:00:00,0.05019066268164485,6574,64788,0,0,0,0,0,0.0,1391302551.32761,0.04979066268164485,15358.795120982999,False,False,0.4569816990003021,141773.72998028345,-0.0001948021474585058,1.7482006744151177,0.0007500619853860264,0.13595096129930465,2.4528828962377145e-05,0.03530057642277487,0.41940347470291983,0.31744570752814616,0.368424591115533,-7.920925420421618,5.520269468546309e-05,76807.8781730459,0.1739824278285817,0.25858486027228994,0.2743670845942301,0.3382394617121295,-0.01587137998557142,-0.04291366541544095,-0.6881404078319977,-0.72770619864056,-0.9245206452267425,-0.37084592145015116,-1.380860629415543,-0.19152106562604174
2022-01-29,1643414400,0.0001302,7.809e-05,0.0001019,195771674.72,25480.66,0.0001302,multiply,ETH,2022-01-29 01:00:00,0.2777232580961726,6574,64788,0,0,0,0,0,0.0,1391302551.32761,0.2773232580961726,25489.472048543998,False,False,0.3576531115831858,181147.5921828548,-5.026114833369677e-05,1.9940489885225365,0.004660486771823926,0.1398459180065692,1.1039148247322134e-05,0.03940618581007146,0.22542038290883745,0.3392174997176709,0.2823189413132542,0.6255436874665747,5.5205733720357384e-05,76737.6926707223,0.18271472117625964,0.2773232580961726,0.31969827121688515,0.3850889758318617,0.04779195289499505,0.005565289085849634,-0.7262702257033908,-0.6469133257755335,-0.870555498299495,-0.3377403846153846,-1.2529302899444783,-0.19152106562604174
2022-01-30,1643500800,0.0001562,0.0001041,0.0001302,149525622.21,19462.55,0.0001302,multiply,ETH,2022-01-30 01:00:00,0.0,6575,64789,1,7,7,78648,0,32823731.7871383,1391302551.32761,-0.0004,19468.236011742,False,False,0.35765863194361647,181147.5921828548,-inf,2.0009408391695755,0.009331266938432309,0.1380990331419992,1.832058169103579e-05,0.04168629225669126,0.16187153220907113,0.25837066402398867,0.2101210981165299,19.658663915385997,5.515528782542488e-05,76672.73707548161,0.23354260089686096,0.2773232580961726,0.29262980941690697,0.35993734217059364,0.21735791090629797,0.001962708537782021,-0.2600588812561335,-0.8135426889106967,-1.184494602551521,-0.09731343283582072,-1.0308315166614759,-0.19152106562604174
2022-01-31,1643587200,0.0001613,0.0001076,0.0001302,10490716.45,1128.44,0.0001076,multiply,ETH,2022-01-31 01:00:00,-0.17357910906298002,6575,64789,0,0,0,0,0,0.0,1391302551.32761,-0.17387910906298001,1128.80109002,False,False,0.4327802405116994,149704.15452285085,-0.0015513112442735173,1.7294417996131664,-0.004027708118283591,0.14012834319027379,1.3992812701425008e-05,0.04419414991618777,0.31871008922832167,0.3688144784645118,0.3437622838464167,28.75043224633914,5.510860093106195e-05,76692.80404386386,0.23354260089686096,0.2773232580961726,0.037450149044099476,0.09964190307726016,0.0,0.24969278033794162,-0.2142857142857142,-0.20967741935483875,-0.41167434715821827,-0.7601246105919002,-1.242721518987342,-0.19152106562604174
2022-02-01,1643673600,0.0001674,0.0001116,0.0001076,56765734.92,6335.4,0.0001116,multiply,ETH,2022-02-01 01:00:00,0.0371747211895912,6575,64789,0,3,2,78650,0,25681067.263,1391302551.32761,0.0367747211895912,6335.056017072,False,False,0.41726840393421916,155269.36472816128,-0.0005196680625610913,1.907192035265404,0.0024878530947980214,0.13841767470417124,8.113268310640805e-07,0.04914992483746483,0.15683855701925056,0.18340622906101434,0.17012239304013244,5.825523128975547,5.512302408321035e-05,76676.15174180683,0.19300448430493272,0.2773232580961726,0.19112068947249905,0.2594628712451434,-0.21003717472118955,0.055299539170506784,0.05222734254992323,-0.18433179723502313,-0.7357910906298004,-0.2112586970271979,-1.9052132701421804,-0.19152106562604174
2022-02-02,1643760000,0.0001341,8.043e-05,0.0001116,255226655.9,34214.54,0.0001341,multiply,ETH,2022-02-02 01:00:00,0.2016129032258065,6577,64791,2,11,10,78660,0,5998966.13946,1391302551.32761,0.20121290322580648,34225.894556190004,False,False,0.3472676463901193,186573.67213303252,-4.678930270493719e-05,1.495732816148629,0.008409629977874951,0.14632176192732055,4.553327391678364e-06,0.053273711104584044,0.24333132574339306,0.035084428598754394,0.13920787717107372,8.169130933167885,5.5111055225652286e-05,76706.45925309193,0.2001793721973094,0.2773232580961726,0.34080352138209796,0.41445388743818184,0.03584229390681004,0.08392193308550189,-0.11617100371747213,-0.5055762081784387,-0.7797397769516727,-0.5259319286871962,-3.2080504364694473,-0.19152106562604174
2022-02-03,1643846400,0.0001349,8.092e-05,0.0001341,69854564.31,7536.41,0.0001079,multiply,ETH,2022-02-03 01:00:00,-0.19537658463832974,6577,64791,0,3,2,78662,0,34898260.643,1391302551.32761,-0.19567658463832974,7537.307489049,False,False,0.43159028156547735,150121.54528824912,-0.00021663258158074677,1.7348282661723997,0.0028841255783944573,0.14978264935149993,2.4599893476462713e-05,0.05669359563395408,0.37087725235213564,0.10167688341495927,0.23627706788354746,13.816476470109833,5.5132838777516085e-05,76719.25507794894,0.24053811659192825,0.2773232580961726,0.20471953097211001,0.27502234202659287,0.16778523489932884,0.13055555555555565,0.07885304659498205,-0.20878136200716835,-0.6872759856630823,-0.5761865112406326,-3.515468824369348,-0.19586472302608635
2022-02-04,1643932800,0.0001499,8.992e-05,0.0001079,35372159.73,4240.67,0.0001199,multiply,ETH,2022-02-04 01:00:00,0.11121408711770164,6578,64792,1,4,4,78666,0,823617.965,1391302551.32761,0.11071408711770164,4241.121951626999,False,False,0.3884012521421441,166817.17590418045,-0.0005178578327919888,1.7110409639529736,0.003214015556163046,0.14976644386823992,5.41744675294151e-06,0.05975851111857958,0.3708631472205677,0.10150590134256453,0.2361845242815661,15.633558605025662,5.5142035788507555e-05,76693.7630740895,0.19354260089686096,0.2773232580961726,0.15721313022388453,0.22311950727542787,-0.24281742354031532,0.24011931394481734,0.280462341536167,-0.20879940343027603,-0.4116331096196866,-0.7198443579766536,-3.2877466727856817,-0.19586472302608635
2022-02-05,1644019200,0.0001508,9.046e-05,0.0001199,24724715.36,2982.06,0.0001206,multiply,ETH,2022-02-05 01:00:00,0.005838198498749003,6579,64793,1,3,2,78668,0,1020526.973,1391302551.32761,0.005338198498749003,2981.800672416,False,False,0.3861528099732269,167791.08769010977,-0.0017249083929559966,1.4155493013136466,-0.00030251174220155514,0.15036363361874663,3.048310338811664e-06,0.054276508104102235,0.47761666387770985,0.07339524157502617,0.275505952726368,-20.342203398942267,5.512371338707509e-05,10965.19136359463,0.215067264573991,0.2773232580961726,0.1254762005642352,0.19259827220089912,0.1000834028356965,-0.20667284522706209,0.05746061167747907,-0.22706209453197412,-0.6385542168674698,-0.764949735723909,-3.5526682134570757,-0.19586472302608635
2022-02-06,1644105600,0.0001529,9.173e-05,0.0001206,34522724.46,4222.38,0.0001223,multiply,ETH,2022-02-06 01:00:00,0.014096185737976663,6579,64793,0,3,2,78670,0,47951223.84,1391302551.32761,0.013596185737976663,4222.129201457999,False,False,0.3807851911919146,170156.3020273667,-0.0010094080095320642,1.38003191525892,0.0007847551134528974,0.15022786077326206,2.1431720006340128e-06,0.05741445064143695,0.45352716833936335,0.08250959788861759,0.26801838311399045,19.402516469680215,7.881241469104916e-06,10922.856666043144,0.21632286995515693,0.2773232580961726,0.3030421366214097,0.22537865808465857,0.005804311774461057,-0.08590492076730594,0.18523769808173485,-0.38782318598832366,-0.4203502919099249,-0.5712881022615537,-4.306869369369369,-0.19586472302608635
2022-02-07,1644192000,0.0001571,9.424e-05,0.0001223,54203076.99,6810.9,0.0001257,multiply,ETH,2022-02-07 01:00:00,0.027800490596892935,6579,64793,0,0,0,0,0,0.0,1391302551.32761,0.027500490596892933,6813.326777643,False,False,0.37048551219388354,174886.73070188056,-0.0005258373373235458,1.4341293303754057,-0.004982796421293098,0.14725873776526388,3.0346592820009964e-06,0.060857680810656796,0.3015799395401815,0.10445642677859701,0.20301818315938924,30.399860475452957,7.850813365950004e-06,10856.83333876932,0.219372197309417,0.2773232580961726,0.3532736883865735,0.27048264904783376,0.013900245298446356,0.10779436152570487,-0.019900497512437942,-0.38888888888888884,-0.32504145936981765,-0.8916982290920259,-4.768996960486322,-0.19586472302608635
2022-02-08,1644278400,0.0001248,9.356e-05,0.0001257,70014573.18,8734.35,0.0001248,multiply,ETH,2022-02-08 01:00:00,-0.007159904534606132,6580,64794,1,7,8,78678,0,32163505.8791086,1391302551.32761,-0.007459904534606132,8737.818732864002,False,False,0.3731630419366926,173634.55840568573,-0.0005652736434868904,1.4387292193427983,-0.0009604001804575767,0.1446349690152373,4.897084944709963e-06,0.06306723622273232,0.17762377031272564,0.22323463946438943,0.20042920488855753,-12.310524573904907,7.803359038197335e-06,10786.007927118477,0.22547085201793718,0.2773232580961726,0.3776374523682892,0.2940948394826973,0.02704852824184567,0.08748977923139811,0.19403107113654938,-0.04987735077677846,-0.5110384300899429,-0.2804878048780488,-5.444586803331197,-0.19586472302608635
2022-02-09,1644364800,0.0001299,9.74e-05,0.0001248,61667720.01,8008.71,0.0001299,multiply,ETH,2022-02-09 01:00:00,0.0408653846153848,6584,64797,3,15,12,78690,0,17706723.3461455,1391302551.32761,0.040465384615384806,8010.636829299001,False,False,0.35852889827931833,180730.20141745656,-0.00039915327387084264,1.4421086936669285,0.0009892849386767587,0.14469209677584566,6.280315323598157e-06,0.06208136788671795,0.17328825700813952,0.3316926978958689,0.2524904774520042,-15.640625730438103,7.75245320784199e-06,10694.742089000823,0.22385650224215245,0.2773232580961726,0.3651263596897971,0.28656185676812884,-0.007211538461538325,-0.06682577565632464,0.2280827366746221,-0.2577565632458234,-0.25298329355608606,-0.5643704981231612,-5.099694189602447,-0.19586472302608635
2022-02-10,1644451200,0.000123,9.225e-05,0.0001299,408920816.94,37720.98,9.225e-05,multiply,ETH,2022-02-10 01:00:00,-0.2898383371824481,6584,64797,0,3,2,78692,0,53916946.136,1391302551.32761,-0.2903383371824481,37722.945362715,False,False,0.5048553266827475,128347.66035997203,-3.282967322733779e-05,1.5466087021945105,-0.009842768687352073,0.15311872637652935,5.7576526555313826e-06,0.06093423203797891,0.07801670116211673,0.5170589474706334,0.2975378243163751,9.025271043448456,7.686855801993372e-06,11876.838989256114,0.23300448430493273,0.2773232580961726,0.5292158873507684,0.42849156031795976,0.039260969976905424,0.13541666666666674,0.18349358974358976,0.011217948717948789,-0.23557692307692313,-0.6695867257549213,-3.5807543520309473,-0.19773219196376735
2022-02-11,1644537600,8.787e-05,5.858e-05,9.225e-05,363180051.38,21274.58,5.858e-05,multiply,ETH,2022-02-11 01:00:00,-0.3649864498644987,6583,64799,2,8,7,78699,0,15473577.285734,1391302551.32761,-0.3652864498644987,21275.0874098404,False,False,0.7950553326790647,81502.50345677139,-4.7374425793497334e-05,1.9535151220353277,-0.015295908954731626,0.16095122739295814,2.7113401989178398e-05,0.05856258673106983,0.19578788155218685,0.5526781741859608,0.3742330278690738,-17.176697986013814,8.536489046126585e-06,10800.961687441606,0.1654708520179372,0.2773232580961726,0.44859941017061844,0.3782926655329856,-0.4081300813008131,0.07698229407236346,-0.002309468822170757,0.07544264819091617,-0.24711316397228633,-0.323846908734053,-3.8975171685155843,-0.1991802171452095
2022-02-12,1644624000,8.755e-05,5.837e-05,5.858e-05,202684746.49,11830.06,5.837e-05,multiply,ETH,2022-02-12 01:00:00,-0.0035848412427449405,6585,64801,2,7,5,78704,0,13076880.3410014,1391302551.32761,-0.0038848412427449405,11830.7086526213,False,False,0.7979403613190982,81210.32992099259,-0.00047596819894779564,2.005686273817016,-0.0221330089144892,0.1550962401447831,1.5291488820702055e-05,0.06275473255810397,0.3772806261889674,0.39910362523107396,0.3881921257100207,-6.928929599455287,7.76320123695245e-06,10745.389550151594,0.10549252656221862,0.2773232580961726,0.3968523609270286,0.3247414295956011,-0.5747695459201094,-0.30731707317073176,-0.411382113821138,-0.11436314363143629,-0.462330623306233,-0.24500768049155153,-3.7270844122216467,-0.1991802171452095
2022-02-13,1644710400,8.617e-05,5.745e-05,5.837e-05,258395846.52,22266.8,8.617e-05,multiply,ETH,2022-02-13 01:00:00,0.4762720575638171,6586,64803,2,10,9,78713,0,18629630.9986064,1391302551.32761,0.47597205756381705,22265.9700946284,False,False,0.5405270557276536,119888.54084790015,-3.3313888205484345e-05,1.810523082605601,-9.543419989191744e-05,0.17658261805562117,8.503332823857895e-06,0.06348492223361425,0.35797220904040394,0.3869706088596557,0.37247140895002984,25.035094949186707,7.723258711700138e-06,10877.364560098444,0.12797632098224074,0.47597205756381705,0.46148054329798244,0.3833111519229811,-0.003597738564330877,-1.087743257084329,-0.8368043700921817,-0.6471491976783887,-1.7671560259474224,-0.016897081413210335,-4.244402985074626,-0.1991802171452095
2022-02-14,1644796800,8.793e-05,5.862e-05,8.617e-05,189444859.02,11105.71,5.862e-05,multiply,ETH,2022-02-14 01:00:00,-0.3197168388070094,6586,64804,1,4,3,78716,0,3761508.78331831,1391302551.32761,-0.32001683880700943,11105.2576357524,False,False,0.7945741238993516,81558.1555588245,-0.00010268285446900336,1.700490574533982,-0.01930474661129583,0.18009515687934843,1.6003686670006997e-05,0.0640747259402481,0.27819610099484093,0.34787781289243547,0.3130369569436382,32.79445563918976,7.81811587258216e-06,10746.4879018708,0.21683442375440362,0.47597205756381705,0.3780103891739854,0.31888292539640384,0.3226180805384704,-1.1535035120781223,-0.9119410656158986,-0.7423333904402949,-1.2682885043686825,-0.5464684014869889,-3.2637695805962608,-0.21063778628839422
2022-02-15,1644883200,9.557e-05,6.372e-05,5.862e-05,173756230.35,11071.09,6.372e-05,multiply,ETH,2022-02-15 01:00:00,0.08700102354145356,6587,64808,4,11,7,78723,0,1490428.34233395,1391302551.32761,0.08680102354145355,11071.746997902,False,False,0.7310233858551833,88653.79857059532,-0.000220546531275974,1.7646850422914135,-0.01855743306194759,0.18029857374814037,7.981914232210334e-06,0.06842231500321869,0.2790180788824348,0.3677208664170218,0.32336947264972826,10.058569760593663,7.72404815301767e-06,10679.4628335198,0.1475088072471062,0.47597205756381705,0.37452287226048675,0.3186881889367168,-0.4699761173660866,-0.44829987234536395,-0.5562260647557156,-0.13368921898572594,-0.9310664964604853,-0.5008960573476702,-3.6011351909184732,-0.21063778628839422
2022-02-16,1644969600,9.373e-05,6.249e-05,6.372e-05,82922677.14,5181.56,6.249e-05,multiply,ETH,2022-02-16 01:00:00,-0.019303201506591372,6587,64808,0,0,0,0,0,0.0,1391302551.32761,-0.019603201506591374,5181.8380944786,False,False,0.7454122283036051,86942.49643246236,-0.0007617922914001655,1.5925814728487768,-0.012055830942301905,0.17712737353903799,7.957828430154971e-06,0.07289949491277604,0.287259641719686,0.4500990207349037,0.36867933122729485,8.147392541772696,7.675873822936091e-06,10633.721797163998,0.1603422244589834,0.47597205756381705,0.2904086761133326,0.24988295462201407,0.08003766478342766,-1.2159672466734905,-0.8406687137495734,-1.0982599795291712,-1.857386557488912,0.04250559284116329,-4.805678233438486,-0.21063778628839422
2022-02-17,1645056000,8.683e-05,5.789e-05,6.249e-05,85162236.24,4929.91,5.789e-05,multiply,ETH,2022-02-17 01:00:00,-0.0736117778844616,6587,64808,0,0,0,0,0,0.0,1391302551.32761,-0.07421177788446161,4930.0418559336,False,False,0.8046434642717617,80542.50469635535,-0.0005291943388484445,1.601285820114976,-0.019482710300395417,0.17165705883366617,3.724450939541498e-06,0.07636027935911983,0.26304576540337193,0.45980209714942133,0.3614239312763966,19.35053609462554,7.642997410604244e-06,10565.855474122123,0.15724710619023655,0.47597205756381705,0.28440319425539484,0.24645193524371808,-0.019683149303888703,-0.4477401129943501,-0.8816698053986187,-0.5469240426867543,-1.0150659133709978,-0.4652455977757184,-3.275739041794087,-0.21063778628839422
2022-02-18,1645142400,8.342e-05,5.561e-05,5.789e-05,130589957.85,7262.68,5.561e-05,multiply,ETH,2022-02-18 01:00:00,-0.039385040594230536,6587,64809,1,3,3,78726,0,44592037.0038236,1391302551.32761,-0.03968504059423054,7262.1075560385,False,False,0.8376466264632325,77370.3348793284,-0.00044537611019478194,1.568178474944557,-0.011282221417777507,0.16747823503551354,3.5434721594014554e-06,0.08053082055415568,0.34632087015790025,0.42751630803987367,0.386918589098887,-5.085216536263054,7.594218427932847e-06,10457.079189984455,0.14567186713638652,0.47597205756381705,0.32538977354705234,0.2823600621031831,-0.0794610468129211,0.0625700112017924,-0.9299087854056647,-0.5527284365498477,-1.5300048007681224,-0.029190992493744794,-4.135614702154626,-0.21063778628839422
2022-02-19,1645228800,8.293e-05,5.529e-05,5.561e-05,83266840.76,4603.82,5.529e-05,multiply,ETH,2022-02-19 01:00:00,-0.005754360726487939,6587,64809,0,0,0,0,0,0.0,1391302551.32761,-0.006054360726487939,4603.8236256204,False,False,0.8424946445581544,76925.11806290357,-0.001120329044684635,1.574442154256841,-0.01136318377118176,0.16747419032256952,5.2196465456840025e-06,0.08392073587543672,0.33149729533983546,0.3800501888293273,0.35577374208458135,5.357771405602364,7.516035372756334e-06,10389.887862913143,0.15366123238463664,0.47597205756381705,0.2746746286549847,0.2410579928057431,-0.040999820176227386,-0.008291587493522101,-1.1126273967870097,-0.7602349283123162,-1.1316289514596645,0.004145936981757914,-4.789670192906036,-0.21063778628839422
2022-02-20,1645315200,7.868e-05,5.245e-05,5.529e-05,117153273.26,9217.74,7.868e-05,multiply,ETH,2022-02-20 01:00:00,0.42304214143606433,6587,64809,0,0,0,0,0,0.0,1391302551.32761,0.4227421414360643,9217.6195400968,False,False,0.5920377338284235,109467.68473845636,-9.333033067935886e-05,0.9250033461751304,0.007348010827679321,0.1851811718099993,3.3090025036088196e-06,0.08467510287307396,0.314698059349728,0.36679207251778,0.340745065933754,33.99381998168987,7.467741544065231e-06,10286.167988046423,0.15277701022381873,0.47597205756381705,0.3490259356869069,0.30463340628168833,-0.005787665038885725,-0.549541449379608,-1.2603848228735837,-1.341305520589822,-1.1596835101600433,0.159443990188062,-4.377275580665411,-0.21063778628839422
2022-02-21,1645401600,7.71e-05,5.14e-05,7.868e-05,145053952.53,11184.31,7.71e-05,multiply,ETH,2022-02-21 01:00:00,-0.020081342145399028,6587,64809,0,4,3,78729,0,49233695.897,1391302551.32761,-0.02038134214539903,11183.659740063,False,False,0.6041702840158283,107269.42670735874,-0.0003494351792984692,0.9538152485876841,0.007121108551539884,0.185169717833933,6.625172599087924e-06,0.08858339846968868,0.345588387756978,0.38133157355105074,0.36345998065401436,19.708537253066382,7.393192787744942e-06,10145.158632475173,0.2174081237911025,0.47597205756381705,0.36825146052257474,0.32254627252294704,0.2972801220132181,-0.06022788931090606,-1.257189365165491,-1.3548562126966899,-0.8592873937420873,0.2323786793953857,-4.103343465045593,-0.21063778628839422
2022-02-22,1645488000,7.916e-05,5.278e-05,7.71e-05,228882572.94,12079.55,5.278e-05,multiply,ETH,2022-02-22 01:00:00,-0.3154345006485084,6587,64809,0,0,0,0,0,0.0,1391302551.32761,-0.31573450064850844,12080.4221997732,False,False,0.882560229208419,73432.94865907126,-9.551025654492267e-05,1.0295444722963452,-0.005143950153422393,0.19103934420943833,8.03826581744662e-06,0.0895132695393236,0.34331229303804056,0.40251766603021855,0.37291497953412955,-10.197007591747422,7.2918421825608325e-06,10016.343021390318,0.21304227687206412,0.47597205756381705,0.37424279661494736,0.32925209308176095,-0.02049286640726322,0.19013726487036087,-0.6509913573970516,-0.36756481952211484,-0.22635993899339102,0.18509615384615374,-3.586164298949969,-0.22765466311705235
2022-02-23,1645574400,7.743e-05,5.162e-05,5.278e-05,488590057.92,25220.73,5.162e-05,multiply,ETH,2022-02-23 01:00:00,-0.02197802197802201,6587,64809,0,0,0,0,0,0.0,1391302551.32761,-0.02217802197802201,25221.0187898304,False,False,0.9023930433479341,71819.03769953123,-0.00015137026611693728,1.1184661253621724,-0.00544658062736631,0.19109818407244408,8.682814667626254e-06,0.09279289311145592,0.36653838957066276,0.4195141621928228,0.39302627588174277,-6.219847528875071,7.199255842543028e-06,10115.228275248528,0.14584139264990328,0.47597205756381705,0.4517796238760419,0.3982737398568244,-0.46078059871163335,0.1894941634241245,-0.19649805447470814,-0.44747081712062253,-0.31906614785992216,0.24795996920708252,-2.517325524646169,-0.22765466311705235
2022-02-24,1645660800,7.794e-05,5.196e-05,5.162e-05,92266274.52,7191.07,7.794e-05,multiply,ETH,2022-02-24 01:00:00,0.5098798915149167,6587,64809,0,0,0,0,0,0.0,1391302551.32761,0.5093798915149168,7191.2334360888,False,False,0.5976588259894836,108438.12085047393,-9.366683668660058e-05,0.9987405624275096,0.005079732773862963,0.2102455162567664,1.8127630662190603e-05,0.09336248534636016,0.3175075281685019,0.3738502674532719,0.3456788978108869,9.335812214069641,7.270329710526561e-06,9987.23167477104,0.15014543339150668,0.5093798915149168,0.30823847519964687,0.28637899542136985,-0.022471910112359605,-0.09681697612732099,-0.10989010989010994,-1.5407351269420237,-0.8508904888215232,-0.33333333333333326,-2.9950779327317476,-0.22765466311705235
2022-02-25,1645747200,8.307e-05,5.538e-05,7.794e-05,169613474.02,9393.19,5.538e-05,multiply,ETH,2022-02-25 01:00:00,-0.2894534257120862,6587,64809,0,0,0,0,0,0.0,1391302551.32761,-0.28975342571208623,9393.194191227602,False,False,0.8411254766634229,77050.33529252304,-0.0001319850146863279,0.520746780314895,0.0021540114365040898,0.21478281019370118,5.168705706193649e-06,0.09440161251848084,0.320339962144246,0.36849612616884597,0.344418044156546,-73.61942970672605,7.178332035142905e-06,9779.894494766559,0.22670157068062827,0.5093798915149168,0.3362745420507221,0.31138076533942344,0.3376956633307673,-0.07729562185199534,-0.13076327005036803,-1.0902750871755136,-1.3827973653622632,-0.6826561966541482,-2.993561168895493,-0.2646341602610504
2022-02-26,1645833600,8.341e-05,5.561e-05,5.538e-05,40387300.44,2245.79,5.561e-05,multiply,ETH,2022-02-26 01:00:00,0.004153123871433628,6587,64809,0,0,0,0,0,0.0,1391302551.32761,0.0038531238714336283,2245.9377774684,False,False,0.8376466264632325,77370.3348793284,-0.002441694753442002,0.523292738951168,0.002683174780400531,0.21475510617508486,6.751367042534651e-06,0.09533167487546822,0.324265901377522,0.4315748655217702,0.37792038344964607,-2.6451609271920944,7.029308244590206e-06,9138.314560866704,0.16108202443280978,0.5093798915149168,0.1790169063030183,0.18048074422665075,-0.40736728060671723,0.2906081601231717,-0.10559404670259176,-0.5383628432127276,-0.26469078778547606,-0.6623265376049341,-2.9140748550342646,-0.2646341602610504
2022-02-27,1645920000,7.852e-05,5.235e-05,5.561e-05,105478601.91,5521.43,5.235e-05,multiply,ETH,2022-02-27 01:00:00,-0.05862254990109694,6587,64810,1,2,1,78730,0,1722497.2370219,1391302551.32761,-0.058922549901096945,5521.8048099885,False,False,0.8898232597621477,72834.68856200039,-0.0005137153418914067,0.555876322371878,-0.0004729530868755771,0.2148326684396261,1.6142698619543817e-06,0.09560995610017277,0.19959990329231747,0.3684988225662862,0.28404936292930183,25.443458129901906,6.568172071665312e-06,9186.276977807014,0.17152991980259097,0.5093798915149168,0.28833005543738016,0.27491248635418203,0.004135946772163224,-0.4207295052365474,-0.058504875406283796,-1.1776814734561212,-0.7520765619357168,-0.18254612974353024,-3.353168044077135,-0.2646341602610504
2022-02-28,1646006400,8.76e-05,5.84e-05,5.235e-05,38222542.15,2232.08,5.84e-05,multiply,ETH,2022-02-28 01:00:00,0.11556829035339078,6588,64812,2,5,3,78733,0,934477.281733703,1391302551.32761,0.11496829035339078,2232.19646156,False,False,0.7976658416165168,81252.06899753243,-0.0009667131466402031,0.656859040904054,-0.007612093940542789,0.20927303070481784,3.968802331828888e-06,0.09742474502391922,0.24822020009446993,0.3304845057824617,0.28935235293846584,9.904925146485233,6.602645103353888e-06,8961.413378258523,0.16147439851943243,0.5093798915149168,0.1919632393434168,0.1930259612653953,-0.06227316141356254,-0.3864412875382126,-0.1458370796619315,-1.1992447401546484,-0.8324042438410357,-1.2210849539406348,-2.7843665768194072,-0.2646341602610504
2022-03-01,1646092800,8.93e-05,5.953e-05,5.84e-05,272971679.5,16250.5,5.953e-05,multiply,ETH,2022-03-01 01:00:00,0.019349315068493134,6588,64812,0,0,0,0,0,0.0,1391302551.32761,0.018249315068493133,16250.004080635,False,False,0.7825245279758876,82824.24088053263,-0.00024277521639587,,,,1.6043932783922457e-06,0.09736110138368574,0.35534669621443954,0.3858515787678093,0.3705991374911244,-32.97172085331478,6.441024182488098e-06,8876.359347636762,0.18187480535658673,0.5093798915149168,0.4182024927178103,0.3749855969716357,0.10359589041095896,-0.008213944603629342,-0.19369627507163334,-1.4011461318051577,-1.487106017191977,-1.0433145009416194,-3.5337323177366704,-0.2646341602610504
